key,start_n,end_n,from,to,pos,pairs
did:key:z6MkeU5vNqNxwtmAsf8ZyeLGG5KyUSbT94cTXomQpQXZp9Ta,2,11,09-25 21:10,09-25 21:55,0.0,9
did:key:z6MkeVqFBdRYp4zfQW4zFhNjn8Tv4BZAk7hBAJaRBNVAyhZX,2,4,09-25 21:10,09-25 21:20,,2
did:key:z6MkebRTv47uQQkTZZqZiQGuDh1BGBgBCn22pRsg5gQo5ESs,2,4,09-25 21:10,09-25 21:20,,2
did:key:z6MkecU3sA4EuD8TFDHrFU8Y2NxAxpPVuRvc1ZUUk7ycA5QM,2,4,09-25 21:10,09-25 21:20,,2
did:key:z6MkecVU3r8YxfrmsUL8N1uR2c7GhRciTuSWfLtmUETTVGnr,2,4,09-25 21:10,09-25 21:20,,2
did:key:z6MkeguBQ9qnBCAmpA6x9jMSUUXanNLYFmaxJRuh2P4Y6u84,2,3,09-25 21:10,09-25 21:15,,1
did:key:z6Mkeh62eJdw2D5wKaaT767zpg2MDUfbmojidjHeavpNqP5j,2,3,09-25 21:10,09-25 21:15,,1
did:key:z6Mkehdi84Sn9jTMDQhaRkUmr4MyFNSCeaRrFqxwNWWWSPfD,2,3,09-25 21:10,09-25 21:15,,1
did:key:z6MkeqosBi3d3Pv54rnWw2uteazTdoRgZXxJAv6Xr35wUreQ,2,3,09-25 21:10,09-25 21:15,,1
did:key:z6Mkf4dveGj6YrXL3nGR1BU52EJf8xir34sLk6J8A3Y4nX1W,2,3,09-25 21:10,09-25 21:15,,1
did:key:z6Mkf5UEYpNzyj3w8UzSPes5E5fuy1f8Re47pMvWyZXSn1fj,2,3,09-25 21:10,09-25 21:15,,1
did:key:z6Mkf9TLajvTncArV5tFGgVNVTP7TmUE2R5yWCTPZy6i5ArU,2,3,09-25 21:10,09-25 21:15,,1
did:key:z6MkfDnhSG6x2wWXuU7tMpwHcgzCLUfhGGNrxeofLoamiJc8,2,3,09-25 21:10,09-25 21:15,,1
did:key:z6MkfGRgcSgV26bXkaSBjwHXrZDcDBwePYnLcXJnXXPrq4bm,2,3,09-25 21:10,09-25 21:15,,1
did:key:z6MkfH5kJrJU6AzxWvSnezTWdnDb3bZwSMbXA2zxN7GkEATq,2,3,09-25 21:10,09-25 21:15,,1
did:key:z6MkfKkDCRo9mo5HtuE8kH2t9jpu1seVbWTkin3MjwcfLaf4,2,3,09-25 21:10,09-25 21:15,,1
did:key:z6MkfMNXAPc8XHhYQyJeCFd3YKvZMjCmYMe38p3bVVMQ14uJ,2,3,09-25 21:10,09-25 21:15,,1
did:key:z6MkfRChZ1ydrA7ezrqaQMhpvApuNn57zGpkggBisJLzj9tC,2,3,09-25 21:10,09-25 21:15,,1
did:key:z6MksG1pdiesyoNmqzkh7Dqxu89GjejSR9bo34p7qocuB2i9,3,16,09-25 21:15,09-25 22:20,-42.01,13
did:key:z6Mkedga1PWzWXgF9bCUygLCf376GwmL6HmeLZiuAGoVmMkj,3,4,09-25 21:15,09-25 21:20,,1
did:key:z6MkexYDzh2SUNdGTuoAg1JzCBDqB6paZsvSAYVtRq1EmrUz,11,14,09-25 21:55,09-25 22:13,,3
did:key:z6MkeUxVGQ4HALgrBzYuFaUKkZjybWAGtXfSPkLzdiaLwu17,4,10,09-25 21:20,09-25 21:50,,6
did:key:z6MkeV2Bjcq46XgAbgKiTLCeFWGmAuwgxj1h8y2ZY9A6vxUA,4,10,09-25 21:20,09-25 21:50,,6
did:key:z6MkeX4iqzBx9MjB3aWBZiToHuoeE1XQELGTvjUiLdzAExzk,4,7,09-25 21:20,09-25 21:35,,3
did:key:z6MkeXLysn8VptjZCTv3RbSDDFXcCGSkoJM2jQCZNMFwmJuC,4,7,09-25 21:20,09-25 21:35,,3
did:key:z6MkeXbKcLPjGX7vAzCsyhFxtCRHAkhDwB6KhLWjCYcz4NwF,4,6,09-25 21:20,09-25 21:30,,2
did:key:z6MkeY7EKzBQuxPhZsZFtKC4RMNUaFvaZNDWUKeeCfb4tSHp,4,5,09-25 21:20,09-25 21:25,,1
did:key:z6MkeYpqz9ikLJWfmvKYDbcUEP8U7xeM9kjqdT4SzHzYnGY6,4,5,09-25 21:20,09-25 21:25,,1
did:key:z6MkeZVNTKNAMQh56y6Ru5S6eezk2ySFmCDUeAktdVbXokyS,4,5,09-25 21:20,09-25 21:25,,1
did:key:z6MkeZWyioFpUwSqmge8o5gryMcqtfnStqKoPSMCVbHzRftf,4,5,09-25 21:20,09-25 21:25,,1
did:key:z6MkeTRPAgWvJYxcAZ2fVvWqfGf7aK2857fRmFW4WXV6wKoh,5,13,09-25 21:25,09-25 22:07,0.0,8
did:key:z6MkeTTwRnSaWuXLM5cBcuBiuMm9K3jo46opsse88w2NxBFT,5,13,09-25 21:25,09-25 22:07,0.0,8
did:key:z6MkeVwRx1PnPp7xdFATLLqKjR52RGULhru3o2hXPehhKnqU,5,9,09-25 21:25,09-25 21:45,,4
did:key:z6MkeWF3ZZA8uYLkBu6zD51BozV1yAxQXMcu7wxrYPET1o4n,5,8,09-25 21:25,09-25 21:40,,3
did:key:z6MkeWJTvXBk2sRZmim9gdGXwvJL7GwCmXxUpfdAbszrP3kX,5,8,09-25 21:25,09-25 21:40,,3
did:key:z6MkeWzYtgwgnhAkKp8PFpTuu8PKiraPLaHupa4DfDncL1RJ,5,8,09-25 21:25,09-25 21:40,,3
did:key:z6MkeXoVt1QgTjhMnv3Kya2YcJ3bTnrtjvRAPnTDTfHUt1VZ,5,6,09-25 21:25,09-25 21:30,,1
did:key:z6MkeTH2aKPootPLNXWXHeF68or45SkmgST4ZRWpuY6X8fD7,6,15,09-25 21:30,09-25 22:16,0.0,9
did:key:z6MkeTw3jCW3isio159wQ1YayNqwDkn3boqrYJ3zXKBWz6zb,6,12,09-25 21:30,09-25 22:00,,6
did:key:z6MkeUkdPCVwgroXB8FVXhCkDC4sgfxzApJCJBk4TqMG7DgB,6,10,09-25 21:30,09-25 21:50,,4
did:key:z6MkeUzgynVgyRW1BTQvfM1wAFXRhG65kQqPYHchVPtS7kvS,6,10,09-25 21:30,09-25 21:50,,4
did:key:z6MkeVgkqvhcjFvE3N6Autx5W9sQGyQm2XsNTa56nNb5CAyz,6,9,09-25 21:30,09-25 21:45,,3
did:key:z6MkeVhpigEdcDS5CgaoFNZa65RaECCwihcxKYT9DWNczCna,6,9,09-25 21:30,09-25 21:45,,3
did:key:z6MkeW922uWniNUWGkspbRSAJMGPF3SAnUV7RLTscv34rz6D,6,8,09-25 21:30,09-25 21:40,,2
did:key:z6MkeWEwpoMt8JAy8yJxRf55c6xgJimfQbUc5SAurnnSVqDy,6,8,09-25 21:30,09-25 21:40,,2
did:key:z6MkeWR63iKqrfvtm38xkvBjvYyrkCmdkPrKepTwU2oc3Wzi,6,8,09-25 21:30,09-25 21:40,,2
did:key:z6MkeWtQty6rFK98bVqRJXqQB92m8pNDbZPH8Z7Wx5sgxK5X,6,8,09-25 21:30,09-25 21:40,,2
did:key:z6MkeUkhYkBZa3JJHKYav6LjpWpoWRt8YMiUpnCv8YtERWdQ,7,10,09-25 21:35,09-25 21:50,,3
did:key:z6MkeUrNDR7jmMVJPseSjPxvhu6TwisLdjDy7TKf6Ny1RuJe,7,10,09-25 21:35,09-25 21:50,,3
did:key:z6MkeUTMbLL9DoJ7EzSc7yS4xaAEVoGHixtXc5mch3XkMc2B,8,10,09-25 21:40,09-25 21:50,,2
did:key:z6MkeVX2A5wHLgZLaxqn6EGEt6Xqy2mTxfAgn7k5zRibyCvY,8,10,09-25 21:40,09-25 21:50,,2
did:key:z6MkeTtPncZq8VmQ2hmYqKkAvk2xZYUziGsg4mEgFzHNUjgj,9,12,09-25 21:45,09-25 22:00,,3
did:key:z6MkeUKHzdPPbMQZZQ4Cv1Yfpi9DbP9oPXhLcQkBAmKdbbPp,9,11,09-25 21:45,09-25 21:55,,2
did:key:z6MkeUXjnz1qspg7S8Yd9K32XBkV7WQakgHS4AkAziWUXdd7,9,10,09-25 21:45,09-25 21:50,,1
did:key:z6MkeUkdBxdSUvXwpXobajrwVj8XryntHGuvrsPQrCxgk9uQ,9,10,09-25 21:45,09-25 21:50,,1
did:key:z6MkeVFriKE8uZQg5E5wC5rEKq7od6y7xDuiMX4u6Xqz7cy4,9,10,09-25 21:45,09-25 21:50,,1
did:key:z6MkeTHYuRvX7vLdb2xymuz7Y5VTZCWXWiL8sdD9Z6EkZL9B,10,15,09-25 21:50,09-25 22:16,,5
did:key:z6MkeTvf4Mynjzx69VMJxnMTdKNdYkvUz2ybgqPKCe4QwtdY,10,12,09-25 21:50,09-25 22:00,,2
did:key:z6MkeTyqo2cVd4u3jckWdGZjw8sXvRtsHvL2UZPLrQ9xFoTe,10,12,09-25 21:50,09-25 22:00,,2
did:key:z6MkeUEAgz5LXQzvbTc6LponuLEzSBGWJ6YjfYW3vqA94JDL,10,11,09-25 21:50,09-25 21:55,,1
did:key:z6Mkktbjvv5jGRa4WKxZSs7qJ7SXq1FHQnGg2WVPendvF8wS,11,14,09-25 21:55,09-25 22:13,,3
did:key:z6MkeTLg24UgPUDqr14reCwukPxTCRkfCpeucENQG5evFvxr,11,15,09-25 21:55,09-25 22:16,,4
did:key:z6MkeTQJQCqWwew3GnBLTiUMp7NXK2oeiF9vGBwco1gvXpCh,11,13,09-25 21:55,09-25 22:07,,2
did:key:z6MkeTb3nTJBi5f2j1Zk8EWD8s4JPP7g9afNEZYTgGzpz4kB,11,13,09-25 21:55,09-25 22:07,,2
did:key:z6MkeTeHeHACpLoPTt1x9zPocXMZGhFKGzfeymcnZqqiiXw2,11,13,09-25 21:55,09-25 22:07,,2
did:key:z6MkeToFBGSpazdoxj95mKnvsTGFMCsfm2eNMqADVddGSVy8,11,12,09-25 21:55,09-25 22:00,,1
did:key:z6MkeTKDoN2LC5b71BvtesRCb9nNXwTjwEoPDnMfULxZoVck,12,15,09-25 22:00,09-25 22:16,,3
did:key:z6MkeTNk9B4vRMD14R3hqdX4UFnjmPCNXXNfCeRxK5tvFjGB,12,15,09-25 22:00,09-25 22:16,,3
did:key:z6MkeTPaAj9Cjpp5FuJoTRVXbM33gV4ptG9rDNGjtXsUcfC8,12,15,09-25 22:00,09-25 22:16,,3
did:key:z6MkeTQqaJooCLD8iXreeKZ2KkPwRB7ejzWsDufR8FEEgJSP,12,13,09-25 22:00,09-25 22:07,,1
did:key:z6MkeTU2WtXufhktERECtxwCaGc3UcUKx62xut7jx3FxJe98,12,13,09-25 22:00,09-25 22:07,,1
did:key:z6MkeTZLHRVEjt5G82hkEHTk2Y7URU1MciugwiehW7PerYnz,12,13,09-25 22:00,09-25 22:07,,1
did:key:z6MkeTbR1sUJP6GY7cX7nSvXxBZkPPioDL46VYrmp6eC381f,12,13,09-25 22:00,09-25 22:07,,1
did:key:z6MkeTKoA4pTkh5uCgv1vjpt92jbo2akZSiBKHSLgLtvLmPk,13,15,09-25 22:07,09-25 22:16,,2
did:key:z6MkeTcR7He7sY6imuJguhifiNKrWceKNus5HGuajbAwymdK,19,20,09-25 22:37,09-25 22:44,,1
did:key:z6MkeTcR7He7sY6imuJguhifiNKrWceKNus5HGuajbAwymdK,22,57,09-25 22:50,09-26 01:48,-41.8,35
did:key:z6MkeTcR7He7sY6imuJguhifiNKrWceKNus5HGuajbAwymdK,59,68,09-26 01:57,09-26 02:41,-41.85,9
did:key:z6MkeTcR7He7sY6imuJguhifiNKrWceKNus5HGuajbAwymdK,72,82,09-26 03:00,09-26 03:50,-41.83,10
did:key:z6MkeTcR7He7sY6imuJguhifiNKrWceKNus5HGuajbAwymdK,84,95,09-26 04:04,09-26 04:55,-41.81,11
did:key:z6MkeTcR7He7sY6imuJguhifiNKrWceKNus5HGuajbAwymdK,97,105,09-26 05:05,09-26 05:45,,8
did:key:z6MkeTcR7He7sY6imuJguhifiNKrWceKNus5HGuajbAwymdK,107,117,09-26 05:55,09-26 06:45,,10
did:key:z6MkeTcR7He7sY6imuJguhifiNKrWceKNus5HGuajbAwymdK,120,126,09-26 07:00,09-26 07:30,,6
did:key:z6MkeTcR7He7sY6imuJguhifiNKrWceKNus5HGuajbAwymdK,128,131,09-26 07:40,09-26 07:55,,3
did:key:z6MkeTcR7He7sY6imuJguhifiNKrWceKNus5HGuajbAwymdK,135,139,09-26 08:15,09-26 08:35,,4
did:key:z6MkeTcR7He7sY6imuJguhifiNKrWceKNus5HGuajbAwymdK,142,143,09-26 08:50,09-26 08:55,,1
did:key:z6MkeTcR7He7sY6imuJguhifiNKrWceKNus5HGuajbAwymdK,151,154,09-26 09:35,09-26 09:50,,3
did:key:z6MkeTcR7He7sY6imuJguhifiNKrWceKNus5HGuajbAwymdK,162,170,09-26 10:30,09-26 11:10,-41.78,8
did:key:z6MkeTcR7He7sY6imuJguhifiNKrWceKNus5HGuajbAwymdK,172,506,09-26 11:20,09-27 15:10,-41.87,334
did:key:z6MkeTcR7He7sY6imuJguhifiNKrWceKNus5HGuajbAwymdK,508,535,09-27 15:20,09-27 17:35,-41.98,27
did:key:z6MkeTcR7He7sY6imuJguhifiNKrWceKNus5HGuajbAwymdK,540,547,09-27 18:00,09-27 18:36,,7
did:key:z6MkeTcR7He7sY6imuJguhifiNKrWceKNus5HGuajbAwymdK,549,559,09-27 18:45,09-27 19:36,-41.91,10
did:key:z6MkeTcR7He7sY6imuJguhifiNKrWceKNus5HGuajbAwymdK,561,653,09-27 19:45,09-28 03:25,-41.58,92
did:key:z6MkeTcR7He7sY6imuJguhifiNKrWceKNus5HGuajbAwymdK,655,657,09-28 03:35,09-28 03:45,,2
did:key:z6MkeTcR7He7sY6imuJguhifiNKrWceKNus5HGuajbAwymdK,659,674,09-28 03:55,09-28 05:10,-41.81,15
did:key:z6MkeTJL6vtgbWwA6VtmtN55aokjn8mUTyypK9PVQuieGM5L,14,15,09-25 22:13,09-25 22:16,,1
did:key:z6MkeTJpASGK9fwzNogADrkZHyqTwWua8FNNgfrZ2eD26E7k,14,15,09-25 22:13,09-25 22:16,,1
did:key:z6MkeTJuXvvTR8XnzfZtLzxXuETmdwEde29wHUy3eccHRpou,14,15,09-25 22:13,09-25 22:16,,1
did:key:z6MkeTKhHU7zRH6UaDve6WT8FENvuspHEEKQe52RpC1WMucL,14,15,09-25 22:13,09-25 22:16,,1
did:key:z6MkgTDg3hEz4pwiFcJCDjRvR3hZbVWwy23oGuqFbFxu7Hne,19,20,09-25 22:37,09-25 22:44,,1
did:key:z6MkgTDg3hEz4pwiFcJCDjRvR3hZbVWwy23oGuqFbFxu7Hne,22,57,09-25 22:50,09-26 01:48,-41.63,35
did:key:z6MkgTDg3hEz4pwiFcJCDjRvR3hZbVWwy23oGuqFbFxu7Hne,59,68,09-26 01:57,09-26 02:41,-41.68,9
did:key:z6MkgTDg3hEz4pwiFcJCDjRvR3hZbVWwy23oGuqFbFxu7Hne,72,82,09-26 03:00,09-26 03:50,-41.66,10
did:key:z6MkgTDg3hEz4pwiFcJCDjRvR3hZbVWwy23oGuqFbFxu7Hne,84,95,09-26 04:04,09-26 04:55,-41.64,11
did:key:z6MkgTDg3hEz4pwiFcJCDjRvR3hZbVWwy23oGuqFbFxu7Hne,97,117,09-26 05:05,09-26 06:45,-41.58,20
did:key:z6MkgTDg3hEz4pwiFcJCDjRvR3hZbVWwy23oGuqFbFxu7Hne,120,126,09-26 07:00,09-26 07:30,,6
did:key:z6MkgTDg3hEz4pwiFcJCDjRvR3hZbVWwy23oGuqFbFxu7Hne,128,139,09-26 07:40,09-26 08:35,,11
did:key:z6MkgTDg3hEz4pwiFcJCDjRvR3hZbVWwy23oGuqFbFxu7Hne,141,143,09-26 08:45,09-26 08:55,,2
did:key:z6MkgTDg3hEz4pwiFcJCDjRvR3hZbVWwy23oGuqFbFxu7Hne,151,154,09-26 09:35,09-26 09:50,,3
did:key:z6MkgTDg3hEz4pwiFcJCDjRvR3hZbVWwy23oGuqFbFxu7Hne,162,170,09-26 10:30,09-26 11:10,-41.61,8
did:key:z6MkgTDg3hEz4pwiFcJCDjRvR3hZbVWwy23oGuqFbFxu7Hne,172,535,09-26 11:20,09-27 17:35,-41.7,363
did:key:z6MkgTDg3hEz4pwiFcJCDjRvR3hZbVWwy23oGuqFbFxu7Hne,537,656,09-27 17:45,09-28 03:40,-41.85,119
did:key:z6MkgTDg3hEz4pwiFcJCDjRvR3hZbVWwy23oGuqFbFxu7Hne,657,674,09-28 03:45,09-28 05:10,-41.65,17
did:key:z6MkgTDg3hEz4pwiFcJCDjRvR3hZbVWwy23oGuqFbFxu7Hne,676,677,09-28 05:20,09-28 05:25,,1
did:key:z6MkeVj5ofGVVYiBgBL2se7GHN7TkgTPP4vPAJpYB8n5bh3G,19,20,09-25 22:37,09-25 22:44,,1
did:key:z6MkeVj5ofGVVYiBgBL2se7GHN7TkgTPP4vPAJpYB8n5bh3G,22,57,09-25 22:50,09-26 01:48,-41.8,35
did:key:z6MkeVj5ofGVVYiBgBL2se7GHN7TkgTPP4vPAJpYB8n5bh3G,59,68,09-26 01:57,09-26 02:41,-41.85,9
did:key:z6MkeVj5ofGVVYiBgBL2se7GHN7TkgTPP4vPAJpYB8n5bh3G,72,82,09-26 03:00,09-26 03:50,-41.83,10
did:key:z6MkeVj5ofGVVYiBgBL2se7GHN7TkgTPP4vPAJpYB8n5bh3G,84,95,09-26 04:04,09-26 04:55,-41.81,11
did:key:z6MkeVj5ofGVVYiBgBL2se7GHN7TkgTPP4vPAJpYB8n5bh3G,97,105,09-26 05:05,09-26 05:45,,8
did:key:z6MkeVj5ofGVVYiBgBL2se7GHN7TkgTPP4vPAJpYB8n5bh3G,107,117,09-26 05:55,09-26 06:45,,10
did:key:z6MkeVj5ofGVVYiBgBL2se7GHN7TkgTPP4vPAJpYB8n5bh3G,120,126,09-26 07:00,09-26 07:30,,6
did:key:z6MkeVj5ofGVVYiBgBL2se7GHN7TkgTPP4vPAJpYB8n5bh3G,128,131,09-26 07:40,09-26 07:55,,3
did:key:z6MkeVj5ofGVVYiBgBL2se7GHN7TkgTPP4vPAJpYB8n5bh3G,135,139,09-26 08:15,09-26 08:35,,4
did:key:z6MkeVj5ofGVVYiBgBL2se7GHN7TkgTPP4vPAJpYB8n5bh3G,142,143,09-26 08:50,09-26 08:55,,1
did:key:z6MkeVj5ofGVVYiBgBL2se7GHN7TkgTPP4vPAJpYB8n5bh3G,151,154,09-26 09:35,09-26 09:50,,3
did:key:z6MkeVj5ofGVVYiBgBL2se7GHN7TkgTPP4vPAJpYB8n5bh3G,162,170,09-26 10:30,09-26 11:10,-41.78,8
did:key:z6MkeVj5ofGVVYiBgBL2se7GHN7TkgTPP4vPAJpYB8n5bh3G,172,506,09-26 11:20,09-27 15:10,-41.87,334
did:key:z6MkeVj5ofGVVYiBgBL2se7GHN7TkgTPP4vPAJpYB8n5bh3G,508,535,09-27 15:20,09-27 17:35,-41.98,27
did:key:z6MkeVj5ofGVVYiBgBL2se7GHN7TkgTPP4vPAJpYB8n5bh3G,540,547,09-27 18:00,09-27 18:36,,7
did:key:z6MkeVj5ofGVVYiBgBL2se7GHN7TkgTPP4vPAJpYB8n5bh3G,549,559,09-27 18:45,09-27 19:36,-41.91,10
did:key:z6MkeVj5ofGVVYiBgBL2se7GHN7TkgTPP4vPAJpYB8n5bh3G,561,653,09-27 19:45,09-28 03:25,-41.58,92
did:key:z6MkeVj5ofGVVYiBgBL2se7GHN7TkgTPP4vPAJpYB8n5bh3G,655,657,09-28 03:35,09-28 03:45,,2
did:key:z6MkeVj5ofGVVYiBgBL2se7GHN7TkgTPP4vPAJpYB8n5bh3G,659,674,09-28 03:55,09-28 05:10,-41.81,15
did:key:z6Mkedxe1yacwZyNB1tyyuW71PFvU9Y8YDrFmirDrkZ5hZDY,19,20,09-25 22:37,09-25 22:44,,1
did:key:z6Mkedxe1yacwZyNB1tyyuW71PFvU9Y8YDrFmirDrkZ5hZDY,22,57,09-25 22:50,09-26 01:48,-41.8,35
did:key:z6Mkedxe1yacwZyNB1tyyuW71PFvU9Y8YDrFmirDrkZ5hZDY,59,68,09-26 01:57,09-26 02:41,-41.85,9
did:key:z6Mkedxe1yacwZyNB1tyyuW71PFvU9Y8YDrFmirDrkZ5hZDY,72,82,09-26 03:00,09-26 03:50,-41.83,10
did:key:z6Mkedxe1yacwZyNB1tyyuW71PFvU9Y8YDrFmirDrkZ5hZDY,84,95,09-26 04:04,09-26 04:55,-41.81,11
did:key:z6Mkedxe1yacwZyNB1tyyuW71PFvU9Y8YDrFmirDrkZ5hZDY,97,105,09-26 05:05,09-26 05:45,,8
did:key:z6Mkedxe1yacwZyNB1tyyuW71PFvU9Y8YDrFmirDrkZ5hZDY,107,117,09-26 05:55,09-26 06:45,,10
did:key:z6Mkedxe1yacwZyNB1tyyuW71PFvU9Y8YDrFmirDrkZ5hZDY,120,126,09-26 07:00,09-26 07:30,,6
did:key:z6Mkedxe1yacwZyNB1tyyuW71PFvU9Y8YDrFmirDrkZ5hZDY,128,131,09-26 07:40,09-26 07:55,,3
did:key:z6Mkedxe1yacwZyNB1tyyuW71PFvU9Y8YDrFmirDrkZ5hZDY,135,139,09-26 08:15,09-26 08:35,,4
did:key:z6Mkedxe1yacwZyNB1tyyuW71PFvU9Y8YDrFmirDrkZ5hZDY,142,143,09-26 08:50,09-26 08:55,,1
did:key:z6Mkedxe1yacwZyNB1tyyuW71PFvU9Y8YDrFmirDrkZ5hZDY,151,154,09-26 09:35,09-26 09:50,,3
did:key:z6Mkedxe1yacwZyNB1tyyuW71PFvU9Y8YDrFmirDrkZ5hZDY,162,170,09-26 10:30,09-26 11:10,-41.78,8
did:key:z6Mkedxe1yacwZyNB1tyyuW71PFvU9Y8YDrFmirDrkZ5hZDY,172,506,09-26 11:20,09-27 15:10,-41.87,334
did:key:z6Mkedxe1yacwZyNB1tyyuW71PFvU9Y8YDrFmirDrkZ5hZDY,508,535,09-27 15:20,09-27 17:35,-41.98,27
did:key:z6Mkedxe1yacwZyNB1tyyuW71PFvU9Y8YDrFmirDrkZ5hZDY,540,547,09-27 18:00,09-27 18:36,,7
did:key:z6Mkedxe1yacwZyNB1tyyuW71PFvU9Y8YDrFmirDrkZ5hZDY,549,559,09-27 18:45,09-27 19:36,-41.91,10
did:key:z6Mkedxe1yacwZyNB1tyyuW71PFvU9Y8YDrFmirDrkZ5hZDY,561,653,09-27 19:45,09-28 03:25,-41.58,92
did:key:z6Mkedxe1yacwZyNB1tyyuW71PFvU9Y8YDrFmirDrkZ5hZDY,655,657,09-28 03:35,09-28 03:45,,2
did:key:z6Mkedxe1yacwZyNB1tyyuW71PFvU9Y8YDrFmirDrkZ5hZDY,659,674,09-28 03:55,09-28 05:10,-41.81,15
did:key:z6MkeoSLusYXGPJCc85TrHyTkDrePyj1sGdVLZttc5nAKTsP,19,20,09-25 22:37,09-25 22:44,,1
did:key:z6MkeoSLusYXGPJCc85TrHyTkDrePyj1sGdVLZttc5nAKTsP,22,57,09-25 22:50,09-26 01:48,-41.8,35
did:key:z6MkeoSLusYXGPJCc85TrHyTkDrePyj1sGdVLZttc5nAKTsP,59,68,09-26 01:57,09-26 02:41,-41.85,9
did:key:z6MkeoSLusYXGPJCc85TrHyTkDrePyj1sGdVLZttc5nAKTsP,72,82,09-26 03:00,09-26 03:50,-41.83,10
did:key:z6MkeoSLusYXGPJCc85TrHyTkDrePyj1sGdVLZttc5nAKTsP,84,95,09-26 04:04,09-26 04:55,-41.81,11
did:key:z6MkeoSLusYXGPJCc85TrHyTkDrePyj1sGdVLZttc5nAKTsP,97,105,09-26 05:05,09-26 05:45,,8
did:key:z6MkeoSLusYXGPJCc85TrHyTkDrePyj1sGdVLZttc5nAKTsP,107,117,09-26 05:55,09-26 06:45,,10
did:key:z6MkeoSLusYXGPJCc85TrHyTkDrePyj1sGdVLZttc5nAKTsP,120,126,09-26 07:00,09-26 07:30,,6
did:key:z6MkeoSLusYXGPJCc85TrHyTkDrePyj1sGdVLZttc5nAKTsP,128,131,09-26 07:40,09-26 07:55,,3
did:key:z6MkeoSLusYXGPJCc85TrHyTkDrePyj1sGdVLZttc5nAKTsP,135,139,09-26 08:15,09-26 08:35,,4
did:key:z6MkeoSLusYXGPJCc85TrHyTkDrePyj1sGdVLZttc5nAKTsP,142,143,09-26 08:50,09-26 08:55,,1
did:key:z6MkeoSLusYXGPJCc85TrHyTkDrePyj1sGdVLZttc5nAKTsP,151,154,09-26 09:35,09-26 09:50,,3
did:key:z6MkeoSLusYXGPJCc85TrHyTkDrePyj1sGdVLZttc5nAKTsP,162,170,09-26 10:30,09-26 11:10,-41.78,8
did:key:z6MkeoSLusYXGPJCc85TrHyTkDrePyj1sGdVLZttc5nAKTsP,172,506,09-26 11:20,09-27 15:10,-41.87,334
did:key:z6MkeoSLusYXGPJCc85TrHyTkDrePyj1sGdVLZttc5nAKTsP,508,535,09-27 15:20,09-27 17:35,-41.98,27
did:key:z6MkeoSLusYXGPJCc85TrHyTkDrePyj1sGdVLZttc5nAKTsP,540,547,09-27 18:00,09-27 18:36,,7
did:key:z6MkeoSLusYXGPJCc85TrHyTkDrePyj1sGdVLZttc5nAKTsP,549,559,09-27 18:45,09-27 19:36,-41.91,10
did:key:z6MkeoSLusYXGPJCc85TrHyTkDrePyj1sGdVLZttc5nAKTsP,561,653,09-27 19:45,09-28 03:25,-41.58,92
did:key:z6MkeoSLusYXGPJCc85TrHyTkDrePyj1sGdVLZttc5nAKTsP,655,657,09-28 03:35,09-28 03:45,,2
did:key:z6MkeoSLusYXGPJCc85TrHyTkDrePyj1sGdVLZttc5nAKTsP,659,674,09-28 03:55,09-28 05:10,-41.81,15
did:key:z6Mkew4yojP49HTxtU2r2e95oGzUmkQTZSH9ZKwohXRGy6s8,19,20,09-25 22:37,09-25 22:44,,1
did:key:z6Mkew4yojP49HTxtU2r2e95oGzUmkQTZSH9ZKwohXRGy6s8,22,57,09-25 22:50,09-26 01:48,-41.8,35
did:key:z6Mkew4yojP49HTxtU2r2e95oGzUmkQTZSH9ZKwohXRGy6s8,59,68,09-26 01:57,09-26 02:41,-41.85,9
did:key:z6Mkew4yojP49HTxtU2r2e95oGzUmkQTZSH9ZKwohXRGy6s8,72,82,09-26 03:00,09-26 03:50,-41.83,10
did:key:z6Mkew4yojP49HTxtU2r2e95oGzUmkQTZSH9ZKwohXRGy6s8,84,95,09-26 04:04,09-26 04:55,-41.81,11
did:key:z6Mkew4yojP49HTxtU2r2e95oGzUmkQTZSH9ZKwohXRGy6s8,97,105,09-26 05:05,09-26 05:45,,8
did:key:z6Mkew4yojP49HTxtU2r2e95oGzUmkQTZSH9ZKwohXRGy6s8,107,117,09-26 05:55,09-26 06:45,,10
did:key:z6Mkew4yojP49HTxtU2r2e95oGzUmkQTZSH9ZKwohXRGy6s8,120,126,09-26 07:00,09-26 07:30,,6
did:key:z6Mkew4yojP49HTxtU2r2e95oGzUmkQTZSH9ZKwohXRGy6s8,128,131,09-26 07:40,09-26 07:55,,3
did:key:z6Mkew4yojP49HTxtU2r2e95oGzUmkQTZSH9ZKwohXRGy6s8,135,139,09-26 08:15,09-26 08:35,,4
did:key:z6Mkew4yojP49HTxtU2r2e95oGzUmkQTZSH9ZKwohXRGy6s8,142,143,09-26 08:50,09-26 08:55,,1
did:key:z6Mkew4yojP49HTxtU2r2e95oGzUmkQTZSH9ZKwohXRGy6s8,151,154,09-26 09:35,09-26 09:50,,3
did:key:z6Mkew4yojP49HTxtU2r2e95oGzUmkQTZSH9ZKwohXRGy6s8,162,170,09-26 10:30,09-26 11:10,-41.78,8
did:key:z6Mkew4yojP49HTxtU2r2e95oGzUmkQTZSH9ZKwohXRGy6s8,172,506,09-26 11:20,09-27 15:10,-41.87,334
did:key:z6Mkew4yojP49HTxtU2r2e95oGzUmkQTZSH9ZKwohXRGy6s8,508,535,09-27 15:20,09-27 17:35,-41.98,27
did:key:z6Mkew4yojP49HTxtU2r2e95oGzUmkQTZSH9ZKwohXRGy6s8,540,547,09-27 18:00,09-27 18:36,,7
did:key:z6Mkew4yojP49HTxtU2r2e95oGzUmkQTZSH9ZKwohXRGy6s8,549,559,09-27 18:45,09-27 19:36,-41.91,10
did:key:z6Mkew4yojP49HTxtU2r2e95oGzUmkQTZSH9ZKwohXRGy6s8,561,653,09-27 19:45,09-28 03:25,-41.58,92
did:key:z6Mkew4yojP49HTxtU2r2e95oGzUmkQTZSH9ZKwohXRGy6s8,655,657,09-28 03:35,09-28 03:45,,2
did:key:z6Mkew4yojP49HTxtU2r2e95oGzUmkQTZSH9ZKwohXRGy6s8,659,674,09-28 03:55,09-28 05:10,-41.81,15
did:key:z6Mkezgo62tneqHnXLnkcejgeT6649seLTd12ZPwehqNvMLt,19,20,09-25 22:37,09-25 22:44,,1
did:key:z6Mkezgo62tneqHnXLnkcejgeT6649seLTd12ZPwehqNvMLt,22,57,09-25 22:50,09-26 01:48,-41.8,35
did:key:z6Mkezgo62tneqHnXLnkcejgeT6649seLTd12ZPwehqNvMLt,59,68,09-26 01:57,09-26 02:41,-41.85,9
did:key:z6Mkezgo62tneqHnXLnkcejgeT6649seLTd12ZPwehqNvMLt,72,82,09-26 03:00,09-26 03:50,-41.83,10
did:key:z6Mkezgo62tneqHnXLnkcejgeT6649seLTd12ZPwehqNvMLt,84,95,09-26 04:04,09-26 04:55,-41.81,11
did:key:z6Mkezgo62tneqHnXLnkcejgeT6649seLTd12ZPwehqNvMLt,97,105,09-26 05:05,09-26 05:45,,8
did:key:z6Mkezgo62tneqHnXLnkcejgeT6649seLTd12ZPwehqNvMLt,107,117,09-26 05:55,09-26 06:45,,10
did:key:z6Mkezgo62tneqHnXLnkcejgeT6649seLTd12ZPwehqNvMLt,120,126,09-26 07:00,09-26 07:30,,6
did:key:z6Mkezgo62tneqHnXLnkcejgeT6649seLTd12ZPwehqNvMLt,128,131,09-26 07:40,09-26 07:55,,3
did:key:z6Mkezgo62tneqHnXLnkcejgeT6649seLTd12ZPwehqNvMLt,135,139,09-26 08:15,09-26 08:35,,4
did:key:z6Mkezgo62tneqHnXLnkcejgeT6649seLTd12ZPwehqNvMLt,142,143,09-26 08:50,09-26 08:55,,1
did:key:z6Mkezgo62tneqHnXLnkcejgeT6649seLTd12ZPwehqNvMLt,151,154,09-26 09:35,09-26 09:50,,3
did:key:z6Mkezgo62tneqHnXLnkcejgeT6649seLTd12ZPwehqNvMLt,162,170,09-26 10:30,09-26 11:10,-41.78,8
did:key:z6Mkezgo62tneqHnXLnkcejgeT6649seLTd12ZPwehqNvMLt,172,506,09-26 11:20,09-27 15:10,-41.87,334
did:key:z6Mkezgo62tneqHnXLnkcejgeT6649seLTd12ZPwehqNvMLt,508,535,09-27 15:20,09-27 17:35,-41.98,27
did:key:z6Mkezgo62tneqHnXLnkcejgeT6649seLTd12ZPwehqNvMLt,540,547,09-27 18:00,09-27 18:36,,7
did:key:z6Mkezgo62tneqHnXLnkcejgeT6649seLTd12ZPwehqNvMLt,549,559,09-27 18:45,09-27 19:36,-41.91,10
did:key:z6Mkezgo62tneqHnXLnkcejgeT6649seLTd12ZPwehqNvMLt,561,653,09-27 19:45,09-28 03:25,-41.58,92
did:key:z6Mkezgo62tneqHnXLnkcejgeT6649seLTd12ZPwehqNvMLt,655,657,09-28 03:35,09-28 03:45,,2
did:key:z6Mkezgo62tneqHnXLnkcejgeT6649seLTd12ZPwehqNvMLt,659,674,09-28 03:55,09-28 05:10,-41.81,15
did:key:z6MkfAgykBeKW5Cvb9pBd3bjmoH135vmk84nXv5Ggzixd8dq,19,20,09-25 22:37,09-25 22:44,,1
did:key:z6MkfAgykBeKW5Cvb9pBd3bjmoH135vmk84nXv5Ggzixd8dq,22,57,09-25 22:50,09-26 01:48,-41.8,35
did:key:z6MkfAgykBeKW5Cvb9pBd3bjmoH135vmk84nXv5Ggzixd8dq,59,68,09-26 01:57,09-26 02:41,-41.85,9
did:key:z6MkfAgykBeKW5Cvb9pBd3bjmoH135vmk84nXv5Ggzixd8dq,72,82,09-26 03:00,09-26 03:50,-41.83,10
did:key:z6MkfAgykBeKW5Cvb9pBd3bjmoH135vmk84nXv5Ggzixd8dq,84,95,09-26 04:04,09-26 04:55,-41.81,11
did:key:z6MkfAgykBeKW5Cvb9pBd3bjmoH135vmk84nXv5Ggzixd8dq,97,105,09-26 05:05,09-26 05:45,,8
did:key:z6MkfAgykBeKW5Cvb9pBd3bjmoH135vmk84nXv5Ggzixd8dq,107,117,09-26 05:55,09-26 06:45,,10
did:key:z6MkfAgykBeKW5Cvb9pBd3bjmoH135vmk84nXv5Ggzixd8dq,120,126,09-26 07:00,09-26 07:30,,6
did:key:z6MkfAgykBeKW5Cvb9pBd3bjmoH135vmk84nXv5Ggzixd8dq,128,131,09-26 07:40,09-26 07:55,,3
did:key:z6MkfAgykBeKW5Cvb9pBd3bjmoH135vmk84nXv5Ggzixd8dq,135,139,09-26 08:15,09-26 08:35,,4
did:key:z6MkfAgykBeKW5Cvb9pBd3bjmoH135vmk84nXv5Ggzixd8dq,142,143,09-26 08:50,09-26 08:55,,1
did:key:z6MkfAgykBeKW5Cvb9pBd3bjmoH135vmk84nXv5Ggzixd8dq,151,154,09-26 09:35,09-26 09:50,,3
did:key:z6MkfAgykBeKW5Cvb9pBd3bjmoH135vmk84nXv5Ggzixd8dq,162,170,09-26 10:30,09-26 11:10,-41.78,8
did:key:z6MkfAgykBeKW5Cvb9pBd3bjmoH135vmk84nXv5Ggzixd8dq,172,506,09-26 11:20,09-27 15:10,-41.87,334
did:key:z6MkfAgykBeKW5Cvb9pBd3bjmoH135vmk84nXv5Ggzixd8dq,508,535,09-27 15:20,09-27 17:35,-41.98,27
did:key:z6MkfAgykBeKW5Cvb9pBd3bjmoH135vmk84nXv5Ggzixd8dq,540,547,09-27 18:00,09-27 18:36,,7
did:key:z6MkfAgykBeKW5Cvb9pBd3bjmoH135vmk84nXv5Ggzixd8dq,549,559,09-27 18:45,09-27 19:36,-41.91,10
did:key:z6MkfAgykBeKW5Cvb9pBd3bjmoH135vmk84nXv5Ggzixd8dq,561,653,09-27 19:45,09-28 03:25,-41.58,92
did:key:z6MkfAgykBeKW5Cvb9pBd3bjmoH135vmk84nXv5Ggzixd8dq,655,657,09-28 03:35,09-28 03:45,,2
did:key:z6MkfAgykBeKW5Cvb9pBd3bjmoH135vmk84nXv5Ggzixd8dq,659,674,09-28 03:55,09-28 05:10,-41.81,15
did:key:z6MkfRHaNGkD6yTjFc6CkE4hkdzBqU44xHPXVfxep4bD4yyB,19,20,09-25 22:37,09-25 22:44,,1
did:key:z6MkfRHaNGkD6yTjFc6CkE4hkdzBqU44xHPXVfxep4bD4yyB,22,57,09-25 22:50,09-26 01:48,-41.8,35
did:key:z6MkfRHaNGkD6yTjFc6CkE4hkdzBqU44xHPXVfxep4bD4yyB,59,68,09-26 01:57,09-26 02:41,-41.85,9
did:key:z6MkfRHaNGkD6yTjFc6CkE4hkdzBqU44xHPXVfxep4bD4yyB,72,82,09-26 03:00,09-26 03:50,-41.83,10
did:key:z6MkfRHaNGkD6yTjFc6CkE4hkdzBqU44xHPXVfxep4bD4yyB,84,95,09-26 04:04,09-26 04:55,-41.81,11
did:key:z6MkfRHaNGkD6yTjFc6CkE4hkdzBqU44xHPXVfxep4bD4yyB,97,105,09-26 05:05,09-26 05:45,,8
did:key:z6MkfRHaNGkD6yTjFc6CkE4hkdzBqU44xHPXVfxep4bD4yyB,107,117,09-26 05:55,09-26 06:45,,10
did:key:z6MkfRHaNGkD6yTjFc6CkE4hkdzBqU44xHPXVfxep4bD4yyB,120,126,09-26 07:00,09-26 07:30,,6
did:key:z6MkfRHaNGkD6yTjFc6CkE4hkdzBqU44xHPXVfxep4bD4yyB,128,131,09-26 07:40,09-26 07:55,,3
did:key:z6MkfRHaNGkD6yTjFc6CkE4hkdzBqU44xHPXVfxep4bD4yyB,135,139,09-26 08:15,09-26 08:35,,4
did:key:z6MkfRHaNGkD6yTjFc6CkE4hkdzBqU44xHPXVfxep4bD4yyB,142,143,09-26 08:50,09-26 08:55,,1
did:key:z6MkfRHaNGkD6yTjFc6CkE4hkdzBqU44xHPXVfxep4bD4yyB,151,154,09-26 09:35,09-26 09:50,,3
did:key:z6MkfRHaNGkD6yTjFc6CkE4hkdzBqU44xHPXVfxep4bD4yyB,162,170,09-26 10:30,09-26 11:10,-41.78,8
did:key:z6MkfRHaNGkD6yTjFc6CkE4hkdzBqU44xHPXVfxep4bD4yyB,172,506,09-26 11:20,09-27 15:10,-41.87,334
did:key:z6MkfRHaNGkD6yTjFc6CkE4hkdzBqU44xHPXVfxep4bD4yyB,508,535,09-27 15:20,09-27 17:35,-41.98,27
did:key:z6MkfRHaNGkD6yTjFc6CkE4hkdzBqU44xHPXVfxep4bD4yyB,540,547,09-27 18:00,09-27 18:36,,7
did:key:z6MkfRHaNGkD6yTjFc6CkE4hkdzBqU44xHPXVfxep4bD4yyB,549,559,09-27 18:45,09-27 19:36,-41.91,10
did:key:z6MkfRHaNGkD6yTjFc6CkE4hkdzBqU44xHPXVfxep4bD4yyB,561,653,09-27 19:45,09-28 03:25,-41.58,92
did:key:z6MkfRHaNGkD6yTjFc6CkE4hkdzBqU44xHPXVfxep4bD4yyB,655,657,09-28 03:35,09-28 03:45,,2
did:key:z6MkfRHaNGkD6yTjFc6CkE4hkdzBqU44xHPXVfxep4bD4yyB,659,674,09-28 03:55,09-28 05:10,-41.81,15
did:key:z6MkfgeJ1W5owZUL8P9CKEQP15jRfwpKUxqz79E8YgtHaB9p,19,20,09-25 22:37,09-25 22:44,,1
did:key:z6MkfgeJ1W5owZUL8P9CKEQP15jRfwpKUxqz79E8YgtHaB9p,22,57,09-25 22:50,09-26 01:48,-41.8,35
did:key:z6MkfgeJ1W5owZUL8P9CKEQP15jRfwpKUxqz79E8YgtHaB9p,59,68,09-26 01:57,09-26 02:41,-41.85,9
did:key:z6MkfgeJ1W5owZUL8P9CKEQP15jRfwpKUxqz79E8YgtHaB9p,72,82,09-26 03:00,09-26 03:50,-41.83,10
did:key:z6MkfgeJ1W5owZUL8P9CKEQP15jRfwpKUxqz79E8YgtHaB9p,84,95,09-26 04:04,09-26 04:55,-41.81,11
did:key:z6MkfgeJ1W5owZUL8P9CKEQP15jRfwpKUxqz79E8YgtHaB9p,97,105,09-26 05:05,09-26 05:45,,8
did:key:z6MkfgeJ1W5owZUL8P9CKEQP15jRfwpKUxqz79E8YgtHaB9p,107,117,09-26 05:55,09-26 06:45,,10
did:key:z6MkfgeJ1W5owZUL8P9CKEQP15jRfwpKUxqz79E8YgtHaB9p,120,126,09-26 07:00,09-26 07:30,,6
did:key:z6MkfgeJ1W5owZUL8P9CKEQP15jRfwpKUxqz79E8YgtHaB9p,128,131,09-26 07:40,09-26 07:55,,3
did:key:z6MkfgeJ1W5owZUL8P9CKEQP15jRfwpKUxqz79E8YgtHaB9p,135,139,09-26 08:15,09-26 08:35,,4
did:key:z6MkfgeJ1W5owZUL8P9CKEQP15jRfwpKUxqz79E8YgtHaB9p,142,143,09-26 08:50,09-26 08:55,,1
did:key:z6MkfgeJ1W5owZUL8P9CKEQP15jRfwpKUxqz79E8YgtHaB9p,151,154,09-26 09:35,09-26 09:50,,3
did:key:z6MkfgeJ1W5owZUL8P9CKEQP15jRfwpKUxqz79E8YgtHaB9p,162,170,09-26 10:30,09-26 11:10,-41.78,8
did:key:z6MkfgeJ1W5owZUL8P9CKEQP15jRfwpKUxqz79E8YgtHaB9p,172,506,09-26 11:20,09-27 15:10,-41.87,334
did:key:z6MkfgeJ1W5owZUL8P9CKEQP15jRfwpKUxqz79E8YgtHaB9p,508,535,09-27 15:20,09-27 17:35,-41.98,27
did:key:z6MkfgeJ1W5owZUL8P9CKEQP15jRfwpKUxqz79E8YgtHaB9p,540,547,09-27 18:00,09-27 18:36,,7
did:key:z6MkfgeJ1W5owZUL8P9CKEQP15jRfwpKUxqz79E8YgtHaB9p,549,559,09-27 18:45,09-27 19:36,-41.91,10
did:key:z6MkfgeJ1W5owZUL8P9CKEQP15jRfwpKUxqz79E8YgtHaB9p,561,653,09-27 19:45,09-28 03:25,-41.58,92
did:key:z6MkfgeJ1W5owZUL8P9CKEQP15jRfwpKUxqz79E8YgtHaB9p,655,657,09-28 03:35,09-28 03:45,,2
did:key:z6MkfgeJ1W5owZUL8P9CKEQP15jRfwpKUxqz79E8YgtHaB9p,659,673,09-28 03:55,09-28 05:05,-41.81,14
did:key:z6Mkg7L5tA562LdL4nHZjES9aiF2kMDf6VGx3Rtz1NKwEvE9,19,20,09-25 22:37,09-25 22:44,,1
did:key:z6Mkg7L5tA562LdL4nHZjES9aiF2kMDf6VGx3Rtz1NKwEvE9,22,57,09-25 22:50,09-26 01:48,-41.8,35
did:key:z6Mkg7L5tA562LdL4nHZjES9aiF2kMDf6VGx3Rtz1NKwEvE9,59,68,09-26 01:57,09-26 02:41,-41.85,9
did:key:z6Mkg7L5tA562LdL4nHZjES9aiF2kMDf6VGx3Rtz1NKwEvE9,72,82,09-26 03:00,09-26 03:50,-41.83,10
did:key:z6Mkg7L5tA562LdL4nHZjES9aiF2kMDf6VGx3Rtz1NKwEvE9,84,95,09-26 04:04,09-26 04:55,-41.81,11
did:key:z6Mkg7L5tA562LdL4nHZjES9aiF2kMDf6VGx3Rtz1NKwEvE9,97,105,09-26 05:05,09-26 05:45,,8
did:key:z6Mkg7L5tA562LdL4nHZjES9aiF2kMDf6VGx3Rtz1NKwEvE9,107,117,09-26 05:55,09-26 06:45,,10
did:key:z6Mkg7L5tA562LdL4nHZjES9aiF2kMDf6VGx3Rtz1NKwEvE9,120,126,09-26 07:00,09-26 07:30,,6
did:key:z6Mkg7L5tA562LdL4nHZjES9aiF2kMDf6VGx3Rtz1NKwEvE9,128,131,09-26 07:40,09-26 07:55,,3
did:key:z6Mkg7L5tA562LdL4nHZjES9aiF2kMDf6VGx3Rtz1NKwEvE9,135,139,09-26 08:15,09-26 08:35,,4
did:key:z6Mkg7L5tA562LdL4nHZjES9aiF2kMDf6VGx3Rtz1NKwEvE9,142,143,09-26 08:50,09-26 08:55,,1
did:key:z6Mkg7L5tA562LdL4nHZjES9aiF2kMDf6VGx3Rtz1NKwEvE9,151,154,09-26 09:35,09-26 09:50,,3
did:key:z6Mkg7L5tA562LdL4nHZjES9aiF2kMDf6VGx3Rtz1NKwEvE9,162,170,09-26 10:30,09-26 11:10,-41.78,8
did:key:z6Mkg7L5tA562LdL4nHZjES9aiF2kMDf6VGx3Rtz1NKwEvE9,172,506,09-26 11:20,09-27 15:10,-41.87,334
did:key:z6Mkg7L5tA562LdL4nHZjES9aiF2kMDf6VGx3Rtz1NKwEvE9,508,535,09-27 15:20,09-27 17:35,-41.98,27
did:key:z6Mkg7L5tA562LdL4nHZjES9aiF2kMDf6VGx3Rtz1NKwEvE9,540,547,09-27 18:00,09-27 18:36,,7
did:key:z6Mkg7L5tA562LdL4nHZjES9aiF2kMDf6VGx3Rtz1NKwEvE9,549,559,09-27 18:45,09-27 19:36,-41.91,10
did:key:z6Mkg7L5tA562LdL4nHZjES9aiF2kMDf6VGx3Rtz1NKwEvE9,561,653,09-27 19:45,09-28 03:25,-41.58,92
did:key:z6Mkg7L5tA562LdL4nHZjES9aiF2kMDf6VGx3Rtz1NKwEvE9,655,657,09-28 03:35,09-28 03:45,,2
did:key:z6Mkg7L5tA562LdL4nHZjES9aiF2kMDf6VGx3Rtz1NKwEvE9,659,673,09-28 03:55,09-28 05:05,-41.81,14
did:key:z6MkgDAkV9H8ECr68PipsZTrKmgVeNVyzDrXhFop2JoYPiXz,19,20,09-25 22:37,09-25 22:44,,1
did:key:z6MkgDAkV9H8ECr68PipsZTrKmgVeNVyzDrXhFop2JoYPiXz,22,57,09-25 22:50,09-26 01:48,-41.8,35
did:key:z6MkgDAkV9H8ECr68PipsZTrKmgVeNVyzDrXhFop2JoYPiXz,59,68,09-26 01:57,09-26 02:41,-41.85,9
did:key:z6MkgDAkV9H8ECr68PipsZTrKmgVeNVyzDrXhFop2JoYPiXz,72,82,09-26 03:00,09-26 03:50,-41.83,10
did:key:z6MkgDAkV9H8ECr68PipsZTrKmgVeNVyzDrXhFop2JoYPiXz,84,95,09-26 04:04,09-26 04:55,-41.81,11
did:key:z6MkgDAkV9H8ECr68PipsZTrKmgVeNVyzDrXhFop2JoYPiXz,97,105,09-26 05:05,09-26 05:45,,8
did:key:z6MkgDAkV9H8ECr68PipsZTrKmgVeNVyzDrXhFop2JoYPiXz,107,117,09-26 05:55,09-26 06:45,,10
did:key:z6MkgDAkV9H8ECr68PipsZTrKmgVeNVyzDrXhFop2JoYPiXz,120,126,09-26 07:00,09-26 07:30,,6
did:key:z6MkgDAkV9H8ECr68PipsZTrKmgVeNVyzDrXhFop2JoYPiXz,128,131,09-26 07:40,09-26 07:55,,3
did:key:z6MkgDAkV9H8ECr68PipsZTrKmgVeNVyzDrXhFop2JoYPiXz,135,139,09-26 08:15,09-26 08:35,,4
did:key:z6MkgDAkV9H8ECr68PipsZTrKmgVeNVyzDrXhFop2JoYPiXz,142,143,09-26 08:50,09-26 08:55,,1
did:key:z6MkgDAkV9H8ECr68PipsZTrKmgVeNVyzDrXhFop2JoYPiXz,151,154,09-26 09:35,09-26 09:50,,3
did:key:z6MkgDAkV9H8ECr68PipsZTrKmgVeNVyzDrXhFop2JoYPiXz,162,170,09-26 10:30,09-26 11:10,-41.78,8
did:key:z6MkgDAkV9H8ECr68PipsZTrKmgVeNVyzDrXhFop2JoYPiXz,172,506,09-26 11:20,09-27 15:10,-41.87,334
did:key:z6MkgDAkV9H8ECr68PipsZTrKmgVeNVyzDrXhFop2JoYPiXz,508,535,09-27 15:20,09-27 17:35,-41.98,27
did:key:z6MkgDAkV9H8ECr68PipsZTrKmgVeNVyzDrXhFop2JoYPiXz,540,547,09-27 18:00,09-27 18:36,,7
did:key:z6MkgDAkV9H8ECr68PipsZTrKmgVeNVyzDrXhFop2JoYPiXz,549,559,09-27 18:45,09-27 19:36,-41.91,10
did:key:z6MkgDAkV9H8ECr68PipsZTrKmgVeNVyzDrXhFop2JoYPiXz,561,653,09-27 19:45,09-28 03:25,-41.58,92
did:key:z6MkgDAkV9H8ECr68PipsZTrKmgVeNVyzDrXhFop2JoYPiXz,655,657,09-28 03:35,09-28 03:45,,2
did:key:z6MkgDAkV9H8ECr68PipsZTrKmgVeNVyzDrXhFop2JoYPiXz,659,672,09-28 03:55,09-28 05:00,-41.81,13
did:key:z6MkgF6CTM88maYBeesrz3jMECCsC6mqpBG4XimQcJ5BiaYt,19,20,09-25 22:37,09-25 22:44,,1
did:key:z6MkgF6CTM88maYBeesrz3jMECCsC6mqpBG4XimQcJ5BiaYt,22,57,09-25 22:50,09-26 01:48,-41.8,35
did:key:z6MkgF6CTM88maYBeesrz3jMECCsC6mqpBG4XimQcJ5BiaYt,59,68,09-26 01:57,09-26 02:41,-41.85,9
did:key:z6MkgF6CTM88maYBeesrz3jMECCsC6mqpBG4XimQcJ5BiaYt,72,82,09-26 03:00,09-26 03:50,-41.83,10
did:key:z6MkgF6CTM88maYBeesrz3jMECCsC6mqpBG4XimQcJ5BiaYt,84,95,09-26 04:04,09-26 04:55,-41.81,11
did:key:z6MkgF6CTM88maYBeesrz3jMECCsC6mqpBG4XimQcJ5BiaYt,97,105,09-26 05:05,09-26 05:45,,8
did:key:z6MkgF6CTM88maYBeesrz3jMECCsC6mqpBG4XimQcJ5BiaYt,107,117,09-26 05:55,09-26 06:45,,10
did:key:z6MkgF6CTM88maYBeesrz3jMECCsC6mqpBG4XimQcJ5BiaYt,120,126,09-26 07:00,09-26 07:30,,6
did:key:z6MkgF6CTM88maYBeesrz3jMECCsC6mqpBG4XimQcJ5BiaYt,128,131,09-26 07:40,09-26 07:55,,3
did:key:z6MkgF6CTM88maYBeesrz3jMECCsC6mqpBG4XimQcJ5BiaYt,135,139,09-26 08:15,09-26 08:35,,4
did:key:z6MkgF6CTM88maYBeesrz3jMECCsC6mqpBG4XimQcJ5BiaYt,142,143,09-26 08:50,09-26 08:55,,1
did:key:z6MkgF6CTM88maYBeesrz3jMECCsC6mqpBG4XimQcJ5BiaYt,151,154,09-26 09:35,09-26 09:50,,3
did:key:z6MkgF6CTM88maYBeesrz3jMECCsC6mqpBG4XimQcJ5BiaYt,162,170,09-26 10:30,09-26 11:10,-41.78,8
did:key:z6MkgF6CTM88maYBeesrz3jMECCsC6mqpBG4XimQcJ5BiaYt,172,506,09-26 11:20,09-27 15:10,-41.87,334
did:key:z6MkgF6CTM88maYBeesrz3jMECCsC6mqpBG4XimQcJ5BiaYt,508,535,09-27 15:20,09-27 17:35,-41.98,27
did:key:z6MkgF6CTM88maYBeesrz3jMECCsC6mqpBG4XimQcJ5BiaYt,540,547,09-27 18:00,09-27 18:36,,7
did:key:z6MkgF6CTM88maYBeesrz3jMECCsC6mqpBG4XimQcJ5BiaYt,549,559,09-27 18:45,09-27 19:36,-41.91,10
did:key:z6MkgF6CTM88maYBeesrz3jMECCsC6mqpBG4XimQcJ5BiaYt,561,653,09-27 19:45,09-28 03:25,-41.58,92
did:key:z6MkgF6CTM88maYBeesrz3jMECCsC6mqpBG4XimQcJ5BiaYt,655,657,09-28 03:35,09-28 03:45,,2
did:key:z6MkgF6CTM88maYBeesrz3jMECCsC6mqpBG4XimQcJ5BiaYt,659,672,09-28 03:55,09-28 05:00,-41.81,13
did:key:z6MkgGHxNXYrXRHGpc7rTuYo6UJbQkoh5TWmoea5WeSA8THn,19,20,09-25 22:37,09-25 22:44,,1
did:key:z6MkgGHxNXYrXRHGpc7rTuYo6UJbQkoh5TWmoea5WeSA8THn,22,57,09-25 22:50,09-26 01:48,-41.8,35
did:key:z6MkgGHxNXYrXRHGpc7rTuYo6UJbQkoh5TWmoea5WeSA8THn,59,68,09-26 01:57,09-26 02:41,-41.85,9
did:key:z6MkgGHxNXYrXRHGpc7rTuYo6UJbQkoh5TWmoea5WeSA8THn,72,82,09-26 03:00,09-26 03:50,-41.83,10
did:key:z6MkgGHxNXYrXRHGpc7rTuYo6UJbQkoh5TWmoea5WeSA8THn,84,95,09-26 04:04,09-26 04:55,-41.81,11
did:key:z6MkgGHxNXYrXRHGpc7rTuYo6UJbQkoh5TWmoea5WeSA8THn,97,105,09-26 05:05,09-26 05:45,,8
did:key:z6MkgGHxNXYrXRHGpc7rTuYo6UJbQkoh5TWmoea5WeSA8THn,107,117,09-26 05:55,09-26 06:45,,10
did:key:z6MkgGHxNXYrXRHGpc7rTuYo6UJbQkoh5TWmoea5WeSA8THn,120,126,09-26 07:00,09-26 07:30,,6
did:key:z6MkgGHxNXYrXRHGpc7rTuYo6UJbQkoh5TWmoea5WeSA8THn,128,131,09-26 07:40,09-26 07:55,,3
did:key:z6MkgGHxNXYrXRHGpc7rTuYo6UJbQkoh5TWmoea5WeSA8THn,135,139,09-26 08:15,09-26 08:35,,4
did:key:z6MkgGHxNXYrXRHGpc7rTuYo6UJbQkoh5TWmoea5WeSA8THn,142,143,09-26 08:50,09-26 08:55,,1
did:key:z6MkgGHxNXYrXRHGpc7rTuYo6UJbQkoh5TWmoea5WeSA8THn,151,154,09-26 09:35,09-26 09:50,,3
did:key:z6MkgGHxNXYrXRHGpc7rTuYo6UJbQkoh5TWmoea5WeSA8THn,162,170,09-26 10:30,09-26 11:10,-41.78,8
did:key:z6MkgGHxNXYrXRHGpc7rTuYo6UJbQkoh5TWmoea5WeSA8THn,172,506,09-26 11:20,09-27 15:10,-41.87,334
did:key:z6MkgGHxNXYrXRHGpc7rTuYo6UJbQkoh5TWmoea5WeSA8THn,508,535,09-27 15:20,09-27 17:35,-41.98,27
did:key:z6MkgGHxNXYrXRHGpc7rTuYo6UJbQkoh5TWmoea5WeSA8THn,540,547,09-27 18:00,09-27 18:36,,7
did:key:z6MkgGHxNXYrXRHGpc7rTuYo6UJbQkoh5TWmoea5WeSA8THn,549,559,09-27 18:45,09-27 19:36,-41.91,10
did:key:z6MkgGHxNXYrXRHGpc7rTuYo6UJbQkoh5TWmoea5WeSA8THn,561,653,09-27 19:45,09-28 03:25,-41.58,92
did:key:z6MkgGHxNXYrXRHGpc7rTuYo6UJbQkoh5TWmoea5WeSA8THn,655,657,09-28 03:35,09-28 03:45,,2
did:key:z6MkgGHxNXYrXRHGpc7rTuYo6UJbQkoh5TWmoea5WeSA8THn,659,670,09-28 03:55,09-28 04:50,-41.81,11
did:key:z6MkgguZoEHtR9swFUBijm35pzsHu6VSu6ZYnCg38WRVSiE5,19,20,09-25 22:37,09-25 22:44,,1
did:key:z6MkgguZoEHtR9swFUBijm35pzsHu6VSu6ZYnCg38WRVSiE5,22,57,09-25 22:50,09-26 01:48,-41.8,35
did:key:z6MkgguZoEHtR9swFUBijm35pzsHu6VSu6ZYnCg38WRVSiE5,59,68,09-26 01:57,09-26 02:41,-41.85,9
did:key:z6MkgguZoEHtR9swFUBijm35pzsHu6VSu6ZYnCg38WRVSiE5,72,82,09-26 03:00,09-26 03:50,-41.83,10
did:key:z6MkgguZoEHtR9swFUBijm35pzsHu6VSu6ZYnCg38WRVSiE5,84,95,09-26 04:04,09-26 04:55,-41.81,11
did:key:z6MkgguZoEHtR9swFUBijm35pzsHu6VSu6ZYnCg38WRVSiE5,97,105,09-26 05:05,09-26 05:45,,8
did:key:z6MkgguZoEHtR9swFUBijm35pzsHu6VSu6ZYnCg38WRVSiE5,107,117,09-26 05:55,09-26 06:45,,10
did:key:z6MkgguZoEHtR9swFUBijm35pzsHu6VSu6ZYnCg38WRVSiE5,120,126,09-26 07:00,09-26 07:30,,6
did:key:z6MkgguZoEHtR9swFUBijm35pzsHu6VSu6ZYnCg38WRVSiE5,128,131,09-26 07:40,09-26 07:55,,3
did:key:z6MkgguZoEHtR9swFUBijm35pzsHu6VSu6ZYnCg38WRVSiE5,135,139,09-26 08:15,09-26 08:35,,4
did:key:z6MkgguZoEHtR9swFUBijm35pzsHu6VSu6ZYnCg38WRVSiE5,142,143,09-26 08:50,09-26 08:55,,1
did:key:z6MkgguZoEHtR9swFUBijm35pzsHu6VSu6ZYnCg38WRVSiE5,151,154,09-26 09:35,09-26 09:50,,3
did:key:z6MkgguZoEHtR9swFUBijm35pzsHu6VSu6ZYnCg38WRVSiE5,162,170,09-26 10:30,09-26 11:10,-41.78,8
did:key:z6MkgguZoEHtR9swFUBijm35pzsHu6VSu6ZYnCg38WRVSiE5,172,506,09-26 11:20,09-27 15:10,-41.87,334
did:key:z6MkgguZoEHtR9swFUBijm35pzsHu6VSu6ZYnCg38WRVSiE5,508,535,09-27 15:20,09-27 17:35,-41.98,27
did:key:z6MkgguZoEHtR9swFUBijm35pzsHu6VSu6ZYnCg38WRVSiE5,540,547,09-27 18:00,09-27 18:36,,7
did:key:z6MkgguZoEHtR9swFUBijm35pzsHu6VSu6ZYnCg38WRVSiE5,549,559,09-27 18:45,09-27 19:36,-41.91,10
did:key:z6MkgguZoEHtR9swFUBijm35pzsHu6VSu6ZYnCg38WRVSiE5,561,653,09-27 19:45,09-28 03:25,-41.58,92
did:key:z6MkgguZoEHtR9swFUBijm35pzsHu6VSu6ZYnCg38WRVSiE5,655,657,09-28 03:35,09-28 03:45,,2
did:key:z6MkgguZoEHtR9swFUBijm35pzsHu6VSu6ZYnCg38WRVSiE5,659,670,09-28 03:55,09-28 04:50,-41.81,11
did:key:z6MkgoNezyKCRpF5Z71dS4HYR7QJtSs58a9BQhb1trHKKYJY,19,20,09-25 22:37,09-25 22:44,,1
did:key:z6MkgoNezyKCRpF5Z71dS4HYR7QJtSs58a9BQhb1trHKKYJY,22,57,09-25 22:50,09-26 01:48,-41.8,35
did:key:z6MkgoNezyKCRpF5Z71dS4HYR7QJtSs58a9BQhb1trHKKYJY,59,68,09-26 01:57,09-26 02:41,-41.85,9
did:key:z6MkgoNezyKCRpF5Z71dS4HYR7QJtSs58a9BQhb1trHKKYJY,72,82,09-26 03:00,09-26 03:50,-41.83,10
did:key:z6MkgoNezyKCRpF5Z71dS4HYR7QJtSs58a9BQhb1trHKKYJY,84,95,09-26 04:04,09-26 04:55,-41.81,11
did:key:z6MkgoNezyKCRpF5Z71dS4HYR7QJtSs58a9BQhb1trHKKYJY,97,105,09-26 05:05,09-26 05:45,,8
did:key:z6MkgoNezyKCRpF5Z71dS4HYR7QJtSs58a9BQhb1trHKKYJY,107,117,09-26 05:55,09-26 06:45,,10
did:key:z6MkgoNezyKCRpF5Z71dS4HYR7QJtSs58a9BQhb1trHKKYJY,120,126,09-26 07:00,09-26 07:30,,6
did:key:z6MkgoNezyKCRpF5Z71dS4HYR7QJtSs58a9BQhb1trHKKYJY,128,131,09-26 07:40,09-26 07:55,,3
did:key:z6MkgoNezyKCRpF5Z71dS4HYR7QJtSs58a9BQhb1trHKKYJY,135,139,09-26 08:15,09-26 08:35,,4
did:key:z6MkgoNezyKCRpF5Z71dS4HYR7QJtSs58a9BQhb1trHKKYJY,142,143,09-26 08:50,09-26 08:55,,1
did:key:z6MkgoNezyKCRpF5Z71dS4HYR7QJtSs58a9BQhb1trHKKYJY,151,154,09-26 09:35,09-26 09:50,,3
did:key:z6MkgoNezyKCRpF5Z71dS4HYR7QJtSs58a9BQhb1trHKKYJY,162,170,09-26 10:30,09-26 11:10,-41.78,8
did:key:z6MkgoNezyKCRpF5Z71dS4HYR7QJtSs58a9BQhb1trHKKYJY,172,506,09-26 11:20,09-27 15:10,-41.87,334
did:key:z6MkgoNezyKCRpF5Z71dS4HYR7QJtSs58a9BQhb1trHKKYJY,508,535,09-27 15:20,09-27 17:35,-41.98,27
did:key:z6MkgoNezyKCRpF5Z71dS4HYR7QJtSs58a9BQhb1trHKKYJY,540,547,09-27 18:00,09-27 18:36,,7
did:key:z6MkgoNezyKCRpF5Z71dS4HYR7QJtSs58a9BQhb1trHKKYJY,549,559,09-27 18:45,09-27 19:36,-41.91,10
did:key:z6MkgoNezyKCRpF5Z71dS4HYR7QJtSs58a9BQhb1trHKKYJY,561,653,09-27 19:45,09-28 03:25,-41.58,92
did:key:z6MkgoNezyKCRpF5Z71dS4HYR7QJtSs58a9BQhb1trHKKYJY,655,657,09-28 03:35,09-28 03:45,,2
did:key:z6MkgoNezyKCRpF5Z71dS4HYR7QJtSs58a9BQhb1trHKKYJY,659,670,09-28 03:55,09-28 04:50,-41.81,11
did:key:z6Mkgp6WNy2MEtp3ZzSyHpkagTojFNcWAwtfyt8M8jZMBQck,19,20,09-25 22:37,09-25 22:44,,1
did:key:z6Mkgp6WNy2MEtp3ZzSyHpkagTojFNcWAwtfyt8M8jZMBQck,22,57,09-25 22:50,09-26 01:48,-41.8,35
did:key:z6Mkgp6WNy2MEtp3ZzSyHpkagTojFNcWAwtfyt8M8jZMBQck,59,68,09-26 01:57,09-26 02:41,-41.85,9
did:key:z6Mkgp6WNy2MEtp3ZzSyHpkagTojFNcWAwtfyt8M8jZMBQck,72,82,09-26 03:00,09-26 03:50,-41.83,10
did:key:z6Mkgp6WNy2MEtp3ZzSyHpkagTojFNcWAwtfyt8M8jZMBQck,84,95,09-26 04:04,09-26 04:55,-41.81,11
did:key:z6Mkgp6WNy2MEtp3ZzSyHpkagTojFNcWAwtfyt8M8jZMBQck,97,105,09-26 05:05,09-26 05:45,,8
did:key:z6Mkgp6WNy2MEtp3ZzSyHpkagTojFNcWAwtfyt8M8jZMBQck,107,117,09-26 05:55,09-26 06:45,,10
did:key:z6Mkgp6WNy2MEtp3ZzSyHpkagTojFNcWAwtfyt8M8jZMBQck,120,126,09-26 07:00,09-26 07:30,,6
did:key:z6Mkgp6WNy2MEtp3ZzSyHpkagTojFNcWAwtfyt8M8jZMBQck,128,131,09-26 07:40,09-26 07:55,,3
did:key:z6Mkgp6WNy2MEtp3ZzSyHpkagTojFNcWAwtfyt8M8jZMBQck,135,139,09-26 08:15,09-26 08:35,,4
did:key:z6Mkgp6WNy2MEtp3ZzSyHpkagTojFNcWAwtfyt8M8jZMBQck,142,143,09-26 08:50,09-26 08:55,,1
did:key:z6Mkgp6WNy2MEtp3ZzSyHpkagTojFNcWAwtfyt8M8jZMBQck,151,154,09-26 09:35,09-26 09:50,,3
did:key:z6Mkgp6WNy2MEtp3ZzSyHpkagTojFNcWAwtfyt8M8jZMBQck,162,170,09-26 10:30,09-26 11:10,-41.78,8
did:key:z6Mkgp6WNy2MEtp3ZzSyHpkagTojFNcWAwtfyt8M8jZMBQck,172,506,09-26 11:20,09-27 15:10,-41.87,334
did:key:z6Mkgp6WNy2MEtp3ZzSyHpkagTojFNcWAwtfyt8M8jZMBQck,508,535,09-27 15:20,09-27 17:35,-41.98,27
did:key:z6Mkgp6WNy2MEtp3ZzSyHpkagTojFNcWAwtfyt8M8jZMBQck,540,547,09-27 18:00,09-27 18:36,,7
did:key:z6Mkgp6WNy2MEtp3ZzSyHpkagTojFNcWAwtfyt8M8jZMBQck,549,559,09-27 18:45,09-27 19:36,-41.91,10
did:key:z6Mkgp6WNy2MEtp3ZzSyHpkagTojFNcWAwtfyt8M8jZMBQck,561,653,09-27 19:45,09-28 03:25,-41.58,92
did:key:z6Mkgp6WNy2MEtp3ZzSyHpkagTojFNcWAwtfyt8M8jZMBQck,655,657,09-28 03:35,09-28 03:45,,2
did:key:z6Mkgp6WNy2MEtp3ZzSyHpkagTojFNcWAwtfyt8M8jZMBQck,659,670,09-28 03:55,09-28 04:50,-41.81,11
did:key:z6MkgyCCpopSUaXjarCQCVayeLjnQLQAxwGVN4MMpqMiEXFQ,19,20,09-25 22:37,09-25 22:44,,1
did:key:z6MkgyCCpopSUaXjarCQCVayeLjnQLQAxwGVN4MMpqMiEXFQ,22,57,09-25 22:50,09-26 01:48,-41.8,35
did:key:z6MkgyCCpopSUaXjarCQCVayeLjnQLQAxwGVN4MMpqMiEXFQ,59,68,09-26 01:57,09-26 02:41,-41.85,9
did:key:z6MkgyCCpopSUaXjarCQCVayeLjnQLQAxwGVN4MMpqMiEXFQ,72,82,09-26 03:00,09-26 03:50,-41.83,10
did:key:z6MkgyCCpopSUaXjarCQCVayeLjnQLQAxwGVN4MMpqMiEXFQ,84,95,09-26 04:04,09-26 04:55,-41.81,11
did:key:z6MkgyCCpopSUaXjarCQCVayeLjnQLQAxwGVN4MMpqMiEXFQ,97,105,09-26 05:05,09-26 05:45,,8
did:key:z6MkgyCCpopSUaXjarCQCVayeLjnQLQAxwGVN4MMpqMiEXFQ,107,117,09-26 05:55,09-26 06:45,,10
did:key:z6MkgyCCpopSUaXjarCQCVayeLjnQLQAxwGVN4MMpqMiEXFQ,120,126,09-26 07:00,09-26 07:30,,6
did:key:z6MkgyCCpopSUaXjarCQCVayeLjnQLQAxwGVN4MMpqMiEXFQ,128,131,09-26 07:40,09-26 07:55,,3
did:key:z6MkgyCCpopSUaXjarCQCVayeLjnQLQAxwGVN4MMpqMiEXFQ,135,139,09-26 08:15,09-26 08:35,,4
did:key:z6MkgyCCpopSUaXjarCQCVayeLjnQLQAxwGVN4MMpqMiEXFQ,142,143,09-26 08:50,09-26 08:55,,1
did:key:z6MkgyCCpopSUaXjarCQCVayeLjnQLQAxwGVN4MMpqMiEXFQ,151,154,09-26 09:35,09-26 09:50,,3
did:key:z6MkgyCCpopSUaXjarCQCVayeLjnQLQAxwGVN4MMpqMiEXFQ,162,170,09-26 10:30,09-26 11:10,-41.78,8
did:key:z6MkgyCCpopSUaXjarCQCVayeLjnQLQAxwGVN4MMpqMiEXFQ,172,506,09-26 11:20,09-27 15:10,-41.87,334
did:key:z6MkgyCCpopSUaXjarCQCVayeLjnQLQAxwGVN4MMpqMiEXFQ,508,530,09-27 15:20,09-27 17:10,-41.98,22
did:key:z6MkgyCCpopSUaXjarCQCVayeLjnQLQAxwGVN4MMpqMiEXFQ,532,534,09-27 17:20,09-27 17:30,,2
did:key:z6MkgyCCpopSUaXjarCQCVayeLjnQLQAxwGVN4MMpqMiEXFQ,542,545,09-27 18:10,09-27 18:25,,3
did:key:z6MkgyCCpopSUaXjarCQCVayeLjnQLQAxwGVN4MMpqMiEXFQ,549,550,09-27 18:45,09-27 18:50,,1
did:key:z6MkgyCCpopSUaXjarCQCVayeLjnQLQAxwGVN4MMpqMiEXFQ,555,558,09-27 19:15,09-27 19:30,,3
did:key:z6MkgyCCpopSUaXjarCQCVayeLjnQLQAxwGVN4MMpqMiEXFQ,561,562,09-27 19:45,09-27 19:50,,1
did:key:z6MkgyCCpopSUaXjarCQCVayeLjnQLQAxwGVN4MMpqMiEXFQ,573,574,09-27 20:45,09-27 20:50,,1
did:key:z6MkgyCCpopSUaXjarCQCVayeLjnQLQAxwGVN4MMpqMiEXFQ,576,577,09-27 21:00,09-27 21:05,,1
did:key:z6MkgyCCpopSUaXjarCQCVayeLjnQLQAxwGVN4MMpqMiEXFQ,582,615,09-27 21:30,09-28 00:15,,33
did:key:z6MkgyCCpopSUaXjarCQCVayeLjnQLQAxwGVN4MMpqMiEXFQ,618,627,09-28 00:30,09-28 01:16,,9
did:key:z6MkgyCCpopSUaXjarCQCVayeLjnQLQAxwGVN4MMpqMiEXFQ,630,634,09-28 01:30,09-28 01:50,,4
did:key:z6MkgyCCpopSUaXjarCQCVayeLjnQLQAxwGVN4MMpqMiEXFQ,636,640,09-28 02:01,09-28 02:21,,4
did:key:z6MkgyCCpopSUaXjarCQCVayeLjnQLQAxwGVN4MMpqMiEXFQ,642,646,09-28 02:31,09-28 02:51,,4
did:key:z6MkgyCCpopSUaXjarCQCVayeLjnQLQAxwGVN4MMpqMiEXFQ,649,650,09-28 03:05,09-28 03:10,,1
did:key:z6MkgyCCpopSUaXjarCQCVayeLjnQLQAxwGVN4MMpqMiEXFQ,663,670,09-28 04:15,09-28 04:50,,7
did:key:z6MkhPcuhogTU98s4VqRHrvhn7HMuCzTKuML1zMZsyRGqWL7,19,20,09-25 22:37,09-25 22:44,,1
did:key:z6MkhPcuhogTU98s4VqRHrvhn7HMuCzTKuML1zMZsyRGqWL7,22,57,09-25 22:50,09-26 01:48,-41.8,35
did:key:z6MkhPcuhogTU98s4VqRHrvhn7HMuCzTKuML1zMZsyRGqWL7,59,68,09-26 01:57,09-26 02:41,-41.85,9
did:key:z6MkhPcuhogTU98s4VqRHrvhn7HMuCzTKuML1zMZsyRGqWL7,72,82,09-26 03:00,09-26 03:50,-41.83,10
did:key:z6MkhPcuhogTU98s4VqRHrvhn7HMuCzTKuML1zMZsyRGqWL7,84,95,09-26 04:04,09-26 04:55,-41.81,11
did:key:z6MkhPcuhogTU98s4VqRHrvhn7HMuCzTKuML1zMZsyRGqWL7,97,105,09-26 05:05,09-26 05:45,,8
did:key:z6MkhPcuhogTU98s4VqRHrvhn7HMuCzTKuML1zMZsyRGqWL7,107,117,09-26 05:55,09-26 06:45,,10
did:key:z6MkhPcuhogTU98s4VqRHrvhn7HMuCzTKuML1zMZsyRGqWL7,120,126,09-26 07:00,09-26 07:30,,6
did:key:z6MkhPcuhogTU98s4VqRHrvhn7HMuCzTKuML1zMZsyRGqWL7,128,131,09-26 07:40,09-26 07:55,,3
did:key:z6MkhPcuhogTU98s4VqRHrvhn7HMuCzTKuML1zMZsyRGqWL7,135,139,09-26 08:15,09-26 08:35,,4
did:key:z6MkhPcuhogTU98s4VqRHrvhn7HMuCzTKuML1zMZsyRGqWL7,142,143,09-26 08:50,09-26 08:55,,1
did:key:z6MkhPcuhogTU98s4VqRHrvhn7HMuCzTKuML1zMZsyRGqWL7,151,154,09-26 09:35,09-26 09:50,,3
did:key:z6MkhPcuhogTU98s4VqRHrvhn7HMuCzTKuML1zMZsyRGqWL7,162,170,09-26 10:30,09-26 11:10,-41.78,8
did:key:z6MkhPcuhogTU98s4VqRHrvhn7HMuCzTKuML1zMZsyRGqWL7,172,506,09-26 11:20,09-27 15:10,-41.87,334
did:key:z6MkhPcuhogTU98s4VqRHrvhn7HMuCzTKuML1zMZsyRGqWL7,508,530,09-27 15:20,09-27 17:10,-41.98,22
did:key:z6MkhPcuhogTU98s4VqRHrvhn7HMuCzTKuML1zMZsyRGqWL7,532,534,09-27 17:20,09-27 17:30,,2
did:key:z6MkhPcuhogTU98s4VqRHrvhn7HMuCzTKuML1zMZsyRGqWL7,542,545,09-27 18:10,09-27 18:25,,3
did:key:z6MkhPcuhogTU98s4VqRHrvhn7HMuCzTKuML1zMZsyRGqWL7,549,550,09-27 18:45,09-27 18:50,,1
did:key:z6MkhPcuhogTU98s4VqRHrvhn7HMuCzTKuML1zMZsyRGqWL7,555,558,09-27 19:15,09-27 19:30,,3
did:key:z6MkhPcuhogTU98s4VqRHrvhn7HMuCzTKuML1zMZsyRGqWL7,561,562,09-27 19:45,09-27 19:50,,1
did:key:z6MkhPcuhogTU98s4VqRHrvhn7HMuCzTKuML1zMZsyRGqWL7,573,574,09-27 20:45,09-27 20:50,,1
did:key:z6MkhPcuhogTU98s4VqRHrvhn7HMuCzTKuML1zMZsyRGqWL7,576,577,09-27 21:00,09-27 21:05,,1
did:key:z6MkhPcuhogTU98s4VqRHrvhn7HMuCzTKuML1zMZsyRGqWL7,582,615,09-27 21:30,09-28 00:15,,33
did:key:z6MkhPcuhogTU98s4VqRHrvhn7HMuCzTKuML1zMZsyRGqWL7,618,627,09-28 00:30,09-28 01:16,,9
did:key:z6MkhPcuhogTU98s4VqRHrvhn7HMuCzTKuML1zMZsyRGqWL7,630,634,09-28 01:30,09-28 01:50,,4
did:key:z6MkhPcuhogTU98s4VqRHrvhn7HMuCzTKuML1zMZsyRGqWL7,636,640,09-28 02:01,09-28 02:21,,4
did:key:z6MkhPcuhogTU98s4VqRHrvhn7HMuCzTKuML1zMZsyRGqWL7,642,646,09-28 02:31,09-28 02:51,,4
did:key:z6MkhPcuhogTU98s4VqRHrvhn7HMuCzTKuML1zMZsyRGqWL7,649,650,09-28 03:05,09-28 03:10,,1
did:key:z6MkhPcuhogTU98s4VqRHrvhn7HMuCzTKuML1zMZsyRGqWL7,663,670,09-28 04:15,09-28 04:50,,7
did:key:z6MkhVREfWiBKPad4zmnJPEYcTC5c1HzvmGkHeJZ43tUCyfU,19,20,09-25 22:37,09-25 22:44,,1
did:key:z6MkhVREfWiBKPad4zmnJPEYcTC5c1HzvmGkHeJZ43tUCyfU,22,57,09-25 22:50,09-26 01:48,-41.8,35
did:key:z6MkhVREfWiBKPad4zmnJPEYcTC5c1HzvmGkHeJZ43tUCyfU,59,68,09-26 01:57,09-26 02:41,-41.85,9
did:key:z6MkhVREfWiBKPad4zmnJPEYcTC5c1HzvmGkHeJZ43tUCyfU,72,82,09-26 03:00,09-26 03:50,-41.83,10
did:key:z6MkhVREfWiBKPad4zmnJPEYcTC5c1HzvmGkHeJZ43tUCyfU,84,95,09-26 04:04,09-26 04:55,-41.81,11
did:key:z6MkhVREfWiBKPad4zmnJPEYcTC5c1HzvmGkHeJZ43tUCyfU,97,105,09-26 05:05,09-26 05:45,,8
did:key:z6MkhVREfWiBKPad4zmnJPEYcTC5c1HzvmGkHeJZ43tUCyfU,107,117,09-26 05:55,09-26 06:45,,10
did:key:z6MkhVREfWiBKPad4zmnJPEYcTC5c1HzvmGkHeJZ43tUCyfU,120,126,09-26 07:00,09-26 07:30,,6
did:key:z6MkhVREfWiBKPad4zmnJPEYcTC5c1HzvmGkHeJZ43tUCyfU,128,131,09-26 07:40,09-26 07:55,,3
did:key:z6MkhVREfWiBKPad4zmnJPEYcTC5c1HzvmGkHeJZ43tUCyfU,135,139,09-26 08:15,09-26 08:35,,4
did:key:z6MkhVREfWiBKPad4zmnJPEYcTC5c1HzvmGkHeJZ43tUCyfU,151,154,09-26 09:35,09-26 09:50,,3
did:key:z6MkhVREfWiBKPad4zmnJPEYcTC5c1HzvmGkHeJZ43tUCyfU,162,170,09-26 10:30,09-26 11:10,-41.78,8
did:key:z6MkhVREfWiBKPad4zmnJPEYcTC5c1HzvmGkHeJZ43tUCyfU,172,506,09-26 11:20,09-27 15:10,-41.87,334
did:key:z6MkhVREfWiBKPad4zmnJPEYcTC5c1HzvmGkHeJZ43tUCyfU,508,530,09-27 15:20,09-27 17:10,-41.98,22
did:key:z6MkhVREfWiBKPad4zmnJPEYcTC5c1HzvmGkHeJZ43tUCyfU,532,534,09-27 17:20,09-27 17:30,,2
did:key:z6MkhVREfWiBKPad4zmnJPEYcTC5c1HzvmGkHeJZ43tUCyfU,542,545,09-27 18:10,09-27 18:25,,3
did:key:z6MkhVREfWiBKPad4zmnJPEYcTC5c1HzvmGkHeJZ43tUCyfU,549,550,09-27 18:45,09-27 18:50,,1
did:key:z6MkhVREfWiBKPad4zmnJPEYcTC5c1HzvmGkHeJZ43tUCyfU,555,558,09-27 19:15,09-27 19:30,,3
did:key:z6MkhVREfWiBKPad4zmnJPEYcTC5c1HzvmGkHeJZ43tUCyfU,561,562,09-27 19:45,09-27 19:50,,1
did:key:z6MkhVREfWiBKPad4zmnJPEYcTC5c1HzvmGkHeJZ43tUCyfU,573,574,09-27 20:45,09-27 20:50,,1
did:key:z6MkhVREfWiBKPad4zmnJPEYcTC5c1HzvmGkHeJZ43tUCyfU,576,577,09-27 21:00,09-27 21:05,,1
did:key:z6MkhVREfWiBKPad4zmnJPEYcTC5c1HzvmGkHeJZ43tUCyfU,582,615,09-27 21:30,09-28 00:15,,33
did:key:z6MkhVREfWiBKPad4zmnJPEYcTC5c1HzvmGkHeJZ43tUCyfU,618,627,09-28 00:30,09-28 01:16,,9
did:key:z6MkhVREfWiBKPad4zmnJPEYcTC5c1HzvmGkHeJZ43tUCyfU,630,633,09-28 01:30,09-28 01:46,,3
did:key:z6MkhVREfWiBKPad4zmnJPEYcTC5c1HzvmGkHeJZ43tUCyfU,638,640,09-28 02:10,09-28 02:21,,2
did:key:z6MkhVREfWiBKPad4zmnJPEYcTC5c1HzvmGkHeJZ43tUCyfU,644,645,09-28 02:40,09-28 02:45,,1
did:key:z6MkhVREfWiBKPad4zmnJPEYcTC5c1HzvmGkHeJZ43tUCyfU,663,670,09-28 04:15,09-28 04:50,,7
did:key:z6Mkhbot1qH7PE3JQHt4sbYDt6AX6Db2k34MkPmi9J9Q3Chb,19,20,09-25 22:37,09-25 22:44,,1
did:key:z6Mkhbot1qH7PE3JQHt4sbYDt6AX6Db2k34MkPmi9J9Q3Chb,22,57,09-25 22:50,09-26 01:48,-41.8,35
did:key:z6Mkhbot1qH7PE3JQHt4sbYDt6AX6Db2k34MkPmi9J9Q3Chb,59,68,09-26 01:57,09-26 02:41,-41.85,9
did:key:z6Mkhbot1qH7PE3JQHt4sbYDt6AX6Db2k34MkPmi9J9Q3Chb,72,82,09-26 03:00,09-26 03:50,-41.83,10
did:key:z6Mkhbot1qH7PE3JQHt4sbYDt6AX6Db2k34MkPmi9J9Q3Chb,84,95,09-26 04:04,09-26 04:55,-41.81,11
did:key:z6Mkhbot1qH7PE3JQHt4sbYDt6AX6Db2k34MkPmi9J9Q3Chb,97,105,09-26 05:05,09-26 05:45,,8
did:key:z6Mkhbot1qH7PE3JQHt4sbYDt6AX6Db2k34MkPmi9J9Q3Chb,107,117,09-26 05:55,09-26 06:45,,10
did:key:z6Mkhbot1qH7PE3JQHt4sbYDt6AX6Db2k34MkPmi9J9Q3Chb,120,126,09-26 07:00,09-26 07:30,,6
did:key:z6Mkhbot1qH7PE3JQHt4sbYDt6AX6Db2k34MkPmi9J9Q3Chb,128,131,09-26 07:40,09-26 07:55,,3
did:key:z6Mkhbot1qH7PE3JQHt4sbYDt6AX6Db2k34MkPmi9J9Q3Chb,135,139,09-26 08:15,09-26 08:35,,4
did:key:z6Mkhbot1qH7PE3JQHt4sbYDt6AX6Db2k34MkPmi9J9Q3Chb,151,154,09-26 09:35,09-26 09:50,,3
did:key:z6Mkhbot1qH7PE3JQHt4sbYDt6AX6Db2k34MkPmi9J9Q3Chb,162,170,09-26 10:30,09-26 11:10,-41.78,8
did:key:z6Mkhbot1qH7PE3JQHt4sbYDt6AX6Db2k34MkPmi9J9Q3Chb,172,506,09-26 11:20,09-27 15:10,-41.87,334
did:key:z6Mkhbot1qH7PE3JQHt4sbYDt6AX6Db2k34MkPmi9J9Q3Chb,508,530,09-27 15:20,09-27 17:10,-41.98,22
did:key:z6Mkhbot1qH7PE3JQHt4sbYDt6AX6Db2k34MkPmi9J9Q3Chb,532,534,09-27 17:20,09-27 17:30,,2
did:key:z6Mkhbot1qH7PE3JQHt4sbYDt6AX6Db2k34MkPmi9J9Q3Chb,542,545,09-27 18:10,09-27 18:25,,3
did:key:z6Mkhbot1qH7PE3JQHt4sbYDt6AX6Db2k34MkPmi9J9Q3Chb,549,550,09-27 18:45,09-27 18:50,,1
did:key:z6Mkhbot1qH7PE3JQHt4sbYDt6AX6Db2k34MkPmi9J9Q3Chb,555,558,09-27 19:15,09-27 19:30,,3
did:key:z6Mkhbot1qH7PE3JQHt4sbYDt6AX6Db2k34MkPmi9J9Q3Chb,561,562,09-27 19:45,09-27 19:50,,1
did:key:z6Mkhbot1qH7PE3JQHt4sbYDt6AX6Db2k34MkPmi9J9Q3Chb,573,574,09-27 20:45,09-27 20:50,,1
did:key:z6Mkhbot1qH7PE3JQHt4sbYDt6AX6Db2k34MkPmi9J9Q3Chb,576,577,09-27 21:00,09-27 21:05,,1
did:key:z6Mkhbot1qH7PE3JQHt4sbYDt6AX6Db2k34MkPmi9J9Q3Chb,582,615,09-27 21:30,09-28 00:15,,33
did:key:z6Mkhbot1qH7PE3JQHt4sbYDt6AX6Db2k34MkPmi9J9Q3Chb,618,627,09-28 00:30,09-28 01:16,,9
did:key:z6Mkhbot1qH7PE3JQHt4sbYDt6AX6Db2k34MkPmi9J9Q3Chb,630,633,09-28 01:30,09-28 01:46,,3
did:key:z6Mkhbot1qH7PE3JQHt4sbYDt6AX6Db2k34MkPmi9J9Q3Chb,638,640,09-28 02:10,09-28 02:21,,2
did:key:z6Mkhbot1qH7PE3JQHt4sbYDt6AX6Db2k34MkPmi9J9Q3Chb,644,645,09-28 02:40,09-28 02:45,,1
did:key:z6Mkhbot1qH7PE3JQHt4sbYDt6AX6Db2k34MkPmi9J9Q3Chb,663,670,09-28 04:15,09-28 04:50,,7
did:key:z6MkhjcydAB42SNUjgGWHu2cvhSn3kqiYgLVBgUBpnTu2fEj,19,20,09-25 22:37,09-25 22:44,,1
did:key:z6MkhjcydAB42SNUjgGWHu2cvhSn3kqiYgLVBgUBpnTu2fEj,22,57,09-25 22:50,09-26 01:48,-41.8,35
did:key:z6MkhjcydAB42SNUjgGWHu2cvhSn3kqiYgLVBgUBpnTu2fEj,59,68,09-26 01:57,09-26 02:41,-41.85,9
did:key:z6MkhjcydAB42SNUjgGWHu2cvhSn3kqiYgLVBgUBpnTu2fEj,72,82,09-26 03:00,09-26 03:50,-41.83,10
did:key:z6MkhjcydAB42SNUjgGWHu2cvhSn3kqiYgLVBgUBpnTu2fEj,84,95,09-26 04:04,09-26 04:55,-41.81,11
did:key:z6MkhjcydAB42SNUjgGWHu2cvhSn3kqiYgLVBgUBpnTu2fEj,97,105,09-26 05:05,09-26 05:45,,8
did:key:z6MkhjcydAB42SNUjgGWHu2cvhSn3kqiYgLVBgUBpnTu2fEj,107,117,09-26 05:55,09-26 06:45,,10
did:key:z6MkhjcydAB42SNUjgGWHu2cvhSn3kqiYgLVBgUBpnTu2fEj,121,126,09-26 07:05,09-26 07:30,,5
did:key:z6MkhjcydAB42SNUjgGWHu2cvhSn3kqiYgLVBgUBpnTu2fEj,128,131,09-26 07:40,09-26 07:55,,3
did:key:z6MkhjcydAB42SNUjgGWHu2cvhSn3kqiYgLVBgUBpnTu2fEj,136,139,09-26 08:20,09-26 08:35,,3
did:key:z6MkhjcydAB42SNUjgGWHu2cvhSn3kqiYgLVBgUBpnTu2fEj,151,154,09-26 09:35,09-26 09:50,,3
did:key:z6MkhjcydAB42SNUjgGWHu2cvhSn3kqiYgLVBgUBpnTu2fEj,162,170,09-26 10:30,09-26 11:10,-41.78,8
did:key:z6MkhjcydAB42SNUjgGWHu2cvhSn3kqiYgLVBgUBpnTu2fEj,172,506,09-26 11:20,09-27 15:10,-41.87,334
did:key:z6MkhjcydAB42SNUjgGWHu2cvhSn3kqiYgLVBgUBpnTu2fEj,508,518,09-27 15:20,09-27 16:10,-41.98,10
did:key:z6MkhjcydAB42SNUjgGWHu2cvhSn3kqiYgLVBgUBpnTu2fEj,522,524,09-27 16:30,09-27 16:40,,2
did:key:z6MkhjcydAB42SNUjgGWHu2cvhSn3kqiYgLVBgUBpnTu2fEj,526,527,09-27 16:50,09-27 16:55,,1
did:key:z6MkhjcydAB42SNUjgGWHu2cvhSn3kqiYgLVBgUBpnTu2fEj,532,534,09-27 17:20,09-27 17:30,,2
did:key:z6MkhjcydAB42SNUjgGWHu2cvhSn3kqiYgLVBgUBpnTu2fEj,555,558,09-27 19:15,09-27 19:30,,3
did:key:z6MkhjcydAB42SNUjgGWHu2cvhSn3kqiYgLVBgUBpnTu2fEj,561,562,09-27 19:45,09-27 19:50,,1
did:key:z6MkhjcydAB42SNUjgGWHu2cvhSn3kqiYgLVBgUBpnTu2fEj,582,615,09-27 21:30,09-28 00:15,,33
did:key:z6MkhjcydAB42SNUjgGWHu2cvhSn3kqiYgLVBgUBpnTu2fEj,619,621,09-28 00:35,09-28 00:46,,2
did:key:z6MkhjcydAB42SNUjgGWHu2cvhSn3kqiYgLVBgUBpnTu2fEj,631,633,09-28 01:36,09-28 01:46,,2
did:key:z6MkhkKGz5VvkFchUSpRURnXe3TAxfPAKFQa4Lm9hh2v4oXS,19,20,09-25 22:37,09-25 22:44,,1
did:key:z6MkhkKGz5VvkFchUSpRURnXe3TAxfPAKFQa4Lm9hh2v4oXS,22,57,09-25 22:50,09-26 01:48,-41.8,35
did:key:z6MkhkKGz5VvkFchUSpRURnXe3TAxfPAKFQa4Lm9hh2v4oXS,59,68,09-26 01:57,09-26 02:41,-41.85,9
did:key:z6MkhkKGz5VvkFchUSpRURnXe3TAxfPAKFQa4Lm9hh2v4oXS,72,82,09-26 03:00,09-26 03:50,-41.83,10
did:key:z6MkhkKGz5VvkFchUSpRURnXe3TAxfPAKFQa4Lm9hh2v4oXS,84,95,09-26 04:04,09-26 04:55,-41.81,11
did:key:z6MkhkKGz5VvkFchUSpRURnXe3TAxfPAKFQa4Lm9hh2v4oXS,97,105,09-26 05:05,09-26 05:45,,8
did:key:z6MkhkKGz5VvkFchUSpRURnXe3TAxfPAKFQa4Lm9hh2v4oXS,107,117,09-26 05:55,09-26 06:45,,10
did:key:z6MkhkKGz5VvkFchUSpRURnXe3TAxfPAKFQa4Lm9hh2v4oXS,121,126,09-26 07:05,09-26 07:30,,5
did:key:z6MkhkKGz5VvkFchUSpRURnXe3TAxfPAKFQa4Lm9hh2v4oXS,128,131,09-26 07:40,09-26 07:55,,3
did:key:z6MkhkKGz5VvkFchUSpRURnXe3TAxfPAKFQa4Lm9hh2v4oXS,136,139,09-26 08:20,09-26 08:35,,3
did:key:z6MkhkKGz5VvkFchUSpRURnXe3TAxfPAKFQa4Lm9hh2v4oXS,151,154,09-26 09:35,09-26 09:50,,3
did:key:z6MkhkKGz5VvkFchUSpRURnXe3TAxfPAKFQa4Lm9hh2v4oXS,162,170,09-26 10:30,09-26 11:10,-41.78,8
did:key:z6MkhkKGz5VvkFchUSpRURnXe3TAxfPAKFQa4Lm9hh2v4oXS,172,506,09-26 11:20,09-27 15:10,-41.87,334
did:key:z6MkhkKGz5VvkFchUSpRURnXe3TAxfPAKFQa4Lm9hh2v4oXS,508,518,09-27 15:20,09-27 16:10,-41.98,10
did:key:z6MkhkKGz5VvkFchUSpRURnXe3TAxfPAKFQa4Lm9hh2v4oXS,522,524,09-27 16:30,09-27 16:40,,2
did:key:z6MkhkKGz5VvkFchUSpRURnXe3TAxfPAKFQa4Lm9hh2v4oXS,526,527,09-27 16:50,09-27 16:55,,1
did:key:z6MkhkKGz5VvkFchUSpRURnXe3TAxfPAKFQa4Lm9hh2v4oXS,532,534,09-27 17:20,09-27 17:30,,2
did:key:z6MkhkKGz5VvkFchUSpRURnXe3TAxfPAKFQa4Lm9hh2v4oXS,555,558,09-27 19:15,09-27 19:30,,3
did:key:z6MkhkKGz5VvkFchUSpRURnXe3TAxfPAKFQa4Lm9hh2v4oXS,561,562,09-27 19:45,09-27 19:50,,1
did:key:z6MkhkKGz5VvkFchUSpRURnXe3TAxfPAKFQa4Lm9hh2v4oXS,582,615,09-27 21:30,09-28 00:15,,33
did:key:z6MkhkKGz5VvkFchUSpRURnXe3TAxfPAKFQa4Lm9hh2v4oXS,619,621,09-28 00:35,09-28 00:46,,2
did:key:z6MkhkKGz5VvkFchUSpRURnXe3TAxfPAKFQa4Lm9hh2v4oXS,631,633,09-28 01:36,09-28 01:46,,2
did:key:z6Mkhn51ebeDjWr3uT96cWBQTDAL2e9YVMNEdEu8L6BcAzcj,19,20,09-25 22:37,09-25 22:44,,1
did:key:z6Mkhn51ebeDjWr3uT96cWBQTDAL2e9YVMNEdEu8L6BcAzcj,22,57,09-25 22:50,09-26 01:48,-41.8,35
did:key:z6Mkhn51ebeDjWr3uT96cWBQTDAL2e9YVMNEdEu8L6BcAzcj,59,68,09-26 01:57,09-26 02:41,-41.85,9
did:key:z6Mkhn51ebeDjWr3uT96cWBQTDAL2e9YVMNEdEu8L6BcAzcj,72,82,09-26 03:00,09-26 03:50,-41.83,10
did:key:z6Mkhn51ebeDjWr3uT96cWBQTDAL2e9YVMNEdEu8L6BcAzcj,84,95,09-26 04:04,09-26 04:55,-41.81,11
did:key:z6Mkhn51ebeDjWr3uT96cWBQTDAL2e9YVMNEdEu8L6BcAzcj,97,105,09-26 05:05,09-26 05:45,,8
did:key:z6Mkhn51ebeDjWr3uT96cWBQTDAL2e9YVMNEdEu8L6BcAzcj,107,117,09-26 05:55,09-26 06:45,,10
did:key:z6Mkhn51ebeDjWr3uT96cWBQTDAL2e9YVMNEdEu8L6BcAzcj,121,126,09-26 07:05,09-26 07:30,,5
did:key:z6Mkhn51ebeDjWr3uT96cWBQTDAL2e9YVMNEdEu8L6BcAzcj,130,131,09-26 07:50,09-26 07:55,,1
did:key:z6Mkhn51ebeDjWr3uT96cWBQTDAL2e9YVMNEdEu8L6BcAzcj,136,139,09-26 08:20,09-26 08:35,,3
did:key:z6Mkhn51ebeDjWr3uT96cWBQTDAL2e9YVMNEdEu8L6BcAzcj,151,154,09-26 09:35,09-26 09:50,,3
did:key:z6Mkhn51ebeDjWr3uT96cWBQTDAL2e9YVMNEdEu8L6BcAzcj,162,170,09-26 10:30,09-26 11:10,-41.78,8
did:key:z6Mkhn51ebeDjWr3uT96cWBQTDAL2e9YVMNEdEu8L6BcAzcj,172,506,09-26 11:20,09-27 15:10,-41.87,334
did:key:z6Mkhn51ebeDjWr3uT96cWBQTDAL2e9YVMNEdEu8L6BcAzcj,508,518,09-27 15:20,09-27 16:10,-41.98,10
did:key:z6Mkhn51ebeDjWr3uT96cWBQTDAL2e9YVMNEdEu8L6BcAzcj,522,524,09-27 16:30,09-27 16:40,,2
did:key:z6Mkhn51ebeDjWr3uT96cWBQTDAL2e9YVMNEdEu8L6BcAzcj,526,527,09-27 16:50,09-27 16:55,,1
did:key:z6Mkhn51ebeDjWr3uT96cWBQTDAL2e9YVMNEdEu8L6BcAzcj,532,534,09-27 17:20,09-27 17:30,,2
did:key:z6Mkhn51ebeDjWr3uT96cWBQTDAL2e9YVMNEdEu8L6BcAzcj,555,558,09-27 19:15,09-27 19:30,,3
did:key:z6Mkhn51ebeDjWr3uT96cWBQTDAL2e9YVMNEdEu8L6BcAzcj,561,562,09-27 19:45,09-27 19:50,,1
did:key:z6Mkhn51ebeDjWr3uT96cWBQTDAL2e9YVMNEdEu8L6BcAzcj,582,615,09-27 21:30,09-28 00:15,,33
did:key:z6Mkhn51ebeDjWr3uT96cWBQTDAL2e9YVMNEdEu8L6BcAzcj,619,621,09-28 00:35,09-28 00:46,,2
did:key:z6Mkhn51ebeDjWr3uT96cWBQTDAL2e9YVMNEdEu8L6BcAzcj,631,633,09-28 01:36,09-28 01:46,,2
did:key:z6MkhtLNH1boKRN7hwjjnuwiJ7PCUQQThiDiY4VHcg58pkK3,19,20,09-25 22:37,09-25 22:44,,1
did:key:z6MkhtLNH1boKRN7hwjjnuwiJ7PCUQQThiDiY4VHcg58pkK3,22,57,09-25 22:50,09-26 01:48,-41.8,35
did:key:z6MkhtLNH1boKRN7hwjjnuwiJ7PCUQQThiDiY4VHcg58pkK3,59,68,09-26 01:57,09-26 02:41,-41.85,9
did:key:z6MkhtLNH1boKRN7hwjjnuwiJ7PCUQQThiDiY4VHcg58pkK3,72,82,09-26 03:00,09-26 03:50,-41.83,10
did:key:z6MkhtLNH1boKRN7hwjjnuwiJ7PCUQQThiDiY4VHcg58pkK3,84,95,09-26 04:04,09-26 04:55,-41.81,11
did:key:z6MkhtLNH1boKRN7hwjjnuwiJ7PCUQQThiDiY4VHcg58pkK3,97,105,09-26 05:05,09-26 05:45,,8
did:key:z6MkhtLNH1boKRN7hwjjnuwiJ7PCUQQThiDiY4VHcg58pkK3,107,117,09-26 05:55,09-26 06:45,,10
did:key:z6MkhtLNH1boKRN7hwjjnuwiJ7PCUQQThiDiY4VHcg58pkK3,121,126,09-26 07:05,09-26 07:30,,5
did:key:z6MkhtLNH1boKRN7hwjjnuwiJ7PCUQQThiDiY4VHcg58pkK3,130,131,09-26 07:50,09-26 07:55,,1
did:key:z6MkhtLNH1boKRN7hwjjnuwiJ7PCUQQThiDiY4VHcg58pkK3,136,139,09-26 08:20,09-26 08:35,,3
did:key:z6MkhtLNH1boKRN7hwjjnuwiJ7PCUQQThiDiY4VHcg58pkK3,151,154,09-26 09:35,09-26 09:50,,3
did:key:z6MkhtLNH1boKRN7hwjjnuwiJ7PCUQQThiDiY4VHcg58pkK3,162,170,09-26 10:30,09-26 11:10,-41.78,8
did:key:z6MkhtLNH1boKRN7hwjjnuwiJ7PCUQQThiDiY4VHcg58pkK3,172,506,09-26 11:20,09-27 15:10,-41.87,334
did:key:z6MkhtLNH1boKRN7hwjjnuwiJ7PCUQQThiDiY4VHcg58pkK3,508,518,09-27 15:20,09-27 16:10,-41.98,10
did:key:z6MkhtLNH1boKRN7hwjjnuwiJ7PCUQQThiDiY4VHcg58pkK3,522,524,09-27 16:30,09-27 16:40,,2
did:key:z6MkhtLNH1boKRN7hwjjnuwiJ7PCUQQThiDiY4VHcg58pkK3,526,527,09-27 16:50,09-27 16:55,,1
did:key:z6MkhtLNH1boKRN7hwjjnuwiJ7PCUQQThiDiY4VHcg58pkK3,532,534,09-27 17:20,09-27 17:30,,2
did:key:z6MkhtLNH1boKRN7hwjjnuwiJ7PCUQQThiDiY4VHcg58pkK3,555,558,09-27 19:15,09-27 19:30,,3
did:key:z6MkhtLNH1boKRN7hwjjnuwiJ7PCUQQThiDiY4VHcg58pkK3,561,562,09-27 19:45,09-27 19:50,,1
did:key:z6MkhtLNH1boKRN7hwjjnuwiJ7PCUQQThiDiY4VHcg58pkK3,582,615,09-27 21:30,09-28 00:15,,33
did:key:z6MkhtLNH1boKRN7hwjjnuwiJ7PCUQQThiDiY4VHcg58pkK3,619,621,09-28 00:35,09-28 00:46,,2
did:key:z6MkhtLNH1boKRN7hwjjnuwiJ7PCUQQThiDiY4VHcg58pkK3,631,633,09-28 01:36,09-28 01:46,,2
did:key:z6MkjYAEfUkY1LTw753qR9vvY4quVXRCxSknsUAE6gf8wnp1,118,120,09-26 06:50,09-26 07:00,44.66,2
did:key:z6MkjYAEfUkY1LTw753qR9vvY4quVXRCxSknsUAE6gf8wnp1,132,135,09-26 08:00,09-26 08:15,,3
did:key:z6MkjYAEfUkY1LTw753qR9vvY4quVXRCxSknsUAE6gf8wnp1,140,141,09-26 08:40,09-26 08:45,,1
did:key:z6MkjYAEfUkY1LTw753qR9vvY4quVXRCxSknsUAE6gf8wnp1,143,146,09-26 08:55,09-26 09:10,,3
did:key:z6MkjYAEfUkY1LTw753qR9vvY4quVXRCxSknsUAE6gf8wnp1,155,157,09-26 09:55,09-26 10:05,,2
did:key:z6MksDgGLB24MxvrqrNZv8DWdNYmzCKQhKzzeuBmwxYTAyRm,118,120,09-26 06:50,09-26 07:00,,2
did:key:z6MksDgGLB24MxvrqrNZv8DWdNYmzCKQhKzzeuBmwxYTAyRm,132,135,09-26 08:00,09-26 08:15,,3
did:key:z6MksDgGLB24MxvrqrNZv8DWdNYmzCKQhKzzeuBmwxYTAyRm,140,141,09-26 08:40,09-26 08:45,,1
did:key:z6MksDgGLB24MxvrqrNZv8DWdNYmzCKQhKzzeuBmwxYTAyRm,143,146,09-26 08:55,09-26 09:10,,3
did:key:z6MksDgGLB24MxvrqrNZv8DWdNYmzCKQhKzzeuBmwxYTAyRm,155,157,09-26 09:55,09-26 10:05,,2
did:key:z6MkhZjPiKzgKwUfiPAHtbABGYjfysdceMKjSBsugUmZ6HRi,118,120,09-26 06:50,09-26 07:00,,2
did:key:z6MkhZjPiKzgKwUfiPAHtbABGYjfysdceMKjSBsugUmZ6HRi,132,135,09-26 08:00,09-26 08:15,,3
did:key:z6MkhZjPiKzgKwUfiPAHtbABGYjfysdceMKjSBsugUmZ6HRi,140,141,09-26 08:40,09-26 08:45,,1
did:key:z6MkhZjPiKzgKwUfiPAHtbABGYjfysdceMKjSBsugUmZ6HRi,143,145,09-26 08:55,09-26 09:05,,2
did:key:z6MkhZjPiKzgKwUfiPAHtbABGYjfysdceMKjSBsugUmZ6HRi,155,157,09-26 09:55,09-26 10:05,,2
did:key:z6Mkhqyp73oYm7wCdLpthgFoVqScwNLZ9QccBi8BBAJq5gpb,118,120,09-26 06:50,09-26 07:00,,2
did:key:z6Mkhqyp73oYm7wCdLpthgFoVqScwNLZ9QccBi8BBAJq5gpb,132,135,09-26 08:00,09-26 08:15,,3
did:key:z6Mkhqyp73oYm7wCdLpthgFoVqScwNLZ9QccBi8BBAJq5gpb,140,141,09-26 08:40,09-26 08:45,,1
did:key:z6Mkhqyp73oYm7wCdLpthgFoVqScwNLZ9QccBi8BBAJq5gpb,143,145,09-26 08:55,09-26 09:05,,2
did:key:z6Mkhqyp73oYm7wCdLpthgFoVqScwNLZ9QccBi8BBAJq5gpb,155,157,09-26 09:55,09-26 10:05,,2
did:key:z6Mkvk9QzJS6v2ZSooBVsLs82ho3ujBBqFQoTHp8tx2h69EV,118,119,09-26 06:50,09-26 06:55,44.65,1
did:key:z6Mkvk9QzJS6v2ZSooBVsLs82ho3ujBBqFQoTHp8tx2h69EV,132,134,09-26 08:00,09-26 08:10,,2
did:key:z6Mkvk9QzJS6v2ZSooBVsLs82ho3ujBBqFQoTHp8tx2h69EV,140,141,09-26 08:40,09-26 08:45,,1
did:key:z6Mkvk9QzJS6v2ZSooBVsLs82ho3ujBBqFQoTHp8tx2h69EV,143,146,09-26 08:55,09-26 09:10,,3
did:key:z6Mkvk9QzJS6v2ZSooBVsLs82ho3ujBBqFQoTHp8tx2h69EV,155,157,09-26 09:55,09-26 10:05,,2
did:key:z6MkoJVepN4D9YpJhq82RhzQXpvcQFdeG4xCKu19UPYaxf4L,132,134,09-26 08:00,09-26 08:10,,2
did:key:z6MkoJVepN4D9YpJhq82RhzQXpvcQFdeG4xCKu19UPYaxf4L,155,156,09-26 09:55,09-26 10:00,,1
did:key:z6MkfPHjUMAQfvbjKShFKsLGdW4PBvcQM78SMzEFqnCCEMVY,118,119,09-26 06:50,09-26 06:55,,1
did:key:z6MkfPHjUMAQfvbjKShFKsLGdW4PBvcQM78SMzEFqnCCEMVY,140,141,09-26 08:40,09-26 08:45,,1
did:key:z6MkfPHjUMAQfvbjKShFKsLGdW4PBvcQM78SMzEFqnCCEMVY,144,146,09-26 09:00,09-26 09:10,,2
did:key:z6MkfPHjUMAQfvbjKShFKsLGdW4PBvcQM78SMzEFqnCCEMVY,155,157,09-26 09:55,09-26 10:05,,2
did:key:z6MkfoUyLt3kKuvLvVXkogFTPHZCEqHDvqfi36KisFux4eRM,118,119,09-26 06:50,09-26 06:55,,1
did:key:z6MkfoUyLt3kKuvLvVXkogFTPHZCEqHDvqfi36KisFux4eRM,140,141,09-26 08:40,09-26 08:45,,1
did:key:z6MkfoUyLt3kKuvLvVXkogFTPHZCEqHDvqfi36KisFux4eRM,144,146,09-26 09:00,09-26 09:10,,2
did:key:z6MkfoUyLt3kKuvLvVXkogFTPHZCEqHDvqfi36KisFux4eRM,155,157,09-26 09:55,09-26 10:05,,2
did:key:z6MkfqHpvUmjnLUXbuhHxFrTUe2P81jzZHDtG8EN2GvZ824G,118,119,09-26 06:50,09-26 06:55,,1
did:key:z6MkfqHpvUmjnLUXbuhHxFrTUe2P81jzZHDtG8EN2GvZ824G,140,141,09-26 08:40,09-26 08:45,,1
did:key:z6MkfqHpvUmjnLUXbuhHxFrTUe2P81jzZHDtG8EN2GvZ824G,144,146,09-26 09:00,09-26 09:10,,2
did:key:z6MkfqHpvUmjnLUXbuhHxFrTUe2P81jzZHDtG8EN2GvZ824G,155,157,09-26 09:55,09-26 10:05,,2
did:key:z6MkgPPxTKvzmhTPN8kATbVRnuPXZcaGvm4ZVb3fa4CAhqbk,118,119,09-26 06:50,09-26 06:55,,1
did:key:z6MkgPPxTKvzmhTPN8kATbVRnuPXZcaGvm4ZVb3fa4CAhqbk,140,141,09-26 08:40,09-26 08:45,,1
did:key:z6MkgPPxTKvzmhTPN8kATbVRnuPXZcaGvm4ZVb3fa4CAhqbk,144,146,09-26 09:00,09-26 09:10,,2
did:key:z6MkgPPxTKvzmhTPN8kATbVRnuPXZcaGvm4ZVb3fa4CAhqbk,155,157,09-26 09:55,09-26 10:05,,2
did:key:z6MkhzD31tWxJgWzN72QphPKpdjEX9Zq9dHCRTh5m4sPQx5r,118,119,09-26 06:50,09-26 06:55,,1
did:key:z6MkhzD31tWxJgWzN72QphPKpdjEX9Zq9dHCRTh5m4sPQx5r,140,141,09-26 08:40,09-26 08:45,,1
did:key:z6MkhzD31tWxJgWzN72QphPKpdjEX9Zq9dHCRTh5m4sPQx5r,144,146,09-26 09:00,09-26 09:10,,2
did:key:z6MkhzD31tWxJgWzN72QphPKpdjEX9Zq9dHCRTh5m4sPQx5r,155,157,09-26 09:55,09-26 10:05,,2
did:key:z6Mkj2QVLDgvgWRkTtH51RXXDDoVEKshM5SUzQJeZvF2cVNk,118,119,09-26 06:50,09-26 06:55,,1
did:key:z6Mkj2QVLDgvgWRkTtH51RXXDDoVEKshM5SUzQJeZvF2cVNk,140,141,09-26 08:40,09-26 08:45,,1
did:key:z6Mkj2QVLDgvgWRkTtH51RXXDDoVEKshM5SUzQJeZvF2cVNk,144,146,09-26 09:00,09-26 09:10,,2
did:key:z6Mkj2QVLDgvgWRkTtH51RXXDDoVEKshM5SUzQJeZvF2cVNk,155,157,09-26 09:55,09-26 10:05,,2
did:key:z6MkjJjAqdDcUMmvxBQGAhfNi8p15zvJ9c5D9p6LB9QN8vAN,118,119,09-26 06:50,09-26 06:55,,1
did:key:z6MkjJjAqdDcUMmvxBQGAhfNi8p15zvJ9c5D9p6LB9QN8vAN,140,141,09-26 08:40,09-26 08:45,,1
did:key:z6MkjJjAqdDcUMmvxBQGAhfNi8p15zvJ9c5D9p6LB9QN8vAN,144,146,09-26 09:00,09-26 09:10,,2
did:key:z6MkjJjAqdDcUMmvxBQGAhfNi8p15zvJ9c5D9p6LB9QN8vAN,155,157,09-26 09:55,09-26 10:05,,2
did:key:z6MkjJmBK9Ps7JHHgut7kfCKC8dvWYV1jqfLozP8U6TWUJgz,118,119,09-26 06:50,09-26 06:55,,1
did:key:z6MkjJmBK9Ps7JHHgut7kfCKC8dvWYV1jqfLozP8U6TWUJgz,140,141,09-26 08:40,09-26 08:45,,1
did:key:z6MkjJmBK9Ps7JHHgut7kfCKC8dvWYV1jqfLozP8U6TWUJgz,144,146,09-26 09:00,09-26 09:10,,2
did:key:z6MkjJmBK9Ps7JHHgut7kfCKC8dvWYV1jqfLozP8U6TWUJgz,155,157,09-26 09:55,09-26 10:05,,2
did:key:z6MkjpsXFfP4MPTVYhGjhr1r35JKmwnyW1Gd99PRWQEThkTX,118,119,09-26 06:50,09-26 06:55,,1
did:key:z6MkjpsXFfP4MPTVYhGjhr1r35JKmwnyW1Gd99PRWQEThkTX,140,141,09-26 08:40,09-26 08:45,,1
did:key:z6MkjpsXFfP4MPTVYhGjhr1r35JKmwnyW1Gd99PRWQEThkTX,144,146,09-26 09:00,09-26 09:10,,2
did:key:z6MkjpsXFfP4MPTVYhGjhr1r35JKmwnyW1Gd99PRWQEThkTX,155,157,09-26 09:55,09-26 10:05,,2
did:key:z6Mkk4URy1U9r6V2yjTabj5zNzgfVDY9SsfWoNq98aH4nzeS,118,119,09-26 06:50,09-26 06:55,,1
did:key:z6Mkk4URy1U9r6V2yjTabj5zNzgfVDY9SsfWoNq98aH4nzeS,140,141,09-26 08:40,09-26 08:45,,1
did:key:z6Mkk4URy1U9r6V2yjTabj5zNzgfVDY9SsfWoNq98aH4nzeS,144,146,09-26 09:00,09-26 09:10,,2
did:key:z6Mkk4URy1U9r6V2yjTabj5zNzgfVDY9SsfWoNq98aH4nzeS,155,157,09-26 09:55,09-26 10:05,,2
did:key:z6MkoyUmTdzyNX9uJezVBGCnsGuSwdqaiqz4TjDmVoEABqgd,118,119,09-26 06:50,09-26 06:55,,1
did:key:z6MkoyUmTdzyNX9uJezVBGCnsGuSwdqaiqz4TjDmVoEABqgd,140,141,09-26 08:40,09-26 08:45,,1
did:key:z6MkoyUmTdzyNX9uJezVBGCnsGuSwdqaiqz4TjDmVoEABqgd,144,146,09-26 09:00,09-26 09:10,,2
did:key:z6MkoyUmTdzyNX9uJezVBGCnsGuSwdqaiqz4TjDmVoEABqgd,155,157,09-26 09:55,09-26 10:05,,2
did:key:z6Mkp2YtkYvkzrxerdUb5QdxkHFWhm6Jg39jTEWucZK82kk7,118,119,09-26 06:50,09-26 06:55,,1
did:key:z6Mkp2YtkYvkzrxerdUb5QdxkHFWhm6Jg39jTEWucZK82kk7,140,141,09-26 08:40,09-26 08:45,,1
did:key:z6Mkp2YtkYvkzrxerdUb5QdxkHFWhm6Jg39jTEWucZK82kk7,144,146,09-26 09:00,09-26 09:10,,2
did:key:z6Mkp2YtkYvkzrxerdUb5QdxkHFWhm6Jg39jTEWucZK82kk7,155,157,09-26 09:55,09-26 10:05,,2
did:key:z6MkpASGsDdjzQe6ShwZoLaydbE3fFK5nAERVYkkJcNw3QBQ,118,119,09-26 06:50,09-26 06:55,,1
did:key:z6MkpASGsDdjzQe6ShwZoLaydbE3fFK5nAERVYkkJcNw3QBQ,140,141,09-26 08:40,09-26 08:45,,1
did:key:z6MkpASGsDdjzQe6ShwZoLaydbE3fFK5nAERVYkkJcNw3QBQ,144,146,09-26 09:00,09-26 09:10,,2
did:key:z6MkpASGsDdjzQe6ShwZoLaydbE3fFK5nAERVYkkJcNw3QBQ,155,157,09-26 09:55,09-26 10:05,,2
did:key:z6MkpJtcnb13FeZZEGs3dftFLCY1A79j3yYqUSbQXyN3i3i1,118,119,09-26 06:50,09-26 06:55,,1
did:key:z6MkpJtcnb13FeZZEGs3dftFLCY1A79j3yYqUSbQXyN3i3i1,140,141,09-26 08:40,09-26 08:45,,1
did:key:z6MkpJtcnb13FeZZEGs3dftFLCY1A79j3yYqUSbQXyN3i3i1,144,146,09-26 09:00,09-26 09:10,,2
did:key:z6MkpJtcnb13FeZZEGs3dftFLCY1A79j3yYqUSbQXyN3i3i1,155,157,09-26 09:55,09-26 10:05,,2
did:key:z6Mkq7J2HTBdSLQHzHfvSAmei2R5dMP9Ppo9VdRQNJ3Xp6Xd,118,119,09-26 06:50,09-26 06:55,,1
did:key:z6Mkq7J2HTBdSLQHzHfvSAmei2R5dMP9Ppo9VdRQNJ3Xp6Xd,140,141,09-26 08:40,09-26 08:45,,1
did:key:z6Mkq7J2HTBdSLQHzHfvSAmei2R5dMP9Ppo9VdRQNJ3Xp6Xd,144,146,09-26 09:00,09-26 09:10,,2
did:key:z6Mkq7J2HTBdSLQHzHfvSAmei2R5dMP9Ppo9VdRQNJ3Xp6Xd,155,157,09-26 09:55,09-26 10:05,,2
did:key:z6MkqQBHwWFteLJef7kdeLq82cyCWiPcDiPtKMb6ZKshDTG6,118,119,09-26 06:50,09-26 06:55,,1
did:key:z6MkqQBHwWFteLJef7kdeLq82cyCWiPcDiPtKMb6ZKshDTG6,140,141,09-26 08:40,09-26 08:45,,1
did:key:z6MkqQBHwWFteLJef7kdeLq82cyCWiPcDiPtKMb6ZKshDTG6,144,146,09-26 09:00,09-26 09:10,,2
did:key:z6MkqQBHwWFteLJef7kdeLq82cyCWiPcDiPtKMb6ZKshDTG6,155,157,09-26 09:55,09-26 10:05,,2
did:key:z6MkqUPeghQhK4YRJoiWJbfhvSELfVLM5sbRbp4VeKNSVDbN,118,119,09-26 06:50,09-26 06:55,,1
did:key:z6MkqUPeghQhK4YRJoiWJbfhvSELfVLM5sbRbp4VeKNSVDbN,140,141,09-26 08:40,09-26 08:45,,1
did:key:z6MkqUPeghQhK4YRJoiWJbfhvSELfVLM5sbRbp4VeKNSVDbN,144,146,09-26 09:00,09-26 09:10,,2
did:key:z6MkqUPeghQhK4YRJoiWJbfhvSELfVLM5sbRbp4VeKNSVDbN,155,157,09-26 09:55,09-26 10:05,,2
did:key:z6MkqWx7mGZXbfyN5mVPZn6etMv3V3BCdqWuYXVR3XYCfkgE,118,119,09-26 06:50,09-26 06:55,,1
did:key:z6MkqWx7mGZXbfyN5mVPZn6etMv3V3BCdqWuYXVR3XYCfkgE,140,141,09-26 08:40,09-26 08:45,,1
did:key:z6MkqWx7mGZXbfyN5mVPZn6etMv3V3BCdqWuYXVR3XYCfkgE,144,146,09-26 09:00,09-26 09:10,,2
did:key:z6MkqWx7mGZXbfyN5mVPZn6etMv3V3BCdqWuYXVR3XYCfkgE,155,157,09-26 09:55,09-26 10:05,,2
did:key:z6Mkqzd4juUX7n2Rxy88ZtEqjyy9UDmJSZ9oCG93hE21dTZZ,118,119,09-26 06:50,09-26 06:55,,1
did:key:z6Mkqzd4juUX7n2Rxy88ZtEqjyy9UDmJSZ9oCG93hE21dTZZ,144,146,09-26 09:00,09-26 09:10,,2
did:key:z6Mkqzd4juUX7n2Rxy88ZtEqjyy9UDmJSZ9oCG93hE21dTZZ,155,157,09-26 09:55,09-26 10:05,,2
did:key:z6MkrFjeBzmCt4k6d6HBnman4jMTZuvzXsiN2wLem4iGSBXW,144,146,09-26 09:00,09-26 09:10,,2
did:key:z6MkjyBG1Br9k8MFUXMmNzkYyH6h4JAe8hPv3oqWhdDT7tav,528,531,09-27 17:00,09-27 17:15,,3
did:key:z6MkjyBG1Br9k8MFUXMmNzkYyH6h4JAe8hPv3oqWhdDT7tav,535,554,09-27 17:35,09-27 19:11,42.86,19
did:key:z6MkjyBG1Br9k8MFUXMmNzkYyH6h4JAe8hPv3oqWhdDT7tav,559,560,09-27 19:36,09-27 19:40,,1
did:key:z6MkjyBG1Br9k8MFUXMmNzkYyH6h4JAe8hPv3oqWhdDT7tav,563,581,09-27 19:55,09-27 21:25,,18
did:key:z6MkjyBG1Br9k8MFUXMmNzkYyH6h4JAe8hPv3oqWhdDT7tav,616,618,09-28 00:20,09-28 00:30,,2
did:key:z6MkjyBG1Br9k8MFUXMmNzkYyH6h4JAe8hPv3oqWhdDT7tav,622,624,09-28 00:51,09-28 01:01,,2
did:key:z6MkjyBG1Br9k8MFUXMmNzkYyH6h4JAe8hPv3oqWhdDT7tav,626,630,09-28 01:11,09-28 01:30,,4
did:key:z6MkjyBG1Br9k8MFUXMmNzkYyH6h4JAe8hPv3oqWhdDT7tav,634,641,09-28 01:50,09-28 02:25,,7
did:key:z6MkjyBG1Br9k8MFUXMmNzkYyH6h4JAe8hPv3oqWhdDT7tav,641,716,09-28 02:25,09-28 08:41,-41.68,75
did:key:z6MkjyBG1Br9k8MFUXMmNzkYyH6h4JAe8hPv3oqWhdDT7tav,717,717,09-28 08:46,09-28 08:46,,0
did:key:z6MkjyBG1Br9k8MFUXMmNzkYyH6h4JAe8hPv3oqWhdDT7tav,721,729,09-28 09:06,09-28 09:46,,8
did:key:z6MkjyBG1Br9k8MFUXMmNzkYyH6h4JAe8hPv3oqWhdDT7tav,742,831,09-28 10:51,09-28 18:15,-42.2,89
did:key:z6Mkq38Zv4xKX2YEL9H4WcwpZMLBpXFAVHfUULVj74yPVaJh,528,531,09-27 17:00,09-27 17:15,,3
did:key:z6Mkq38Zv4xKX2YEL9H4WcwpZMLBpXFAVHfUULVj74yPVaJh,535,554,09-27 17:35,09-27 19:11,42.86,19
did:key:z6Mkq38Zv4xKX2YEL9H4WcwpZMLBpXFAVHfUULVj74yPVaJh,559,560,09-27 19:36,09-27 19:40,,1
did:key:z6Mkq38Zv4xKX2YEL9H4WcwpZMLBpXFAVHfUULVj74yPVaJh,563,581,09-27 19:55,09-27 21:25,,18
did:key:z6Mkq38Zv4xKX2YEL9H4WcwpZMLBpXFAVHfUULVj74yPVaJh,616,618,09-28 00:20,09-28 00:30,,2
did:key:z6Mkq38Zv4xKX2YEL9H4WcwpZMLBpXFAVHfUULVj74yPVaJh,622,624,09-28 00:51,09-28 01:01,,2
did:key:z6Mkq38Zv4xKX2YEL9H4WcwpZMLBpXFAVHfUULVj74yPVaJh,626,630,09-28 01:11,09-28 01:30,,4
did:key:z6Mkq38Zv4xKX2YEL9H4WcwpZMLBpXFAVHfUULVj74yPVaJh,634,635,09-28 01:50,09-28 01:55,,1
did:key:z6Mkq38Zv4xKX2YEL9H4WcwpZMLBpXFAVHfUULVj74yPVaJh,646,648,09-28 02:51,09-28 03:01,,2
did:key:z6Mkq38Zv4xKX2YEL9H4WcwpZMLBpXFAVHfUULVj74yPVaJh,650,659,09-28 03:10,09-28 03:55,,9
did:key:z6Mkq38Zv4xKX2YEL9H4WcwpZMLBpXFAVHfUULVj74yPVaJh,661,662,09-28 04:05,09-28 04:10,,1
did:key:z6Mkq38Zv4xKX2YEL9H4WcwpZMLBpXFAVHfUULVj74yPVaJh,673,681,09-28 05:05,09-28 05:45,,8
did:key:z6MktvZPUUeoNsND7eMAD7Pgo4XuRHkESfQxDmoyTxemUdya,528,531,09-27 17:00,09-27 17:15,,3
did:key:z6MktvZPUUeoNsND7eMAD7Pgo4XuRHkESfQxDmoyTxemUdya,535,554,09-27 17:35,09-27 19:11,42.86,19
did:key:z6MktvZPUUeoNsND7eMAD7Pgo4XuRHkESfQxDmoyTxemUdya,559,560,09-27 19:36,09-27 19:40,,1
did:key:z6MktvZPUUeoNsND7eMAD7Pgo4XuRHkESfQxDmoyTxemUdya,563,581,09-27 19:55,09-27 21:25,,18
did:key:z6MktvZPUUeoNsND7eMAD7Pgo4XuRHkESfQxDmoyTxemUdya,616,618,09-28 00:20,09-28 00:30,,2
did:key:z6MktvZPUUeoNsND7eMAD7Pgo4XuRHkESfQxDmoyTxemUdya,622,624,09-28 00:51,09-28 01:01,,2
did:key:z6MktvZPUUeoNsND7eMAD7Pgo4XuRHkESfQxDmoyTxemUdya,626,630,09-28 01:11,09-28 01:30,,4
did:key:z6MktvZPUUeoNsND7eMAD7Pgo4XuRHkESfQxDmoyTxemUdya,634,635,09-28 01:50,09-28 01:55,,1
did:key:z6MktvZPUUeoNsND7eMAD7Pgo4XuRHkESfQxDmoyTxemUdya,646,648,09-28 02:51,09-28 03:01,,2
did:key:z6MktvZPUUeoNsND7eMAD7Pgo4XuRHkESfQxDmoyTxemUdya,650,659,09-28 03:10,09-28 03:55,,9
did:key:z6MktvZPUUeoNsND7eMAD7Pgo4XuRHkESfQxDmoyTxemUdya,661,662,09-28 04:05,09-28 04:10,,1
did:key:z6MktvZPUUeoNsND7eMAD7Pgo4XuRHkESfQxDmoyTxemUdya,673,681,09-28 05:05,09-28 05:45,,8
did:key:z6Mku5oaoNmFdy5SfADjRo1UqrDviSFS1gPBbGf11Z5kMe8P,528,531,09-27 17:00,09-27 17:15,,3
did:key:z6Mku5oaoNmFdy5SfADjRo1UqrDviSFS1gPBbGf11Z5kMe8P,535,554,09-27 17:35,09-27 19:11,42.86,19
did:key:z6Mku5oaoNmFdy5SfADjRo1UqrDviSFS1gPBbGf11Z5kMe8P,559,560,09-27 19:36,09-27 19:40,,1
did:key:z6Mku5oaoNmFdy5SfADjRo1UqrDviSFS1gPBbGf11Z5kMe8P,563,581,09-27 19:55,09-27 21:25,,18
did:key:z6Mku5oaoNmFdy5SfADjRo1UqrDviSFS1gPBbGf11Z5kMe8P,616,618,09-28 00:20,09-28 00:30,,2
did:key:z6Mku5oaoNmFdy5SfADjRo1UqrDviSFS1gPBbGf11Z5kMe8P,622,624,09-28 00:51,09-28 01:01,,2
did:key:z6Mku5oaoNmFdy5SfADjRo1UqrDviSFS1gPBbGf11Z5kMe8P,626,630,09-28 01:11,09-28 01:30,,4
did:key:z6Mku5oaoNmFdy5SfADjRo1UqrDviSFS1gPBbGf11Z5kMe8P,634,641,09-28 01:50,09-28 02:25,,7
did:key:z6Mku5oaoNmFdy5SfADjRo1UqrDviSFS1gPBbGf11Z5kMe8P,641,752,09-28 02:25,09-28 11:41,-41.68,111
did:key:z6Mku5oaoNmFdy5SfADjRo1UqrDviSFS1gPBbGf11Z5kMe8P,753,817,09-28 11:46,09-28 17:05,-41.86,64
did:key:z6Mku5oaoNmFdy5SfADjRo1UqrDviSFS1gPBbGf11Z5kMe8P,829,832,09-28 18:05,09-28 18:20,,3
did:key:z6Mku5oaoNmFdy5SfADjRo1UqrDviSFS1gPBbGf11Z5kMe8P,834,835,09-28 18:30,09-28 18:35,,1
did:key:z6Mku5oaoNmFdy5SfADjRo1UqrDviSFS1gPBbGf11Z5kMe8P,853,859,09-28 20:05,09-28 20:35,43.4,6
did:key:z6Mku5oaoNmFdy5SfADjRo1UqrDviSFS1gPBbGf11Z5kMe8P,866,873,09-28 21:10,09-28 21:45,43.45,7
did:key:z6Mku5oaoNmFdy5SfADjRo1UqrDviSFS1gPBbGf11Z5kMe8P,875,877,09-28 21:55,09-28 22:05,,2
did:key:z6Mku5oaoNmFdy5SfADjRo1UqrDviSFS1gPBbGf11Z5kMe8P,880,891,09-28 22:20,09-28 23:15,43.47,11
did:key:z6Mku5oaoNmFdy5SfADjRo1UqrDviSFS1gPBbGf11Z5kMe8P,901,902,09-29 00:05,09-29 00:10,,1
did:key:z6MkhRbUF57iNxHy1iv9bbmECNAsE7wFh3Ri1JT8rneFRWyZ,535,536,09-27 17:35,09-27 17:40,,1
did:key:z6MkhRbUF57iNxHy1iv9bbmECNAsE7wFh3Ri1JT8rneFRWyZ,538,539,09-27 17:50,09-27 17:55,,1
did:key:z6MkhRbUF57iNxHy1iv9bbmECNAsE7wFh3Ri1JT8rneFRWyZ,546,548,09-27 18:30,09-27 18:41,,2
did:key:z6MkhRbUF57iNxHy1iv9bbmECNAsE7wFh3Ri1JT8rneFRWyZ,551,552,09-27 18:55,09-27 19:00,,1
did:key:z6MkhRbUF57iNxHy1iv9bbmECNAsE7wFh3Ri1JT8rneFRWyZ,559,560,09-27 19:36,09-27 19:40,,1
did:key:z6MkhRbUF57iNxHy1iv9bbmECNAsE7wFh3Ri1JT8rneFRWyZ,565,567,09-27 20:05,09-27 20:15,,2
did:key:z6MkhRbUF57iNxHy1iv9bbmECNAsE7wFh3Ri1JT8rneFRWyZ,571,572,09-27 20:35,09-27 20:40,,1
did:key:z6MkhRbUF57iNxHy1iv9bbmECNAsE7wFh3Ri1JT8rneFRWyZ,578,579,09-27 21:10,09-27 21:15,,1
did:key:z6MkhRbUF57iNxHy1iv9bbmECNAsE7wFh3Ri1JT8rneFRWyZ,616,617,09-28 00:20,09-28 00:25,,1
did:key:z6MkhRbUF57iNxHy1iv9bbmECNAsE7wFh3Ri1JT8rneFRWyZ,628,629,09-28 01:21,09-28 01:26,,1
did:key:z6MkhRbUF57iNxHy1iv9bbmECNAsE7wFh3Ri1JT8rneFRWyZ,634,641,09-28 01:50,09-28 02:25,,7
did:key:z6MkhRbUF57iNxHy1iv9bbmECNAsE7wFh3Ri1JT8rneFRWyZ,641,716,09-28 02:25,09-28 08:41,-41.63,75
did:key:z6MkhRbUF57iNxHy1iv9bbmECNAsE7wFh3Ri1JT8rneFRWyZ,717,717,09-28 08:46,09-28 08:46,,0
did:key:z6MkhRbUF57iNxHy1iv9bbmECNAsE7wFh3Ri1JT8rneFRWyZ,722,726,09-28 09:11,09-28 09:31,,4
did:key:z6MkhRbUF57iNxHy1iv9bbmECNAsE7wFh3Ri1JT8rneFRWyZ,756,817,09-28 12:01,09-28 17:05,-41.89,61
did:key:z6MkhRbUF57iNxHy1iv9bbmECNAsE7wFh3Ri1JT8rneFRWyZ,830,832,09-28 18:10,09-28 18:20,,2
did:key:z6MkhRbUF57iNxHy1iv9bbmECNAsE7wFh3Ri1JT8rneFRWyZ,834,835,09-28 18:30,09-28 18:35,,1
did:key:z6MkhRbUF57iNxHy1iv9bbmECNAsE7wFh3Ri1JT8rneFRWyZ,842,852,09-28 19:10,09-28 20:00,,10
did:key:z6MkiRARsLuem5t2EMLKELJrvNWAz8gD5qcbWNhhAxppBCLJ,535,536,09-27 17:35,09-27 17:40,,1
did:key:z6MkiRARsLuem5t2EMLKELJrvNWAz8gD5qcbWNhhAxppBCLJ,538,539,09-27 17:50,09-27 17:55,,1
did:key:z6MkiRARsLuem5t2EMLKELJrvNWAz8gD5qcbWNhhAxppBCLJ,546,548,09-27 18:30,09-27 18:41,,2
did:key:z6MkiRARsLuem5t2EMLKELJrvNWAz8gD5qcbWNhhAxppBCLJ,551,552,09-27 18:55,09-27 19:00,,1
did:key:z6MkiRARsLuem5t2EMLKELJrvNWAz8gD5qcbWNhhAxppBCLJ,559,560,09-27 19:36,09-27 19:40,,1
did:key:z6MkiRARsLuem5t2EMLKELJrvNWAz8gD5qcbWNhhAxppBCLJ,565,567,09-27 20:05,09-27 20:15,,2
did:key:z6MkiRARsLuem5t2EMLKELJrvNWAz8gD5qcbWNhhAxppBCLJ,571,572,09-27 20:35,09-27 20:40,,1
did:key:z6MkiRARsLuem5t2EMLKELJrvNWAz8gD5qcbWNhhAxppBCLJ,578,579,09-27 21:10,09-27 21:15,,1
did:key:z6MkiRARsLuem5t2EMLKELJrvNWAz8gD5qcbWNhhAxppBCLJ,616,617,09-28 00:20,09-28 00:25,,1
did:key:z6MkiRARsLuem5t2EMLKELJrvNWAz8gD5qcbWNhhAxppBCLJ,628,629,09-28 01:21,09-28 01:26,,1
did:key:z6MkiRARsLuem5t2EMLKELJrvNWAz8gD5qcbWNhhAxppBCLJ,634,641,09-28 01:50,09-28 02:25,,7
did:key:z6MkiRARsLuem5t2EMLKELJrvNWAz8gD5qcbWNhhAxppBCLJ,641,724,09-28 02:25,09-28 09:21,-41.63,83
did:key:z6MkiRARsLuem5t2EMLKELJrvNWAz8gD5qcbWNhhAxppBCLJ,754,829,09-28 11:51,09-28 18:05,-41.76,75
did:key:z6MkpAGagUcqxJdq1vJecd3nwGVPgj5evxNR3QzKJUHQMR8m,535,536,09-27 17:35,09-27 17:40,,1
did:key:z6MkpAGagUcqxJdq1vJecd3nwGVPgj5evxNR3QzKJUHQMR8m,538,539,09-27 17:50,09-27 17:55,,1
did:key:z6MkpAGagUcqxJdq1vJecd3nwGVPgj5evxNR3QzKJUHQMR8m,546,548,09-27 18:30,09-27 18:41,,2
did:key:z6MkpAGagUcqxJdq1vJecd3nwGVPgj5evxNR3QzKJUHQMR8m,551,552,09-27 18:55,09-27 19:00,,1
did:key:z6MkpAGagUcqxJdq1vJecd3nwGVPgj5evxNR3QzKJUHQMR8m,559,560,09-27 19:36,09-27 19:40,,1
did:key:z6MkpAGagUcqxJdq1vJecd3nwGVPgj5evxNR3QzKJUHQMR8m,565,567,09-27 20:05,09-27 20:15,,2
did:key:z6MkpAGagUcqxJdq1vJecd3nwGVPgj5evxNR3QzKJUHQMR8m,571,572,09-27 20:35,09-27 20:40,,1
did:key:z6MkpAGagUcqxJdq1vJecd3nwGVPgj5evxNR3QzKJUHQMR8m,578,579,09-27 21:10,09-27 21:15,,1
did:key:z6MkpAGagUcqxJdq1vJecd3nwGVPgj5evxNR3QzKJUHQMR8m,616,617,09-28 00:20,09-28 00:25,,1
did:key:z6MkpAGagUcqxJdq1vJecd3nwGVPgj5evxNR3QzKJUHQMR8m,628,629,09-28 01:21,09-28 01:26,,1
did:key:z6MkpAGagUcqxJdq1vJecd3nwGVPgj5evxNR3QzKJUHQMR8m,647,648,09-28 02:56,09-28 03:01,,1
did:key:z6MkpAGagUcqxJdq1vJecd3nwGVPgj5evxNR3QzKJUHQMR8m,653,659,09-28 03:25,09-28 03:55,,6
did:key:z6MkpAGagUcqxJdq1vJecd3nwGVPgj5evxNR3QzKJUHQMR8m,661,662,09-28 04:05,09-28 04:10,,1
did:key:z6MkpAGagUcqxJdq1vJecd3nwGVPgj5evxNR3QzKJUHQMR8m,674,681,09-28 05:10,09-28 05:45,,7
did:key:z6MkuXfNpeX6uiDZ7SFHrBFCB14tXAaPndExUtroXvjNFRCe,535,536,09-27 17:35,09-27 17:40,,1
did:key:z6MkuXfNpeX6uiDZ7SFHrBFCB14tXAaPndExUtroXvjNFRCe,538,539,09-27 17:50,09-27 17:55,,1
did:key:z6MkuXfNpeX6uiDZ7SFHrBFCB14tXAaPndExUtroXvjNFRCe,546,548,09-27 18:30,09-27 18:41,,2
did:key:z6MkuXfNpeX6uiDZ7SFHrBFCB14tXAaPndExUtroXvjNFRCe,551,552,09-27 18:55,09-27 19:00,,1
did:key:z6MkuXfNpeX6uiDZ7SFHrBFCB14tXAaPndExUtroXvjNFRCe,559,560,09-27 19:36,09-27 19:40,,1
did:key:z6MkuXfNpeX6uiDZ7SFHrBFCB14tXAaPndExUtroXvjNFRCe,565,567,09-27 20:05,09-27 20:15,,2
did:key:z6MkuXfNpeX6uiDZ7SFHrBFCB14tXAaPndExUtroXvjNFRCe,571,572,09-27 20:35,09-27 20:40,,1
did:key:z6MkuXfNpeX6uiDZ7SFHrBFCB14tXAaPndExUtroXvjNFRCe,578,579,09-27 21:10,09-27 21:15,,1
did:key:z6MkuXfNpeX6uiDZ7SFHrBFCB14tXAaPndExUtroXvjNFRCe,616,617,09-28 00:20,09-28 00:25,,1
did:key:z6MkuXfNpeX6uiDZ7SFHrBFCB14tXAaPndExUtroXvjNFRCe,628,629,09-28 01:21,09-28 01:26,,1
did:key:z6MkuXfNpeX6uiDZ7SFHrBFCB14tXAaPndExUtroXvjNFRCe,647,648,09-28 02:56,09-28 03:01,,1
did:key:z6MkuXfNpeX6uiDZ7SFHrBFCB14tXAaPndExUtroXvjNFRCe,653,659,09-28 03:25,09-28 03:55,,6
did:key:z6MkuXfNpeX6uiDZ7SFHrBFCB14tXAaPndExUtroXvjNFRCe,661,662,09-28 04:05,09-28 04:10,,1
did:key:z6MkuXfNpeX6uiDZ7SFHrBFCB14tXAaPndExUtroXvjNFRCe,674,681,09-28 05:10,09-28 05:45,,7
did:key:z6MkejWn3DGLBHch2uYYjKyJpTAJ4syeMcHdTKLSKWG7jvXm,538,539,09-27 17:50,09-27 17:55,,1
did:key:z6MkfbdXnaDdq4fX5JsqKMu6jnZho25GNaTFzNfg2qAQVmrn,538,539,09-27 17:50,09-27 17:55,,1
did:key:z6MkffFp3CS2SBiE2Ey691eFjKkWrY8sEV4z98oFhRqN4w7x,538,539,09-27 17:50,09-27 17:55,,1
did:key:z6MkgPithuyKY2RbuzHWZFmZ2a8rtvfxMxxMjtUefQcJ1sWk,538,539,09-27 17:50,09-27 17:55,,1
did:key:z6MkhwirSPbP77DSqRYyFeHXhPvJGQ62BohfHayFHgfFXyAS,538,539,09-27 17:50,09-27 17:55,,1
did:key:z6MkiATcJzXZzmAQrGq22a3XCcH8grgaZqQKruS8KtUHuxCr,538,539,09-27 17:50,09-27 17:55,,1
did:key:z6MkkWjYPBPtyu544uZMzZkTDBYUFK2KuouRQgunuM3cpZmR,538,539,09-27 17:50,09-27 17:55,,1
did:key:z6MkogeRnuKznsvaYYqeUphDupRcTBjujngbx5QAFJ6dfi1e,538,539,09-27 17:50,09-27 17:55,,1
did:key:z6MkpKuLQsHKawnpgZnbetSiQ4KVWdKgLYs9o6g99rUJQN2V,538,539,09-27 17:50,09-27 17:55,,1
did:key:z6Mkqusx5Qsu12gy38gNDHicpXppsvmZ23s4EELySjp9x8GS,538,539,09-27 17:50,09-27 17:55,,1
did:key:z6MkqzEurw5u1oz2kTPeYX86peguQYYEPnsGWNYE7qKcsVn5,538,539,09-27 17:50,09-27 17:55,,1
did:key:z6MksAMZMUsSKQvf8Mrybt5qqsx96BaJCqWgFwZ5eU3WAVRp,538,539,09-27 17:50,09-27 17:55,,1
did:key:z6MksPE4ZmPabW2ePG2T5VL4SRt8J8qMxBpLEAiDnikEV53h,538,539,09-27 17:50,09-27 17:55,,1
did:key:z6MktChbrERvf7KPpwCxBKLfDiYf5X31qZ5DAYQdhmEepF4f,538,539,09-27 17:50,09-27 17:55,,1
did:key:z6MkvD67gEYrNQPHdiWEc7TBh6F3TXkqZWrvU5FTrKsvSKwY,538,539,09-27 17:50,09-27 17:55,,1
did:key:z6MkwNnNcmt7E18gP6u7fJ3mPpHknjuSFUnzQgeMcAngPKrp,538,539,09-27 17:50,09-27 17:55,,1
did:key:z6MkvXFU4N3wEUarWSQHDRNFuieRDYJ9Kg4MdknaxnZrgDcN,671,674,09-28 04:55,09-28 05:10,,3
did:key:z6MkvXFU4N3wEUarWSQHDRNFuieRDYJ9Kg4MdknaxnZrgDcN,676,677,09-28 05:20,09-28 05:25,,1
did:key:z6MkvXFU4N3wEUarWSQHDRNFuieRDYJ9Kg4MdknaxnZrgDcN,842,845,09-28 19:10,09-28 19:25,,3
did:key:z6MkebF8R8wyw7JNcWReBVnpTrWnhzjKTUkGF6f1SS6bLjbT,671,674,09-28 04:55,09-28 05:10,,3
did:key:z6MkebF8R8wyw7JNcWReBVnpTrWnhzjKTUkGF6f1SS6bLjbT,676,677,09-28 05:20,09-28 05:25,,1
did:key:z6Mkith9sEH8kEmLsKSfUY36Hifq4YeWDw6wKYjRGSbNbJGH,671,674,09-28 04:55,09-28 05:10,,3
did:key:z6Mkith9sEH8kEmLsKSfUY36Hifq4YeWDw6wKYjRGSbNbJGH,676,677,09-28 05:20,09-28 05:25,,1
did:key:z6MkjbNFmy2L854SA7hkMqMAP3cfX8u68ftoiNtpyA7xeY6W,671,674,09-28 04:55,09-28 05:10,,3
did:key:z6MkjbNFmy2L854SA7hkMqMAP3cfX8u68ftoiNtpyA7xeY6W,676,677,09-28 05:20,09-28 05:25,,1
did:key:z6MkoLsMb2cGWxAapoE3PsQenmZHC58LNACaPbo1B2MV4BT5,671,674,09-28 04:55,09-28 05:10,,3
did:key:z6MkoLsMb2cGWxAapoE3PsQenmZHC58LNACaPbo1B2MV4BT5,676,677,09-28 05:20,09-28 05:25,,1
did:key:z6MkqorH3Y2bAapc9Xrev7xoJBVzQDR7Nk1GcNohcapUezYL,671,674,09-28 04:55,09-28 05:10,,3
did:key:z6MkqorH3Y2bAapc9Xrev7xoJBVzQDR7Nk1GcNohcapUezYL,676,677,09-28 05:20,09-28 05:25,,1
did:key:z6Mkr7NBNaTK8wxB4JJNiTsK45YNCvmNmb3z7v4u7x1RDTs8,671,674,09-28 04:55,09-28 05:10,,3
did:key:z6Mkr7NBNaTK8wxB4JJNiTsK45YNCvmNmb3z7v4u7x1RDTs8,676,677,09-28 05:20,09-28 05:25,,1
did:key:z6Mkuu6zudrg6aDFsGHKeKPwvXea3DLeJbbmMAo9Qa3bYz7X,671,674,09-28 04:55,09-28 05:10,,3
did:key:z6Mkuu6zudrg6aDFsGHKeKPwvXea3DLeJbbmMAo9Qa3bYz7X,676,677,09-28 05:20,09-28 05:25,,1
did:key:z6MkhVJHqVd4vrovgoZTwAZc3ArxrWJPb4yNDGvMHT6tJoiL,676,677,09-28 05:20,09-28 05:25,,1
did:key:z6MkiqfofUdzB7UNyFH2p1V8r1Y8ztXCaet9Yj29sf4KLwgu,676,677,09-28 05:20,09-28 05:25,,1
did:key:z6Mkji7dK73k7tkMarhimzXNisBtbNhbJXtTRNKgaYzwwhJV,676,677,09-28 05:20,09-28 05:25,,1
did:key:z6Mko11MJJ44azAeCstTJa9URUcnPYExnNEUrhi4sVESCATc,676,677,09-28 05:20,09-28 05:25,,1
did:key:z6MktGrhPcirKkaYnnff9UEEBASDAnGkGnfXUJ7FxFyTghcP,676,677,09-28 05:20,09-28 05:25,,1
did:key:z6MktWA6KTReSBd7ueLKy64EKE7mCQWVzqBrdLfqrptrmWZ3,676,677,09-28 05:20,09-28 05:25,,1
did:key:z6Mkvag35eypfT1tSuUF4UYLfMrpjRDN9hZkeLkEobbmXCw3,676,677,09-28 05:20,09-28 05:25,,1
did:key:z6Mkw7X5nNvCpJhCfHxMmLnRaQvtQrPp2aA4Yr2XRPZytvcz,676,677,09-28 05:20,09-28 05:25,,1
did:key:z6Mkw7X5nNvCpJhCfHxMmLnRaQvtQrPp2aA4Yr2XRPZytvcz,842,844,09-28 19:10,09-28 19:20,,2
did:key:z6MkmyLHTvR3Ymq1KKbhow8bX3EtXrtm56wudFh97CBqPAuM,853,858,09-28 20:05,09-28 20:30,,5
did:key:z6MkmyLHTvR3Ymq1KKbhow8bX3EtXrtm56wudFh97CBqPAuM,867,873,09-28 21:15,09-28 21:45,45.06,6
did:key:z6MkmyLHTvR3Ymq1KKbhow8bX3EtXrtm56wudFh97CBqPAuM,883,889,09-28 22:35,09-28 23:05,,6
did:key:z6Mkt2cUjxTfsXbkh3huXSz8fYFHB2zeFAy1XgbGrmtkZUvw,853,858,09-28 20:05,09-28 20:30,,5
did:key:z6Mkt2cUjxTfsXbkh3huXSz8fYFHB2zeFAy1XgbGrmtkZUvw,867,873,09-28 21:15,09-28 21:45,45.06,6
did:key:z6Mkt2cUjxTfsXbkh3huXSz8fYFHB2zeFAy1XgbGrmtkZUvw,883,889,09-28 22:35,09-28 23:05,,6
did:key:z6MkfvFEkCXSJ8ECkHHGH7u28PGsbbPZwqZXV2WmQhRQaHbG,853,859,09-28 20:05,09-28 20:35,45.1,6
did:key:z6MkfvFEkCXSJ8ECkHHGH7u28PGsbbPZwqZXV2WmQhRQaHbG,867,873,09-28 21:15,09-28 21:45,45.1,6
did:key:z6MkfvFEkCXSJ8ECkHHGH7u28PGsbbPZwqZXV2WmQhRQaHbG,880,881,09-28 22:20,09-28 22:25,45.1,1
did:key:z6MkfvFEkCXSJ8ECkHHGH7u28PGsbbPZwqZXV2WmQhRQaHbG,883,889,09-28 22:35,09-28 23:05,45.1,6
did:key:z6Mkggzf9DYKMCiLUYnZ2TqGyT5iHMGdTiBND855wXzDZQzT,853,858,09-28 20:05,09-28 20:30,45.1,5
did:key:z6Mkggzf9DYKMCiLUYnZ2TqGyT5iHMGdTiBND855wXzDZQzT,867,873,09-28 21:15,09-28 21:45,45.1,6
did:key:z6Mkggzf9DYKMCiLUYnZ2TqGyT5iHMGdTiBND855wXzDZQzT,883,889,09-28 22:35,09-28 23:05,45.1,6
did:key:z6Mkh76Xd4gAjzWW3c4fC8UVdBkrAbwdD8uNemx2WY4VGAj1,846,848,09-28 19:30,09-28 19:40,,2
did:key:z6MkhzvFpiSyvTwMqCCeFUZG77BEMDPSPBRnfAAebWBTDdSA,853,859,09-28 20:05,09-28 20:35,45.1,6
did:key:z6MkhzvFpiSyvTwMqCCeFUZG77BEMDPSPBRnfAAebWBTDdSA,867,873,09-28 21:15,09-28 21:45,45.1,6
did:key:z6MkhzvFpiSyvTwMqCCeFUZG77BEMDPSPBRnfAAebWBTDdSA,880,881,09-28 22:20,09-28 22:25,45.1,1
did:key:z6MkhzvFpiSyvTwMqCCeFUZG77BEMDPSPBRnfAAebWBTDdSA,883,889,09-28 22:35,09-28 23:05,45.1,6
did:key:z6MkiiBSdRuYrigRhkwZfnkVeNUdFSLpfxWZWSdLMvHMxw3a,890,896,09-28 23:10,09-28 23:40,,6
did:key:z6MkiiBSdRuYrigRhkwZfnkVeNUdFSLpfxWZWSdLMvHMxw3a,896,897,09-28 23:40,09-28 23:45,,1
did:key:z6MkiiBSdRuYrigRhkwZfnkVeNUdFSLpfxWZWSdLMvHMxw3a,903,904,09-29 00:15,09-29 00:20,,1
did:key:z6MkiiBSdRuYrigRhkwZfnkVeNUdFSLpfxWZWSdLMvHMxw3a,911,917,09-29 00:55,09-29 01:25,,6
did:key:z6MkfhqU7wcLgT1QUTNYW2PMX2knkzFSK5b8ik2dSsXciuvp,679,712,09-28 05:35,09-28 08:21,-43.04,33
did:key:z6MkfhqU7wcLgT1QUTNYW2PMX2knkzFSK5b8ik2dSsXciuvp,713,722,09-28 08:26,09-28 09:11,,9
did:key:z6MkfpWuFFCfe9s7N9MMvriFaepePJQ8sbnGThWL2kBXd7bi,679,712,09-28 05:35,09-28 08:21,-43.04,33
did:key:z6MkfpWuFFCfe9s7N9MMvriFaepePJQ8sbnGThWL2kBXd7bi,713,722,09-28 08:26,09-28 09:11,,9
did:key:z6MkfpWuFFCfe9s7N9MMvriFaepePJQ8sbnGThWL2kBXd7bi,845,852,09-28 19:25,09-28 20:00,,7
did:key:z6MkhLstptgqBxQ2bJHY6HCbBXcN2kUbtox9n91BT1eGmbsV,679,712,09-28 05:35,09-28 08:21,-43.04,33
did:key:z6MkhLstptgqBxQ2bJHY6HCbBXcN2kUbtox9n91BT1eGmbsV,713,722,09-28 08:26,09-28 09:11,,9
did:key:z6MkhLstptgqBxQ2bJHY6HCbBXcN2kUbtox9n91BT1eGmbsV,853,858,09-28 20:05,09-28 20:30,45.1,5
did:key:z6MkhLstptgqBxQ2bJHY6HCbBXcN2kUbtox9n91BT1eGmbsV,867,873,09-28 21:15,09-28 21:45,45.1,6
did:key:z6MkhLstptgqBxQ2bJHY6HCbBXcN2kUbtox9n91BT1eGmbsV,883,889,09-28 22:35,09-28 23:05,45.1,6
did:key:z6MkhnTuKBZJPXj2Set3wwgh9R3heHVywvi6g9NQK7q4wXKA,679,712,09-28 05:35,09-28 08:21,-43.04,33
did:key:z6MkhnTuKBZJPXj2Set3wwgh9R3heHVywvi6g9NQK7q4wXKA,713,722,09-28 08:26,09-28 09:11,,9
did:key:z6Mkhv256nrda1DQ2ZprjmKZaSYY2qPYT28P2E6g8Rb7jLLK,679,712,09-28 05:35,09-28 08:21,-43.04,33
did:key:z6Mkhv256nrda1DQ2ZprjmKZaSYY2qPYT28P2E6g8Rb7jLLK,713,722,09-28 08:26,09-28 09:11,,9
did:key:z6Mkhv256nrda1DQ2ZprjmKZaSYY2qPYT28P2E6g8Rb7jLLK,853,859,09-28 20:05,09-28 20:35,45.06,6
did:key:z6Mkhv256nrda1DQ2ZprjmKZaSYY2qPYT28P2E6g8Rb7jLLK,867,873,09-28 21:15,09-28 21:45,45.04,6
did:key:z6Mkhv256nrda1DQ2ZprjmKZaSYY2qPYT28P2E6g8Rb7jLLK,880,881,09-28 22:20,09-28 22:25,,1
did:key:z6Mkhv256nrda1DQ2ZprjmKZaSYY2qPYT28P2E6g8Rb7jLLK,883,891,09-28 22:35,09-28 23:15,44.97,8
did:key:z6MkiVG3u7YMNntFpgWM52LBSw9L1bfNCAYANgn3idcrKaw3,679,712,09-28 05:35,09-28 08:21,-43.04,33
did:key:z6MkiVG3u7YMNntFpgWM52LBSw9L1bfNCAYANgn3idcrKaw3,713,722,09-28 08:26,09-28 09:11,,9
did:key:z6MkiVG3u7YMNntFpgWM52LBSw9L1bfNCAYANgn3idcrKaw3,845,852,09-28 19:25,09-28 20:00,,7
did:key:z6Mkikc69bB8vVLZvXdGtgsYjsgRJ1MkZ9yQHJgcYU86JwZD,679,712,09-28 05:35,09-28 08:21,-43.04,33
did:key:z6Mkikc69bB8vVLZvXdGtgsYjsgRJ1MkZ9yQHJgcYU86JwZD,713,722,09-28 08:26,09-28 09:11,,9
did:key:z6Mkikc69bB8vVLZvXdGtgsYjsgRJ1MkZ9yQHJgcYU86JwZD,845,852,09-28 19:25,09-28 20:00,,7
did:key:z6MkjGddkRtDALP7TRjAB6ZEJKFcWZiqYUUShxYitUzFxSaU,679,712,09-28 05:35,09-28 08:21,-43.04,33
did:key:z6MkjGddkRtDALP7TRjAB6ZEJKFcWZiqYUUShxYitUzFxSaU,713,722,09-28 08:26,09-28 09:11,,9
did:key:z6MkjGddkRtDALP7TRjAB6ZEJKFcWZiqYUUShxYitUzFxSaU,853,859,09-28 20:05,09-28 20:35,45.06,6
did:key:z6MkjGddkRtDALP7TRjAB6ZEJKFcWZiqYUUShxYitUzFxSaU,867,873,09-28 21:15,09-28 21:45,45.04,6
did:key:z6MkjGddkRtDALP7TRjAB6ZEJKFcWZiqYUUShxYitUzFxSaU,880,881,09-28 22:20,09-28 22:25,,1
did:key:z6MkjGddkRtDALP7TRjAB6ZEJKFcWZiqYUUShxYitUzFxSaU,883,891,09-28 22:35,09-28 23:15,44.97,8
did:key:z6Mkjro32VJLSnnasHGF3g2on3nGNierRw6wf7myiQvvtaGw,679,712,09-28 05:35,09-28 08:21,-43.04,33
did:key:z6Mkjro32VJLSnnasHGF3g2on3nGNierRw6wf7myiQvvtaGw,713,722,09-28 08:26,09-28 09:11,,9
did:key:z6MkkSciVy2Whv6k4iYwPM1mdBDAXsrWfhQnHkJnKoKNCPgP,679,712,09-28 05:35,09-28 08:21,-43.04,33
did:key:z6MkkSciVy2Whv6k4iYwPM1mdBDAXsrWfhQnHkJnKoKNCPgP,713,722,09-28 08:26,09-28 09:11,,9
did:key:z6MkkSciVy2Whv6k4iYwPM1mdBDAXsrWfhQnHkJnKoKNCPgP,845,852,09-28 19:25,09-28 20:00,,7
did:key:z6MkmYw8p6iKqgFnz4125K2hpHY2g3scWhwEToGJoBk9u8tg,679,712,09-28 05:35,09-28 08:21,-43.04,33
did:key:z6MkmYw8p6iKqgFnz4125K2hpHY2g3scWhwEToGJoBk9u8tg,713,722,09-28 08:26,09-28 09:11,,9
did:key:z6MkmYw8p6iKqgFnz4125K2hpHY2g3scWhwEToGJoBk9u8tg,853,858,09-28 20:05,09-28 20:30,45.1,5
did:key:z6MkmYw8p6iKqgFnz4125K2hpHY2g3scWhwEToGJoBk9u8tg,867,873,09-28 21:15,09-28 21:45,45.1,6
did:key:z6MkmYw8p6iKqgFnz4125K2hpHY2g3scWhwEToGJoBk9u8tg,883,889,09-28 22:35,09-28 23:05,45.1,6
did:key:z6MknDvzeYhuz5RTUHn11TPUP9TucG9TbequrhGzFQFtngCs,679,712,09-28 05:35,09-28 08:21,-43.04,33
did:key:z6MknDvzeYhuz5RTUHn11TPUP9TucG9TbequrhGzFQFtngCs,713,722,09-28 08:26,09-28 09:11,,9
did:key:z6MknDvzeYhuz5RTUHn11TPUP9TucG9TbequrhGzFQFtngCs,845,850,09-28 19:25,09-28 19:50,,5
did:key:z6MknRSQYBoXvgMDFxPsDRFci54dFiiq8iH99ewkjX2L83vQ,679,712,09-28 05:35,09-28 08:21,-43.04,33
did:key:z6MknRSQYBoXvgMDFxPsDRFci54dFiiq8iH99ewkjX2L83vQ,713,722,09-28 08:26,09-28 09:11,,9
did:key:z6MknYWj79DeEXUsfJmS6q5NpnxKGaNq4JSvaxxUtjM1DTRW,679,712,09-28 05:35,09-28 08:21,-43.04,33
did:key:z6MknYWj79DeEXUsfJmS6q5NpnxKGaNq4JSvaxxUtjM1DTRW,713,722,09-28 08:26,09-28 09:11,,9
did:key:z6MknsqXBsrha3t9ZWqcLw6KQx7RPErPAwemhgKzaVDW32yW,679,712,09-28 05:35,09-28 08:21,-43.04,33
did:key:z6MknsqXBsrha3t9ZWqcLw6KQx7RPErPAwemhgKzaVDW32yW,713,722,09-28 08:26,09-28 09:11,,9
did:key:z6MknsqXBsrha3t9ZWqcLw6KQx7RPErPAwemhgKzaVDW32yW,853,858,09-28 20:05,09-28 20:30,,5
did:key:z6MknsqXBsrha3t9ZWqcLw6KQx7RPErPAwemhgKzaVDW32yW,867,873,09-28 21:15,09-28 21:45,45.06,6
did:key:z6MknsqXBsrha3t9ZWqcLw6KQx7RPErPAwemhgKzaVDW32yW,883,889,09-28 22:35,09-28 23:05,,6
did:key:z6Mkp7ZJai2HaN4PGyMmBEfS8EzKb4N1E8GTeJRXP51cLoVv,682,712,09-28 05:50,09-28 08:21,-43.14,30
did:key:z6Mkp7ZJai2HaN4PGyMmBEfS8EzKb4N1E8GTeJRXP51cLoVv,713,722,09-28 08:26,09-28 09:11,,9
did:key:z6MkpQgGHZZz7cB8kUjF2zS8uPj74qmYWNEW4qaTG4vc7TuK,682,712,09-28 05:50,09-28 08:21,-43.14,30
did:key:z6MkpQgGHZZz7cB8kUjF2zS8uPj74qmYWNEW4qaTG4vc7TuK,713,722,09-28 08:26,09-28 09:11,,9
did:key:z6MkpQgGHZZz7cB8kUjF2zS8uPj74qmYWNEW4qaTG4vc7TuK,846,848,09-28 19:30,09-28 19:40,,2
did:key:z6MkhqdxU6yiLAG3egnKvXKr8CKbYpvfRTeQkRzgNbjCYLa4,680,712,09-28 05:40,09-28 08:21,-43.04,32
did:key:z6MkhqdxU6yiLAG3egnKvXKr8CKbYpvfRTeQkRzgNbjCYLa4,713,722,09-28 08:26,09-28 09:11,,9
did:key:z6MkjHAsyw3x6s6qLghue3uGNGmS4Xp618Hzbq4hwKwifWiy,680,712,09-28 05:40,09-28 08:21,-43.04,32
did:key:z6MkjHAsyw3x6s6qLghue3uGNGmS4Xp618Hzbq4hwKwifWiy,713,722,09-28 08:26,09-28 09:11,,9
did:key:z6MkpmE36ygo2WqxDwQUa9Qo4Xft5ooEXwJkWAfbX2aBSvjp,682,712,09-28 05:50,09-28 08:21,-43.14,30
did:key:z6MkpmE36ygo2WqxDwQUa9Qo4Xft5ooEXwJkWAfbX2aBSvjp,713,721,09-28 08:26,09-28 09:06,,8
did:key:z6MkqYCCnZqgd6tp4rmdg2KN1GWgDaCNMRDWdJdvA6bFw2iY,682,712,09-28 05:50,09-28 08:21,-43.14,30
did:key:z6MkqYCCnZqgd6tp4rmdg2KN1GWgDaCNMRDWdJdvA6bFw2iY,713,721,09-28 08:26,09-28 09:06,,8
did:key:z6Mkqxoe9eqgayUJA2RYEyawuxYSFqxLAs6UhE9hCqYM6G27,718,720,09-28 08:51,09-28 09:01,,2
did:key:z6Mkqxoe9eqgayUJA2RYEyawuxYSFqxLAs6UhE9hCqYM6G27,853,859,09-28 20:05,09-28 20:35,45.06,6
did:key:z6Mkqxoe9eqgayUJA2RYEyawuxYSFqxLAs6UhE9hCqYM6G27,867,873,09-28 21:15,09-28 21:45,45.04,6
did:key:z6Mkqxoe9eqgayUJA2RYEyawuxYSFqxLAs6UhE9hCqYM6G27,880,881,09-28 22:20,09-28 22:25,,1
did:key:z6Mkqxoe9eqgayUJA2RYEyawuxYSFqxLAs6UhE9hCqYM6G27,883,891,09-28 22:35,09-28 23:15,44.97,8
did:key:z6MkrQUDWwAnqXJJ3kfDLBE6uU7fHGyJG5vXfyeJs4CgKjkx,718,720,09-28 08:51,09-28 09:01,,2
did:key:z6Mku67NxkSiN9LbDWraiDWX7BmPR3hjAzV9TxAEEuSKDSoG,721,723,09-28 09:06,09-28 09:16,,2
did:key:z6MkeuhC9DzbVUHtAc5XPV3RDHELkcPfbFeQsodhZXHuepNE,722,723,09-28 09:11,09-28 09:16,,1
did:key:z6Mki5rpRkwvQhFdXJ58F6vKghQZqnCdDTeaKZ6fxEnf4kC6,723,725,09-28 09:16,09-28 09:26,,2
did:key:z6Mkej3iJfymdGcL4Hwp8su1C5aLUdt9Sgemn1KwhEbEQ55a,723,724,09-28 09:16,09-28 09:21,,1
did:key:z6MkwTr9s46dp1jTQkeESqkN37YRJ5uxpSoWXVYND9p62AjS,723,724,09-28 09:16,09-28 09:21,,1
did:key:z6MkhGbg6pc64X9XupSFRVRHbjgVdpChz1NxVXfHhrt5xmHW,723,737,09-28 09:16,09-28 10:26,,14
did:key:z6MkhGbg6pc64X9XupSFRVRHbjgVdpChz1NxVXfHhrt5xmHW,737,740,09-28 10:26,09-28 10:41,,3
did:key:z6MkhGbg6pc64X9XupSFRVRHbjgVdpChz1NxVXfHhrt5xmHW,745,752,09-28 11:06,09-28 11:41,,7
did:key:z6MkpNQp5u6yDuvkPqRSx4V31ikio7czV7oGQQi5QT94VpuK,824,828,09-28 17:40,09-28 18:00,,4
did:key:z6MkpeDbuAYF7rDvUcceGkGF8bC72yvzVAG1qAFkY2oTRqJw,845,852,09-28 19:25,09-28 20:00,,7
did:key:z6MkqiRKcTp7FSwZD62J4CSnhiRapwmQxhJziwd5XzhcfnxG,824,828,09-28 17:40,09-28 18:00,,4
did:key:z6Mkw56YqF7LwDa9G2vNqotqUQehu2Y4hea5QKCxMSQW5Ub5,873,874,09-28 21:45,09-28 21:50,,1
did:key:z6Mkw56YqF7LwDa9G2vNqotqUQehu2Y4hea5QKCxMSQW5Ub5,878,879,09-28 22:10,09-28 22:15,,1
did:key:z6MkpnzA5Q76ZgqSMcnpyEEhFe6XLrtWjgvtXv1j4fKNJnN6,883,888,09-28 22:35,09-28 23:00,,5
did:key:z6MkqeWN7uevC6gc6MKtBhMW1cVFkKQwiEWjaaCUGhgKnKpP,824,828,09-28 17:40,09-28 18:00,,4
did:key:z6Mku8JwayAGPBwMxfKzrQB38G4ydcorRksPCgRXqgkgCZiq,878,879,09-28 22:10,09-28 22:15,,1
did:key:z6MkerAZtkjEVYGQniNC9qKEodQNZP2j4un2wq1r43wBYxWA,724,726,09-28 09:21,09-28 09:31,,2
did:key:z6Mkmwfiw81rcU9GgxiMPsiVT3CG8RN8WKbYmDm3EW4FJ7tk,818,821,09-28 17:10,09-28 17:25,,3
did:key:z6Mkmwfiw81rcU9GgxiMPsiVT3CG8RN8WKbYmDm3EW4FJ7tk,830,832,09-28 18:10,09-28 18:20,,2
did:key:z6Mkmwfiw81rcU9GgxiMPsiVT3CG8RN8WKbYmDm3EW4FJ7tk,834,835,09-28 18:30,09-28 18:35,,1
did:key:z6Mkmwfiw81rcU9GgxiMPsiVT3CG8RN8WKbYmDm3EW4FJ7tk,847,852,09-28 19:35,09-28 20:00,,5
did:key:z6MkvssrEFGRqrYzjkUiDnKDj9i9kudV7MK9c8GwZiBmSh9g,830,832,09-28 18:10,09-28 18:20,,2
did:key:z6MkvssrEFGRqrYzjkUiDnKDj9i9kudV7MK9c8GwZiBmSh9g,834,835,09-28 18:30,09-28 18:35,,1
did:key:z6MkvssrEFGRqrYzjkUiDnKDj9i9kudV7MK9c8GwZiBmSh9g,847,852,09-28 19:35,09-28 20:00,,5
did:key:z6MkifkuPt3n13Qg9j2W65F6X3mGztNZeKDQGve3vzuoSisX,822,828,09-28 17:30,09-28 18:00,,6
did:key:z6MkqhoCKDiJ1tLgxpChzfL8bzBoy6hJYS6J7tUGtL4jvqGe,823,828,09-28 17:35,09-28 18:00,,5
did:key:z6Mkh5o6hLGgpWVnG1FCkEVpCLkz6KP5D91CKmM4hsKqwrXL,853,859,09-28 20:05,09-28 20:35,43.26,6
did:key:z6Mkh5o6hLGgpWVnG1FCkEVpCLkz6KP5D91CKmM4hsKqwrXL,867,873,09-28 21:15,09-28 21:45,43.24,6
did:key:z6Mkh5o6hLGgpWVnG1FCkEVpCLkz6KP5D91CKmM4hsKqwrXL,880,881,09-28 22:20,09-28 22:25,,1
did:key:z6Mkh5o6hLGgpWVnG1FCkEVpCLkz6KP5D91CKmM4hsKqwrXL,883,889,09-28 22:35,09-28 23:05,,6
did:key:z6Mkh5o6hLGgpWVnG1FCkEVpCLkz6KP5D91CKmM4hsKqwrXL,889,890,09-28 23:05,09-28 23:10,,1
did:key:z6Mkh5o6hLGgpWVnG1FCkEVpCLkz6KP5D91CKmM4hsKqwrXL,892,902,09-28 23:20,09-29 00:10,-41.46,10
did:key:z6Mkh5o6hLGgpWVnG1FCkEVpCLkz6KP5D91CKmM4hsKqwrXL,909,910,09-29 00:45,09-29 00:51,,1
did:key:z6MkiBgP2xiqXuVknWeRd1sopNNVXvW4a9zJd5Uc1Vj9BG2N,846,852,09-28 19:30,09-28 20:00,,6
did:key:z6MkjSefCj2CN335PyvfGBLhWfqYWK97EjCoNPoY5mVehbvC,725,728,09-28 09:26,09-28 09:41,,3
did:key:z6MkjSefCj2CN335PyvfGBLhWfqYWK97EjCoNPoY5mVehbvC,750,755,09-28 11:31,09-28 11:56,-40.66,5
did:key:z6MkjSefCj2CN335PyvfGBLhWfqYWK97EjCoNPoY5mVehbvC,756,761,09-28 12:01,09-28 12:26,-40.07,5
did:key:z6Mkhyj7zPsxs8ogJy5jRWRZ8SCc4qM897EjcViZvPdeGxP4,725,831,09-28 09:26,09-28 18:15,-41.65,106
did:key:z6MkjQJymHxnBQ5VuPWBPjN2MWGeBGPU1bxCZf6FfMNfVa4M,725,750,09-28 09:26,09-28 11:31,-41.65,25
did:key:z6MkpHe5BUDxHhWNrika5R5eoazhCaHfFkcFD2fUcTtLLoYT,725,750,09-28 09:26,09-28 11:31,-41.65,25
did:key:z6MkwN7kQAden9NPP7JWU8jV2cQV8pnnbc1JkoowPwJCJ3YE,725,822,09-28 09:26,09-28 17:30,-41.65,97
did:key:z6MkwN7kQAden9NPP7JWU8jV2cQV8pnnbc1JkoowPwJCJ3YE,829,832,09-28 18:05,09-28 18:20,,3
did:key:z6MkwN7kQAden9NPP7JWU8jV2cQV8pnnbc1JkoowPwJCJ3YE,834,838,09-28 18:30,09-28 18:50,,4
did:key:z6MkwN7kQAden9NPP7JWU8jV2cQV8pnnbc1JkoowPwJCJ3YE,853,859,09-28 20:05,09-28 20:35,43.39,6
did:key:z6MkwN7kQAden9NPP7JWU8jV2cQV8pnnbc1JkoowPwJCJ3YE,866,877,09-28 21:10,09-28 22:05,43.44,11
did:key:z6MkwN7kQAden9NPP7JWU8jV2cQV8pnnbc1JkoowPwJCJ3YE,880,892,09-28 22:20,09-28 23:20,43.46,12
did:key:z6MkwN7kQAden9NPP7JWU8jV2cQV8pnnbc1JkoowPwJCJ3YE,894,896,09-28 23:30,09-28 23:40,,2
did:key:z6Mkp1Ggj1uG6H7fZu9ikoNRXZA6Fu6ks2yhweSydxGWfJnB,725,750,09-28 09:26,09-28 11:31,-41.64,25
did:key:z6MkvCfJEv9H32qkeiEzf4MkVY8q5mDVHxezttrv7gpdSNFR,725,831,09-28 09:26,09-28 18:15,-41.64,106
did:key:z6MkvQfNWa3gaGqqDMdAyzTB7XKAhx4ua3AyeLBv2h5te3wN,725,831,09-28 09:26,09-28 18:15,-41.64,106
did:key:z6MkwK7d1ctNe5TZXtZjCpXB9r3VLbUTB2DYKsNbV9Xgs8iB,725,750,09-28 09:26,09-28 11:31,-41.64,25
did:key:z6MkmZ4sudDgaxErBzrV23tpBc4XeYaZbAXCJeTk9cBGSczu,725,751,09-28 09:26,09-28 11:36,-41.65,26
did:key:z6MkoHCHygryNbBK2s9yQeAwkcBEFnqnPWnEuV7SQpzm4m9o,725,831,09-28 09:26,09-28 18:15,-41.65,106
did:key:z6MkuFLbQVavnCXBBsDAdSowctRtgDER4gfvnp2sT9keehgR,725,751,09-28 09:26,09-28 11:36,-41.65,26
did:key:z6MkuhtkBwiYcrotMuf4gUj9HRxuzXatNWDUQ65ZmbDAGqAK,725,831,09-28 09:26,09-28 18:15,-41.65,106
did:key:z6MkodAbZBnULUPxtgn41ET8N6GugnBcsJPLPrRhoiN1PSus,751,760,09-28 11:36,09-28 12:21,-41.92,9
did:key:z6MkodAbZBnULUPxtgn41ET8N6GugnBcsJPLPrRhoiN1PSus,761,822,09-28 12:26,09-28 17:30,-41.69,61
did:key:z6MkodAbZBnULUPxtgn41ET8N6GugnBcsJPLPrRhoiN1PSus,829,832,09-28 18:05,09-28 18:20,,3
did:key:z6MkodAbZBnULUPxtgn41ET8N6GugnBcsJPLPrRhoiN1PSus,834,838,09-28 18:30,09-28 18:50,,4
did:key:z6MkodAbZBnULUPxtgn41ET8N6GugnBcsJPLPrRhoiN1PSus,853,859,09-28 20:05,09-28 20:35,43.36,6
did:key:z6MkodAbZBnULUPxtgn41ET8N6GugnBcsJPLPrRhoiN1PSus,866,873,09-28 21:10,09-28 21:45,43.42,7
did:key:z6MkodAbZBnULUPxtgn41ET8N6GugnBcsJPLPrRhoiN1PSus,874,878,09-28 21:50,09-28 22:10,,4
did:key:z6MkodAbZBnULUPxtgn41ET8N6GugnBcsJPLPrRhoiN1PSus,878,882,09-28 22:10,09-28 22:30,,4
did:key:z6MkoGhwoYEbW8sJ23sXYt6hMW3TWJAZrVE6DsjBMT7YxH2V,752,822,09-28 11:41,09-28 17:30,-41.78,70
did:key:z6MkoGhwoYEbW8sJ23sXYt6hMW3TWJAZrVE6DsjBMT7YxH2V,829,832,09-28 18:05,09-28 18:20,,3
did:key:z6MkoGhwoYEbW8sJ23sXYt6hMW3TWJAZrVE6DsjBMT7YxH2V,834,836,09-28 18:30,09-28 18:40,,2
did:key:z6MkoGhwoYEbW8sJ23sXYt6hMW3TWJAZrVE6DsjBMT7YxH2V,848,852,09-28 19:40,09-28 20:00,,4
did:key:z6Mkro5Jrz3GsiYD7KtGrq5XRMHTDNQVhPwgTrigSjoFn3uM,726,744,09-28 09:31,09-28 11:01,-42.54,18
did:key:z6MkfHHQrmvYAxms3RARnNenBNWhknCA6F5oa2TVD3zxXoZQ,726,753,09-28 09:31,09-28 11:46,-41.64,27
did:key:z6MkgXDJzsJFVoiseqycdkYmyyiudH4GTCBDWsQj9BgbU7Pq,726,831,09-28 09:31,09-28 18:15,-41.64,105
did:key:z6MkgpJ6muQxwX2A8AGpGgDChsQak3cnzDtcAp2VzSdRKtaG,726,831,09-28 09:31,09-28 18:15,-41.64,105
did:key:z6MkgswJiapADyFa5QgbzjA4rEJMQAo33QVU4JDySog1ynxX,726,753,09-28 09:31,09-28 11:46,-41.64,27
did:key:z6MkiJz4iA71ZV9t2Nnbeim77jtb3PKynSbzbuS8J7vjcwFt,726,753,09-28 09:31,09-28 11:46,-41.64,27
did:key:z6Mkj7kQF8GjsAWcAi5xLDT4tA88YnJGDaed9ATw7ANsV3HF,726,823,09-28 09:31,09-28 17:35,-41.64,97
did:key:z6Mkj7kQF8GjsAWcAi5xLDT4tA88YnJGDaed9ATw7ANsV3HF,829,832,09-28 18:05,09-28 18:20,,3
did:key:z6Mkj7kQF8GjsAWcAi5xLDT4tA88YnJGDaed9ATw7ANsV3HF,834,838,09-28 18:30,09-28 18:50,,4
did:key:z6Mkj7kQF8GjsAWcAi5xLDT4tA88YnJGDaed9ATw7ANsV3HF,849,852,09-28 19:45,09-28 20:00,,3
did:key:z6MkpSvEKATx6J7pFKGPXiBCvr2BH11bdKV2cZ9XS8UPWcy5,727,753,09-28 09:36,09-28 11:46,-41.71,26
did:key:z6MktQqz9u31KVHJFmxEjhWHvaU5fQ537HmRd9Es3mXqQwNH,727,823,09-28 09:36,09-28 17:35,-41.71,96
did:key:z6MktQqz9u31KVHJFmxEjhWHvaU5fQ537HmRd9Es3mXqQwNH,829,832,09-28 18:05,09-28 18:20,,3
did:key:z6MktQqz9u31KVHJFmxEjhWHvaU5fQ537HmRd9Es3mXqQwNH,834,838,09-28 18:30,09-28 18:50,,4
did:key:z6MktQqz9u31KVHJFmxEjhWHvaU5fQ537HmRd9Es3mXqQwNH,853,859,09-28 20:05,09-28 20:35,43.43,6
did:key:z6MktQqz9u31KVHJFmxEjhWHvaU5fQ537HmRd9Es3mXqQwNH,866,875,09-28 21:10,09-28 21:55,43.48,9
did:key:z6MktQqz9u31KVHJFmxEjhWHvaU5fQ537HmRd9Es3mXqQwNH,876,880,09-28 22:00,09-28 22:20,,4
did:key:z6MktQqz9u31KVHJFmxEjhWHvaU5fQ537HmRd9Es3mXqQwNH,880,882,09-28 22:20,09-28 22:30,,2
did:key:z6MkoNLtayzKxyQxegty6PJXUjKcgd9ozSao3qL2CbQQbkd1,729,752,09-28 09:46,09-28 11:41,-41.71,23
did:key:z6MkhioeMdHWJ9Y8vdYF6XpsSWVxDKWRKUpmVRTGYyhMZepV,730,749,09-28 09:51,09-28 11:26,-41.7,19
did:key:z6MkhioeMdHWJ9Y8vdYF6XpsSWVxDKWRKUpmVRTGYyhMZepV,751,752,09-28 11:36,09-28 11:41,,1
did:key:z6MkwNgTaJRxDcn3rSpm8A44XdAFdecNT53HDRn4SxqtW8jC,751,760,09-28 11:36,09-28 12:21,-41.95,9
did:key:z6MkwNgTaJRxDcn3rSpm8A44XdAFdecNT53HDRn4SxqtW8jC,761,823,09-28 12:26,09-28 17:35,-41.71,62
did:key:z6MkwNgTaJRxDcn3rSpm8A44XdAFdecNT53HDRn4SxqtW8jC,829,832,09-28 18:05,09-28 18:20,,3
did:key:z6MkwNgTaJRxDcn3rSpm8A44XdAFdecNT53HDRn4SxqtW8jC,834,838,09-28 18:30,09-28 18:50,,4
did:key:z6MkwNgTaJRxDcn3rSpm8A44XdAFdecNT53HDRn4SxqtW8jC,849,852,09-28 19:45,09-28 20:00,,3
did:key:z6MkwbYvzwcqWcyQKMSuuhKrgWRDu1p4oXtAsJzY9dFQHvQJ,751,760,09-28 11:36,09-28 12:21,-41.95,9
did:key:z6MkwbYvzwcqWcyQKMSuuhKrgWRDu1p4oXtAsJzY9dFQHvQJ,761,823,09-28 12:26,09-28 17:35,-41.71,62
did:key:z6MkwbYvzwcqWcyQKMSuuhKrgWRDu1p4oXtAsJzY9dFQHvQJ,829,832,09-28 18:05,09-28 18:20,,3
did:key:z6MkwbYvzwcqWcyQKMSuuhKrgWRDu1p4oXtAsJzY9dFQHvQJ,834,838,09-28 18:30,09-28 18:50,,4
did:key:z6MkwbYvzwcqWcyQKMSuuhKrgWRDu1p4oXtAsJzY9dFQHvQJ,849,852,09-28 19:45,09-28 20:00,,3
did:key:z6MksS1mriAEhegAtvkjVQsx1SbZ2T1u2jLzKZ6zuo5kb4YV,752,831,09-28 11:41,09-28 18:15,-41.78,79
did:key:z6MktEby3E3jb21aUoDbu7DXtTpGZyyEkq9Asup6sg4JFpTo,753,831,09-28 11:46,09-28 18:15,-41.69,78
did:key:z6MkmpyfTwkYGSawNhVGCm3ACmvDybTcTtb9ReX3APEzV66Y,753,754,09-28 11:46,09-28 11:51,,1
did:key:z6Mkr5Avn4gktiEDyKhDc3Re1FGoy1hVYhfEgwtUkhn9E8Ph,753,829,09-28 11:46,09-28 18:05,-41.7,76
did:key:z6MktTFTjVbuiKUrueJXgoYcgdogQehpTWud9PYBZ8jCkiJH,754,829,09-28 11:51,09-28 18:05,-41.65,75
did:key:z6MkeWPdMwZnhbrHCVspG6vg1CVUUyJqWKUcrvWyLfQ4hKPs,754,755,09-28 11:51,09-28 11:56,,1
did:key:z6MkgJKsiN6P4mdS1gyusd5VTNbzBGqt82UeGh8pUjr1R8uG,756,822,09-28 12:01,09-28 17:30,-41.5,66
did:key:z6MkgJKsiN6P4mdS1gyusd5VTNbzBGqt82UeGh8pUjr1R8uG,829,832,09-28 18:05,09-28 18:20,,3
did:key:z6MkgJKsiN6P4mdS1gyusd5VTNbzBGqt82UeGh8pUjr1R8uG,834,835,09-28 18:30,09-28 18:35,,1
did:key:z6MkgJKsiN6P4mdS1gyusd5VTNbzBGqt82UeGh8pUjr1R8uG,847,852,09-28 19:35,09-28 20:00,,5
did:key:z6MkkW7A31C6B6UpyGMuBLmGy5333NcH2KXHDDnm4MjaLHzG,756,829,09-28 12:01,09-28 18:05,-41.5,73
did:key:z6Mknt7PoiKkdMe989cHb1QuVSQ7FZt74QNiTyfqkhUWG6Gb,766,829,09-28 12:51,09-28 18:05,-41.55,63
did:key:z6Mkq2bWmKcTho1WXkjE51vnE7T7KmN1nHr2kK9qFvcadVWs,818,822,09-28 17:10,09-28 17:30,,4
did:key:z6Mkq2bWmKcTho1WXkjE51vnE7T7KmN1nHr2kK9qFvcadVWs,829,832,09-28 18:05,09-28 18:20,,3
did:key:z6Mkq2bWmKcTho1WXkjE51vnE7T7KmN1nHr2kK9qFvcadVWs,834,835,09-28 18:30,09-28 18:35,,1
did:key:z6Mkq2bWmKcTho1WXkjE51vnE7T7KmN1nHr2kK9qFvcadVWs,853,859,09-28 20:05,09-28 20:35,43.32,6
did:key:z6Mkq2bWmKcTho1WXkjE51vnE7T7KmN1nHr2kK9qFvcadVWs,866,873,09-28 21:10,09-28 21:45,43.37,7
did:key:z6Mkq2bWmKcTho1WXkjE51vnE7T7KmN1nHr2kK9qFvcadVWs,874,878,09-28 21:50,09-28 22:10,,4
did:key:z6Mkq2bWmKcTho1WXkjE51vnE7T7KmN1nHr2kK9qFvcadVWs,878,882,09-28 22:10,09-28 22:30,,4
did:key:z6Mkfx2HhHrZHLjSMghXgqSvc6DTmPEQAYoaNafvCvGhzKS8,823,828,09-28 17:35,09-28 18:00,,5
did:key:z6MkhxffSFtSDsG4aEdgcPQbirJnoJpD2PUmBCmsgKfP2RYf,823,828,09-28 17:35,09-28 18:00,,5
did:key:z6Mksi4HJHewQVQbCPL9AYggRAzZX9baLShoUgYueFDdYXux,823,824,09-28 17:35,09-28 17:40,,1
did:key:z6MkjV6W4oH9cUZGDZCDCLw7HH95vmnrgWwsin6rx9n9DYcD,823,828,09-28 17:35,09-28 18:00,,5
did:key:z6MkqMYjwf1vF7nrXySoDeVmN8xQS57BY1hZUi8WMMNFosGu,824,828,09-28 17:40,09-28 18:00,,4
did:key:z6MkfwSoBUiTafqoBpx6QAkKqAgnUNK1Jndko28qKGRPnGz8,826,828,09-28 17:50,09-28 18:00,,2
did:key:z6MkhdtDm1fqQmWBSdhB8p27pqsXw1j7AVXx3w3eJw3MjcPR,830,832,09-28 18:10,09-28 18:20,,2
did:key:z6MkhdtDm1fqQmWBSdhB8p27pqsXw1j7AVXx3w3eJw3MjcPR,853,859,09-28 20:05,09-28 20:35,43.26,6
did:key:z6MkhdtDm1fqQmWBSdhB8p27pqsXw1j7AVXx3w3eJw3MjcPR,867,873,09-28 21:15,09-28 21:45,43.24,6
did:key:z6MkhdtDm1fqQmWBSdhB8p27pqsXw1j7AVXx3w3eJw3MjcPR,880,881,09-28 22:20,09-28 22:25,,1
did:key:z6MkhdtDm1fqQmWBSdhB8p27pqsXw1j7AVXx3w3eJw3MjcPR,883,889,09-28 22:35,09-28 23:05,,6
did:key:z6MkhdtDm1fqQmWBSdhB8p27pqsXw1j7AVXx3w3eJw3MjcPR,889,895,09-28 23:05,09-28 23:35,,6
did:key:z6MkhdtDm1fqQmWBSdhB8p27pqsXw1j7AVXx3w3eJw3MjcPR,895,902,09-28 23:35,09-29 00:10,,7
did:key:z6MkhdtDm1fqQmWBSdhB8p27pqsXw1j7AVXx3w3eJw3MjcPR,902,903,09-29 00:10,09-29 00:15,,1
did:key:z6MkhdtDm1fqQmWBSdhB8p27pqsXw1j7AVXx3w3eJw3MjcPR,907,911,09-29 00:35,09-29 00:55,,4
did:key:z6MkhdtDm1fqQmWBSdhB8p27pqsXw1j7AVXx3w3eJw3MjcPR,913,915,09-29 01:05,09-29 01:15,,2
did:key:z6Mkt9y1nC3Eq6VmHPMiDcndPAAfFwbwjCUmRPajaDEyHv26,830,832,09-28 18:10,09-28 18:20,,2
did:key:z6Mkt9y1nC3Eq6VmHPMiDcndPAAfFwbwjCUmRPajaDEyHv26,847,852,09-28 19:35,09-28 20:00,,5
did:key:z6MksrMQDDdCq4NMjtd4AyVGERxw77PCNNepygK5WEEUJYFg,832,833,09-28 18:20,09-28 18:25,,1
did:key:z6MkpnekNnRNtyCmetsunNJ24RcBJZK6beR8nNgH3x5oA1xW,853,859,09-28 20:05,09-28 20:35,43.24,6
did:key:z6MkpnekNnRNtyCmetsunNJ24RcBJZK6beR8nNgH3x5oA1xW,867,872,09-28 21:15,09-28 21:40,,5
did:key:z6MkpnekNnRNtyCmetsunNJ24RcBJZK6beR8nNgH3x5oA1xW,874,878,09-28 21:50,09-28 22:10,,4
did:key:z6MkpnekNnRNtyCmetsunNJ24RcBJZK6beR8nNgH3x5oA1xW,878,882,09-28 22:10,09-28 22:30,,4
did:key:z6MkhaiJiWhenFddiC8CiD6QLfYeTpvEy4c8bdBjJSJspnad,832,833,09-28 18:20,09-28 18:25,,1
did:key:z6MkhdUMun6JvHpyfdJkupEHM8T9S7hSFqwzVjTYP1szCxqY,832,833,09-28 18:20,09-28 18:25,,1
did:key:z6MkhdUMun6JvHpyfdJkupEHM8T9S7hSFqwzVjTYP1szCxqY,835,837,09-28 18:35,09-28 18:45,,2
did:key:z6MkhdUMun6JvHpyfdJkupEHM8T9S7hSFqwzVjTYP1szCxqY,839,840,09-28 18:55,09-28 19:00,,1
did:key:z6MkhdUMun6JvHpyfdJkupEHM8T9S7hSFqwzVjTYP1szCxqY,842,843,09-28 19:10,09-28 19:15,,1
did:key:z6MkiVD67fsmQvfuU5tmcSyRtY4CbPzQrz93ZmYXmUFfKjjD,832,833,09-28 18:20,09-28 18:25,,1
did:key:z6MkiVD67fsmQvfuU5tmcSyRtY4CbPzQrz93ZmYXmUFfKjjD,836,837,09-28 18:40,09-28 18:45,,1
did:key:z6MkiVD67fsmQvfuU5tmcSyRtY4CbPzQrz93ZmYXmUFfKjjD,839,840,09-28 18:55,09-28 19:00,,1
did:key:z6MkuBgsMZL6C13H2jZQQBPLRJhGUCct7WYQGfUeHrhfiY8e,836,837,09-28 18:40,09-28 18:45,,1
did:key:z6MkuBgsMZL6C13H2jZQQBPLRJhGUCct7WYQGfUeHrhfiY8e,839,840,09-28 18:55,09-28 19:00,,1
did:key:z6MkfJDzRynRHqQFfT6W2cUXXKmgFXPBfvVdCae8UCrmFyYF,860,865,09-28 20:40,09-28 21:05,-40.89,5
did:key:z6MkhxtDQ9FTacQhM4hRgiovU9HdJtPWVoZKcUajqAEhTLAt,834,852,09-28 18:30,09-28 20:00,-42.22,18
did:key:z6MkpRDeoB4CtaSCRyMXVucRdB8xJDpiw5nsAJmZNXnheoVQ,834,852,09-28 18:30,09-28 20:00,-42.22,18
did:key:z6MkmcNL9r5nPc2GMQvLd7mzpraj4YGna5BiTU2LsFjcJF94,834,852,09-28 18:30,09-28 20:00,-42.2,18
did:key:z6MkpA3dQjRh6r8dADPbj5QoVjzUgmfATr7tLjiKCdXMiTza,834,852,09-28 18:30,09-28 20:00,-42.2,18
did:key:z6MkjUdE2mKw1BFwPKB3e9MJtqUbw5noqH8K41p25WWjqrHe,834,847,09-28 18:30,09-28 19:35,-42.17,13
did:key:z6MktYdPrzMaLQ7sqXPQPQMuTqLTcv8Z4XtrbgzkLfkvB541,835,845,09-28 18:35,09-28 19:25,-42.19,10
did:key:z6Mko31A51Y2rqDkAAN1csgVxfgq94tDb9XpGLooXoNeyWYr,835,845,09-28 18:35,09-28 19:25,-42.18,10
did:key:z6Mki86qezgidWJV4SkEV1JuW1WoUFvf26Yv6LvXPcgWupkt,835,845,09-28 18:35,09-28 19:25,-42.19,10
did:key:z6Mkj8E5NxiPyK6cwEJqCZweKrLg4AVG8V7QgaNtNWanUJ6C,835,844,09-28 18:35,09-28 19:20,,9
did:key:z6MkqGAg9EQTaJXHXykqxcda6tBHu8VyYVa24HumnrCFGCWF,835,840,09-28 18:35,09-28 19:00,,5
did:key:z6MkqGAg9EQTaJXHXykqxcda6tBHu8VyYVa24HumnrCFGCWF,842,844,09-28 19:10,09-28 19:20,,2
did:key:z6MkqfhYo8tHq2Ai3KcQf2x4B5ZDJuFBGEL9jvPZokApWnnk,835,840,09-28 18:35,09-28 19:00,,5
did:key:z6MkqfhYo8tHq2Ai3KcQf2x4B5ZDJuFBGEL9jvPZokApWnnk,842,844,09-28 19:10,09-28 19:20,,2
did:key:z6MkmzD6yXHBaDMsgdaMoF3BuRXygW4Htdqxm3T1Z8MHHXdF,836,844,09-28 18:40,09-28 19:20,,8
did:key:z6MkpdD2jMxYEhFaJNF2cTjV1p1VoquG6ycNCYm6RWE3PGcv,836,837,09-28 18:40,09-28 18:45,,1
did:key:z6MkpdD2jMxYEhFaJNF2cTjV1p1VoquG6ycNCYm6RWE3PGcv,839,840,09-28 18:55,09-28 19:00,,1
did:key:z6MkpdD2jMxYEhFaJNF2cTjV1p1VoquG6ycNCYm6RWE3PGcv,842,843,09-28 19:10,09-28 19:15,,1
did:key:z6MkntEYuRGkWq4ruDwCrRRqYm52oQjeD9Hw1uyrSdTSGpKt,836,837,09-28 18:40,09-28 18:45,,1
did:key:z6MkntEYuRGkWq4ruDwCrRRqYm52oQjeD9Hw1uyrSdTSGpKt,839,840,09-28 18:55,09-28 19:00,,1
did:key:z6Mkn2Mn3GdfiM6WzGn65wSPKp9dn9tDs5R5DJyywn2ef4JY,839,840,09-28 18:55,09-28 19:00,,1
did:key:z6Mkn2Mn3GdfiM6WzGn65wSPKp9dn9tDs5R5DJyywn2ef4JY,842,844,09-28 19:10,09-28 19:20,,2
did:key:z6MksGdtaCufx157XReMTGf4JrT5HEqMozmYd7WjgHtqwmQX,838,846,09-28 18:50,09-28 19:30,-42.35,8
did:key:z6MkijUxZfJuDg2917DroggSwxAr5NetdHoAgXnVhoAWWeEZ,838,846,09-28 18:50,09-28 19:30,-42.36,8
did:key:z6MkvALgTc75NZrwQBS1DWFtysK81qx2NWhce3JY3VXepqjo,838,846,09-28 18:50,09-28 19:30,-42.33,8
did:key:z6MkwNRxBS4FgusJCEiKeDooHcqFn6uymd3ojs8Xy4tptRqB,838,845,09-28 18:50,09-28 19:25,,7
did:key:z6MkfYGQSCEHgTqqSM1qSUspdJxqm1JcWRoa2XhhCQvpr96U,838,844,09-28 18:50,09-28 19:20,,6
did:key:z6MknE2s3Vx5Hix5eBbQwkBSEToLxQHEtmkpZbk7p4umVZsC,839,852,09-28 18:55,09-28 20:00,-42.36,13
did:key:z6MkrYe7wTsFboEJVvQWT4EAKBq8nM5ofE8GEKE4CDVKXmua,839,852,09-28 18:55,09-28 20:00,-42.36,13
did:key:z6MkodYt5nUcWP4ChFQadfP9dYXx6yRZWLoirV2KSkaXMVSa,844,852,09-28 19:20,09-28 20:00,,8
did:key:z6MksGVbHe1n7y8UGJWEb3ShDRcwH7a9WqUqKo1LDuJRbxte,844,852,09-28 19:20,09-28 20:00,,8
did:key:z6MktwtY8iKGzHCUqD9GuikT7dQDMcjsGJ8B9NCtQ93LAJ9R,845,852,09-28 19:25,09-28 20:00,,7
did:key:z6MkwKggwVLqGGAf4TRNYdPHXaoB5EApG97iohaidjjvbBSY,846,848,09-28 19:30,09-28 19:40,,2
did:key:z6MkkrJSgnqjmaundGEh53CD9iS1CpvKuXxMuVoaExSxYeTm,851,852,09-28 19:55,09-28 20:00,,1
did:key:z6Mksks63WCWHbkTBEtK7ntsQxLDVLjmsbxneKLF6rYoUihK,853,859,09-28 20:05,09-28 20:35,45.06,6
did:key:z6Mksks63WCWHbkTBEtK7ntsQxLDVLjmsbxneKLF6rYoUihK,867,873,09-28 21:15,09-28 21:45,45.04,6
did:key:z6Mksks63WCWHbkTBEtK7ntsQxLDVLjmsbxneKLF6rYoUihK,880,881,09-28 22:20,09-28 22:25,,1
did:key:z6Mksks63WCWHbkTBEtK7ntsQxLDVLjmsbxneKLF6rYoUihK,883,891,09-28 22:35,09-28 23:15,44.97,8
did:key:z6MkvjUhDq72Pqqv4vpofLqWigZC6qjQVsjMN9NGQQwh5RYM,853,859,09-28 20:05,09-28 20:35,45.06,6
did:key:z6MkvjUhDq72Pqqv4vpofLqWigZC6qjQVsjMN9NGQQwh5RYM,867,873,09-28 21:15,09-28 21:45,45.04,6
did:key:z6MkvjUhDq72Pqqv4vpofLqWigZC6qjQVsjMN9NGQQwh5RYM,880,881,09-28 22:20,09-28 22:25,,1
did:key:z6MkvjUhDq72Pqqv4vpofLqWigZC6qjQVsjMN9NGQQwh5RYM,883,889,09-28 22:35,09-28 23:05,,6
did:key:z6MkemmY8tsy47qJ19ibP3VZwYXzhJg9HVjPXCzzoXZvcpb6,853,859,09-28 20:05,09-28 20:35,45.06,6
did:key:z6MkemmY8tsy47qJ19ibP3VZwYXzhJg9HVjPXCzzoXZvcpb6,867,873,09-28 21:15,09-28 21:45,45.04,6
did:key:z6MkemmY8tsy47qJ19ibP3VZwYXzhJg9HVjPXCzzoXZvcpb6,880,881,09-28 22:20,09-28 22:25,,1
did:key:z6MkemmY8tsy47qJ19ibP3VZwYXzhJg9HVjPXCzzoXZvcpb6,883,889,09-28 22:35,09-28 23:05,,6
did:key:z6MktVUkTrWMrUxFRvSuwghZXjRL6uNKaw9h51JLr2FVC6e9,853,859,09-28 20:05,09-28 20:35,45.06,6
did:key:z6MktVUkTrWMrUxFRvSuwghZXjRL6uNKaw9h51JLr2FVC6e9,867,873,09-28 21:15,09-28 21:45,45.04,6
did:key:z6MktVUkTrWMrUxFRvSuwghZXjRL6uNKaw9h51JLr2FVC6e9,880,881,09-28 22:20,09-28 22:25,,1
did:key:z6MktVUkTrWMrUxFRvSuwghZXjRL6uNKaw9h51JLr2FVC6e9,883,889,09-28 22:35,09-28 23:05,,6
did:key:z6Mkng4whyJMarYG5D9WN5tSY2wFuh1G4eh3M1sD3tsqGvQH,853,857,09-28 20:05,09-28 20:25,,4
did:key:z6Mkng4whyJMarYG5D9WN5tSY2wFuh1G4eh3M1sD3tsqGvQH,867,872,09-28 21:15,09-28 21:40,,5
did:key:z6Mkng4whyJMarYG5D9WN5tSY2wFuh1G4eh3M1sD3tsqGvQH,883,889,09-28 22:35,09-28 23:05,,6
did:key:z6Mkng4whyJMarYG5D9WN5tSY2wFuh1G4eh3M1sD3tsqGvQH,889,905,09-28 23:05,09-29 00:25,-43.69,16
did:key:z6Mkng4whyJMarYG5D9WN5tSY2wFuh1G4eh3M1sD3tsqGvQH,906,917,09-29 00:30,09-29 01:25,-43.83,11
did:key:z6MksjDT99eGthLM8ij3QGcwyu7cve4e6gTmijyHmctmRT2V,853,857,09-28 20:05,09-28 20:25,,4
did:key:z6MksjDT99eGthLM8ij3QGcwyu7cve4e6gTmijyHmctmRT2V,868,872,09-28 21:20,09-28 21:40,,4
did:key:z6MksjDT99eGthLM8ij3QGcwyu7cve4e6gTmijyHmctmRT2V,883,889,09-28 22:35,09-28 23:05,,6
did:key:z6MksjDT99eGthLM8ij3QGcwyu7cve4e6gTmijyHmctmRT2V,889,905,09-28 23:05,09-29 00:25,-32.18,16
did:key:z6MksjDT99eGthLM8ij3QGcwyu7cve4e6gTmijyHmctmRT2V,907,917,09-29 00:35,09-29 01:25,-32.22,10
did:key:z6Mkfsqkeepmokzu1qd8kPizN5cW5r1ryWDd8Y3ZZrTYSNHQ,858,866,09-28 20:30,09-28 21:10,-43.43,8
did:key:z6MkkdsnHRYex9NZdZF2brEXi9qWJFGrVGeyXuoNtKNquA18,858,866,09-28 20:30,09-28 21:10,-42.8,8
did:key:z6MkiB6YLuhA1rGs77eMzSVANfLygeXDDE7vbPNVr8MmgL3A,859,866,09-28 20:35,09-28 21:10,-42.24,7
did:key:z6MkeaUqYfagdK45dHDFsRGioZsrD84XoTuFfrK9SrfBpGxN,859,866,09-28 20:35,09-28 21:10,-43.75,7
did:key:z6MknZB451gpgRDFo7fwuM2v4M4g75NSmw6HMwqjeQKhTt6f,859,866,09-28 20:35,09-28 21:10,-43.75,7
did:key:z6MkiBeqnj2x56nUYHCAe8BxEtCAM1VkxYv9pz9ChjgD8ouo,859,866,09-28 20:35,09-28 21:10,-43.75,7
did:key:z6Mknjah1jZbLY8wy92SLGzhuXoiuuCeFAw53deGUMPUAr7g,859,866,09-28 20:35,09-28 21:10,-43.75,7
did:key:z6MkfYGyFibd5QwX2b28oHiDGAaxnM14pwBc1r8TdXR3qaNq,859,865,09-28 20:35,09-28 21:05,-42.23,6
did:key:z6MkfPXUbCVELSmYY3uSDwbxmPFwkYTLANyxMhVAwSJDb1y6,860,865,09-28 20:40,09-28 21:05,-43.84,5
did:key:z6MkmyQB2qShSRhxsTLcFcEXSusTbb1iF1xn7pEHX3gouN8d,860,865,09-28 20:40,09-28 21:05,-43.84,5
did:key:z6MkotaMT3KLPCAm9X8NLcn7GFYGi7Jy4fG3nhxxToeXoCNn,860,865,09-28 20:40,09-28 21:05,-43.84,5
did:key:z6Mkss5DjaS91oVmUu32rDWpE96kVuUMWcgCmcLVJDKHeQrV,860,865,09-28 20:40,09-28 21:05,-43.84,5
did:key:z6MkpP5dH3emTUV5fM1T5DtCsKWFiikqSTMpuCjU96gXFkmW,860,865,09-28 20:40,09-28 21:05,-43.84,5
did:key:z6MkuzFfGFqPR7fyQjX5TQsHXLTh9B4xYb7hGNP5T6BndU5P,860,865,09-28 20:40,09-28 21:05,-43.84,5
did:key:z6MkspsvjQfnNUPzGQC7gGifdbzSGQTKvVXDxnqpcYfJGSY4,860,865,09-28 20:40,09-28 21:05,-43.84,5
did:key:z6MktXKS4T7jv87TwfFArAaKdBMT16q31ec6SV9XyqoHA33v,860,863,09-28 20:40,09-28 20:55,,3
did:key:z6Mkr5ZUCWaDkPn2j4NHqqd656GVNVQ2Nn8ZLBUkGvRFzSH7,860,865,09-28 20:40,09-28 21:05,-42.33,5
did:key:z6MkrS5zyuvRcPTAC5XPPN3vK9SNM186uwyDGJaredfGdYcb,860,863,09-28 20:40,09-28 20:55,,3
did:key:z6MkfTJtarCaFWFZS6Y16yuT1eDoAjWvrtNpGCoPmRs8roHg,860,863,09-28 20:40,09-28 20:55,,3
did:key:z6MkffvGLgxpweL9roPYJ6rHMPoBKHVQuEAHbxcXnViW33bv,860,863,09-28 20:40,09-28 20:55,,3
did:key:z6MkmUS8YuhVuskVGhVQY7usL9BFp1iRwduAJBvpqp4G3qu6,860,863,09-28 20:40,09-28 20:55,,3
did:key:z6MkqV8eotgb1p1bWhnP8tjeyPdcQwMf8tJWW7AsDNkfSCGm,860,861,09-28 20:40,09-28 20:45,,1
did:key:z6MkfRphdv2sKzUxqHeYTjg9a9nhwPWipyis1UmTUdmaun5P,860,861,09-28 20:40,09-28 20:45,,1
did:key:z6MkmyETVEdcaQfYkDqZz8hrmkJ6Ksq244wq4J4dd2wnrsT6,860,861,09-28 20:40,09-28 20:45,,1
did:key:z6MkfAmQvitTi7NdzvYBCDELxU1Yj5e7MWzxEjZHcWVD5YWc,864,866,09-28 21:00,09-28 21:10,,2
did:key:z6MkuaDVME8LS6MXCoUQRSkTS4dZiHn4kRKTVBeavzHMeTER,864,866,09-28 21:00,09-28 21:10,,2
did:key:z6MkubniRbAHwvn7vGpmq33wuVkPxpbzBAZTFuqfeud44gNs,864,866,09-28 21:00,09-28 21:10,,2
did:key:z6MkwZaMmWH3aoVDo61UCnoGtZ5YRBdGEUKWMqrGdcXSKF8q,865,866,09-28 21:05,09-28 21:10,,1
did:key:z6MkroWknkHmcTvqzngtz5L1dQrVixGWW6NK8ZWrUbskf3ER,865,866,09-28 21:05,09-28 21:10,,1
did:key:z6MkepUjC6ybLua221ayhd1t3GosfR84TLstkUqPRixuDbJ5,873,874,09-28 21:45,09-28 21:50,,1
did:key:z6MkepUjC6ybLua221ayhd1t3GosfR84TLstkUqPRixuDbJ5,878,879,09-28 22:10,09-28 22:15,,1
did:key:z6Mkn5pKYro4FPwB6LWBAK6NAXZ4Frq37gvYZRoAQrVmJQkd,873,874,09-28 21:45,09-28 21:50,,1
did:key:z6MkvLF7tDopeKBkRPJnroxLbci5yFThhb8W4o9fuTQybxz7,2070,2075,10-03 01:33,10-03 01:58,,5
did:key:z6MkvLF7tDopeKBkRPJnroxLbci5yFThhb8W4o9fuTQybxz7,2077,2082,10-03 02:08,10-03 02:33,,5
did:key:z6MkvLF7tDopeKBkRPJnroxLbci5yFThhb8W4o9fuTQybxz7,2084,2099,10-03 02:42,10-03 03:55,46.28,15
did:key:z6MkvLF7tDopeKBkRPJnroxLbci5yFThhb8W4o9fuTQybxz7,2107,2113,10-03 04:35,10-03 05:05,,6
did:key:z6MkvLF7tDopeKBkRPJnroxLbci5yFThhb8W4o9fuTQybxz7,2118,2122,10-03 05:30,10-03 05:50,,4
did:key:z6MkvLF7tDopeKBkRPJnroxLbci5yFThhb8W4o9fuTQybxz7,2122,2167,10-03 05:50,10-03 09:35,-44.62,45
did:key:z6Mkp2XPmTsoSeKJ5TfDp5UCwLT69y4AkJvrPo6sVQU7ez8P,874,878,09-28 21:50,09-28 22:10,,4
did:key:z6Mkp2XPmTsoSeKJ5TfDp5UCwLT69y4AkJvrPo6sVQU7ez8P,878,879,09-28 22:10,09-28 22:15,,1
did:key:z6Mkp2XPmTsoSeKJ5TfDp5UCwLT69y4AkJvrPo6sVQU7ez8P,881,882,09-28 22:25,09-28 22:30,,1
did:key:z6MkmMq54rV8311UCyqw71wHDKzqCkfxG5gfgohkjRZ2ept3,875,879,09-28 21:55,09-28 22:15,,4
did:key:z6MkmMq54rV8311UCyqw71wHDKzqCkfxG5gfgohkjRZ2ept3,879,882,09-28 22:15,09-28 22:30,,3
did:key:z6Mkv9ENVGoVB69M3RDJt8dCeQandDogmM7JYqGSGopBTUfa,876,879,09-28 22:00,09-28 22:15,,3
did:key:z6Mkv9ENVGoVB69M3RDJt8dCeQandDogmM7JYqGSGopBTUfa,881,882,09-28 22:25,09-28 22:30,,1
did:key:z6Mkhg9VSjM1EzZS5VQAfDgzDwuJTf8sHWWE8FXvKbmEDp4S,876,879,09-28 22:00,09-28 22:15,,3
did:key:z6Mkhg9VSjM1EzZS5VQAfDgzDwuJTf8sHWWE8FXvKbmEDp4S,881,882,09-28 22:25,09-28 22:30,,1
did:key:z6Mkf26Ldyk3YK22DXKmhGgspgzhwowE1pyLBScTFpmqNFCu,876,879,09-28 22:00,09-28 22:15,,3
did:key:z6Mkf26Ldyk3YK22DXKmhGgspgzhwowE1pyLBScTFpmqNFCu,881,882,09-28 22:25,09-28 22:30,,1
did:key:z6Mkgrx4soKRxnizMNiE72wZgZtpanexeuKRJcVKtPDP82xN,876,879,09-28 22:00,09-28 22:15,,3
did:key:z6Mkgrx4soKRxnizMNiE72wZgZtpanexeuKRJcVKtPDP82xN,881,882,09-28 22:25,09-28 22:30,,1
did:key:z6Mkt6TYi8NfKpmrtDTUAH6BwiyTzs7rBqpegTSrQyb5H2a9,876,879,09-28 22:00,09-28 22:15,,3
did:key:z6MkoawzKYxksUyTB1ZA5eRtsTtHU45sUQaATNocTHRoEJe2,878,879,09-28 22:10,09-28 22:15,,1
did:key:z6Mkj4o7HuUaZWBHr5uhzah2hey7fJKFqeg9mDqzgMr8jRCS,878,879,09-28 22:10,09-28 22:15,,1
did:key:z6Mkp9UsFXDnUQ1f7YwE33yGRHNPJxBKKt57ws85RLHtDDXQ,876,879,09-28 22:00,09-28 22:15,,3
did:key:z6MkuXnaVxgWzZBa5PFdkB7eWSbtSCJZ6aQ3o9c7U8bDoy5F,878,879,09-28 22:10,09-28 22:15,,1
did:key:z6MkuBQkmHz8YahVAZtVCyCbaURzAefWp2sCLTasbYjtytvY,878,879,09-28 22:10,09-28 22:15,,1
did:key:z6MkiiFk6oXHaGP9sb8H6PzEwmyWG6pfhGhRZYwLM12tga3D,878,879,09-28 22:10,09-28 22:15,,1
did:key:z6MkkPSCEUaSbi33w69e6QkimrAq8ALd5Jr5EBbbS619RxWM,878,879,09-28 22:10,09-28 22:15,,1
did:key:z6MknRz3KaMZh3cCdSmBJ1Jy6aYWy3AvTsBguxV1Jt3s7VMt,878,879,09-28 22:10,09-28 22:15,,1
did:key:z6Mkr9qSbn2wnrYrkRA5Jj1gjXC1DsWnzhxEEMYtwrcaky6G,878,879,09-28 22:10,09-28 22:15,,1
did:key:z6MkkXe3k3TCDzcEtLGeGJ4HYNY7uD4UkYrHt1hkdhHsCn6v,878,879,09-28 22:10,09-28 22:15,,1
did:key:z6Mkq2rqvNSACgLU83RFPTisEbDFjs1KhFfkg1D4ahR8aLiV,881,882,09-28 22:25,09-28 22:30,,1
did:key:z6Mkhq917QzVNNqcqoms4BaNKGkiNVrinsLMVwhDbYLUYv5f,881,882,09-28 22:25,09-28 22:30,,1
did:key:z6Mkj5FLpKeee7CM71kUf9UrX583oniWpHLgM4qBBz1yHC8Z,883,887,09-28 22:35,09-28 22:55,,4
did:key:z6MkjgMn3X3sUfVTMjEoWt975VMnUpJnm73nCp4GzpnEhpSa,889,900,09-28 23:05,09-29 00:00,-41.24,11
did:key:z6MkjgMn3X3sUfVTMjEoWt975VMnUpJnm73nCp4GzpnEhpSa,901,901,09-29 00:05,09-29 00:05,,0
did:key:z6MkjgMn3X3sUfVTMjEoWt975VMnUpJnm73nCp4GzpnEhpSa,903,909,09-29 00:15,09-29 00:45,,6
did:key:z6MkjgMn3X3sUfVTMjEoWt975VMnUpJnm73nCp4GzpnEhpSa,911,921,09-29 00:55,09-29 01:45,43.67,10
did:key:z6MkjYJbZdkeKa3Mdq7eAckG2wpQah1qQdUpcVEsopxfTXuC,883,889,09-28 22:35,09-28 23:05,,6
did:key:z6MkjYJbZdkeKa3Mdq7eAckG2wpQah1qQdUpcVEsopxfTXuC,889,901,09-28 23:05,09-29 00:05,-41.3,12
did:key:z6MkjYJbZdkeKa3Mdq7eAckG2wpQah1qQdUpcVEsopxfTXuC,902,906,09-29 00:10,09-29 00:30,,4
did:key:z6MkjYJbZdkeKa3Mdq7eAckG2wpQah1qQdUpcVEsopxfTXuC,906,926,09-29 00:30,09-29 02:10,43.46,20
did:key:z6MkmFPqvtgJf7AnwAcZoUxLdgRvWMY1Spu5P2kxta1KDrXB,884,886,09-28 22:40,09-28 22:50,,2
did:key:z6Mkfsu6VW7Qx4NjYgsAUzjWZ7a6CoCaFn75X4z3vw4SeUdu,887,896,09-28 22:55,09-28 23:40,-41.29,9
did:key:z6Mkfsu6VW7Qx4NjYgsAUzjWZ7a6CoCaFn75X4z3vw4SeUdu,897,897,09-28 23:45,09-28 23:45,,0
did:key:z6Mkfsu6VW7Qx4NjYgsAUzjWZ7a6CoCaFn75X4z3vw4SeUdu,903,921,09-29 00:15,09-29 01:45,43.69,18
did:key:z6Mkfsu6VW7Qx4NjYgsAUzjWZ7a6CoCaFn75X4z3vw4SeUdu,922,926,09-29 01:50,09-29 02:10,,4
did:key:z6Mkfsu6VW7Qx4NjYgsAUzjWZ7a6CoCaFn75X4z3vw4SeUdu,947,948,09-29 03:55,09-29 04:00,,1
did:key:z6Mkh5aUD8qexPTEgPox7K9x8Anxosd1fW5tUrtipahjuTvS,888,899,09-28 23:00,09-28 23:55,-41.33,11
did:key:z6Mkh5aUD8qexPTEgPox7K9x8Anxosd1fW5tUrtipahjuTvS,900,900,09-29 00:00,09-29 00:00,,0
did:key:z6Mkh5aUD8qexPTEgPox7K9x8Anxosd1fW5tUrtipahjuTvS,903,921,09-29 00:15,09-29 01:45,43.84,18
did:key:z6Mkh5aUD8qexPTEgPox7K9x8Anxosd1fW5tUrtipahjuTvS,922,926,09-29 01:50,09-29 02:10,,4
did:key:z6MkfvKLFgGfiq7Q3UhDCNK8iJjiYDu7syob2jAy1UmuTHne,890,897,09-28 23:10,09-28 23:45,-41.33,7
did:key:z6MkfvKLFgGfiq7Q3UhDCNK8iJjiYDu7syob2jAy1UmuTHne,898,898,09-28 23:50,09-28 23:50,,0
did:key:z6MkfvKLFgGfiq7Q3UhDCNK8iJjiYDu7syob2jAy1UmuTHne,903,921,09-29 00:15,09-29 01:45,43.9,18
did:key:z6MkfvKLFgGfiq7Q3UhDCNK8iJjiYDu7syob2jAy1UmuTHne,922,926,09-29 01:50,09-29 02:10,,4
did:key:z6MkfvKLFgGfiq7Q3UhDCNK8iJjiYDu7syob2jAy1UmuTHne,947,948,09-29 03:55,09-29 04:00,,1
did:key:z6MkvseGpKnee3fJU3Ah5v2qgx5biz6jrwgmt98MdRLt3C6u,890,896,09-28 23:10,09-28 23:40,,6
did:key:z6MkvseGpKnee3fJU3Ah5v2qgx5biz6jrwgmt98MdRLt3C6u,903,904,09-29 00:15,09-29 00:20,,1
did:key:z6MkvseGpKnee3fJU3Ah5v2qgx5biz6jrwgmt98MdRLt3C6u,911,917,09-29 00:55,09-29 01:25,,6
did:key:z6MknYBUNfoiPUAJ91fPL4PanbPT7GVStRXR4g1GFTVgqcpr,890,902,09-28 23:10,09-29 00:10,-41.25,12
did:key:z6MknYBUNfoiPUAJ91fPL4PanbPT7GVStRXR4g1GFTVgqcpr,907,910,09-29 00:35,09-29 00:51,,3
did:key:z6Mkv1gDuzfxy7fHAkDcRQjTBVaRpLSvnUbPZE5QrSz1V49S,890,902,09-28 23:10,09-29 00:10,-41.25,12
did:key:z6Mkv1gDuzfxy7fHAkDcRQjTBVaRpLSvnUbPZE5QrSz1V49S,907,910,09-29 00:35,09-29 00:51,,3
did:key:z6MkmoDXMNUcjtjuWHjyFtAnEnKELLAhFxARTq7iQ8LcRkik,890,902,09-28 23:10,09-29 00:10,-41.25,12
did:key:z6MkmoDXMNUcjtjuWHjyFtAnEnKELLAhFxARTq7iQ8LcRkik,907,909,09-29 00:35,09-29 00:45,,2
did:key:z6MkmoDXMNUcjtjuWHjyFtAnEnKELLAhFxARTq7iQ8LcRkik,911,921,09-29 00:55,09-29 01:45,43.53,10
did:key:z6Mkm3f74AHNQoWuXimjjQRjpJLRVVTGE86XB94aqSQkjmeR,890,900,09-28 23:10,09-29 00:00,-41.33,10
did:key:z6Mkm3f74AHNQoWuXimjjQRjpJLRVVTGE86XB94aqSQkjmeR,903,909,09-29 00:15,09-29 00:45,,6
did:key:z6Mkm3f74AHNQoWuXimjjQRjpJLRVVTGE86XB94aqSQkjmeR,911,921,09-29 00:55,09-29 01:45,43.67,10
did:key:z6MkwaWCz752aW9JgC2pmX9FNZ6TqF9Kt8otdNXWuyNYZER7,890,902,09-28 23:10,09-29 00:10,-41.28,12
did:key:z6MkwaWCz752aW9JgC2pmX9FNZ6TqF9Kt8otdNXWuyNYZER7,907,910,09-29 00:35,09-29 00:51,,3
did:key:z6Mki27NAme1mJCb9mg3kzPEsoFA4Gv8katvcg6vemdmQpcW,890,902,09-28 23:10,09-29 00:10,-41.36,12
did:key:z6Mki27NAme1mJCb9mg3kzPEsoFA4Gv8katvcg6vemdmQpcW,907,910,09-29 00:35,09-29 00:51,,3
did:key:z6Mki27NAme1mJCb9mg3kzPEsoFA4Gv8katvcg6vemdmQpcW,912,921,09-29 01:00,09-29 01:45,,9
did:key:z6Mku2uka5P5uHwYxCiFyvdKQcHZr8bemub3S97f4sqd1SVe,892,902,09-28 23:20,09-29 00:10,-41.19,10
did:key:z6Mku2uka5P5uHwYxCiFyvdKQcHZr8bemub3S97f4sqd1SVe,907,910,09-29 00:35,09-29 00:51,,3
did:key:z6MkoV3aJAQN6fArKJwqLwSXePQxkDVhY4hBBP8XjBWCscvA,892,902,09-28 23:20,09-29 00:10,-41.27,10
did:key:z6MkoV3aJAQN6fArKJwqLwSXePQxkDVhY4hBBP8XjBWCscvA,907,910,09-29 00:35,09-29 00:51,,3
did:key:z6MkevZtA2fsFQ47yCoo8ACReG5ob9yLfSXQ46bRuac2Tk4r,892,902,09-28 23:20,09-29 00:10,-41.19,10
did:key:z6MkevZtA2fsFQ47yCoo8ACReG5ob9yLfSXQ46bRuac2Tk4r,909,910,09-29 00:45,09-29 00:51,,1
did:key:z6Mkr94QcmToJQ72CyMkpYLViv9QtTcPeJPAkMT2kYEP5Cab,892,902,09-28 23:20,09-29 00:10,-41.34,10
did:key:z6Mkr94QcmToJQ72CyMkpYLViv9QtTcPeJPAkMT2kYEP5Cab,909,910,09-29 00:45,09-29 00:51,,1
did:key:z6Mkm7mJgakuX821AhrVHEirhH9zrC8reFdzCpW6hAwD7Y6w,892,902,09-28 23:20,09-29 00:10,-41.22,10
did:key:z6MkfrAG9GSBXBvGeKwZk85fR6DXG9gtkqKVyPh41ipawD4S,892,902,09-28 23:20,09-29 00:10,-43.18,10
did:key:z6MkfrAG9GSBXBvGeKwZk85fR6DXG9gtkqKVyPh41ipawD4S,2009,2010,10-02 20:27,10-02 20:32,,1
did:key:z6MkfrAG9GSBXBvGeKwZk85fR6DXG9gtkqKVyPh41ipawD4S,2017,2033,10-02 21:07,10-02 22:27,46.93,16
did:key:z6MkfrAG9GSBXBvGeKwZk85fR6DXG9gtkqKVyPh41ipawD4S,2035,2040,10-02 22:38,10-02 23:03,46.84,5
did:key:z6MkfrAG9GSBXBvGeKwZk85fR6DXG9gtkqKVyPh41ipawD4S,2041,2053,10-02 23:07,10-03 00:08,46.93,12
did:key:z6MkfrAG9GSBXBvGeKwZk85fR6DXG9gtkqKVyPh41ipawD4S,2067,2073,10-03 01:18,10-03 01:47,,6
did:key:z6MksRie4jzehGWx8MhFEkRthF6hYfzi94Y1jaArssq9RjyQ,892,893,09-28 23:20,09-28 23:25,,1
did:key:z6MksRie4jzehGWx8MhFEkRthF6hYfzi94Y1jaArssq9RjyQ,903,926,09-29 00:15,09-29 02:10,45.99,23
did:key:z6MkqNMvPahwki78Ts3g9azQEz6m4q31QKR7UepKq5VTthkP,897,902,09-28 23:45,09-29 00:10,,5
did:key:z6Mkth5DmjKQ7gfW2q3j3G81fmPwVZG3FtpCRdzt8KwQJyxE,897,900,09-28 23:45,09-29 00:00,,3
did:key:z6Mkth5DmjKQ7gfW2q3j3G81fmPwVZG3FtpCRdzt8KwQJyxE,903,904,09-29 00:15,09-29 00:20,,1
did:key:z6Mkth5DmjKQ7gfW2q3j3G81fmPwVZG3FtpCRdzt8KwQJyxE,911,921,09-29 00:55,09-29 01:45,43.68,10
did:key:z6MkvdQw1UqLxtBir3HxAZS6QVUtRbwt4wymXHWGJguka2Lf,898,902,09-28 23:50,09-29 00:10,,4
did:key:z6MkiZHVEXrfZeG4iTGPfdv8Hhfb5kNSqqcoDgJWYC8hGNRu,898,902,09-28 23:50,09-29 00:10,,4
did:key:z6Mknex76NfGQJi6qsXCh9FNBWzmYbPhGqJgtG9c5djCnU6Z,898,902,09-28 23:50,09-29 00:10,,4
did:key:z6MknB1g3kJvXzkvQGtwgsLHnijA37C8VrMme4L7ZYj31mv4,899,902,09-28 23:55,09-29 00:10,,3
did:key:z6MknB1g3kJvXzkvQGtwgsLHnijA37C8VrMme4L7ZYj31mv4,911,921,09-29 00:55,09-29 01:45,43.64,10
did:key:z6MkwCE8x6R7WrdDGY4yPLKkYc7q5bRpvvMwi6qGKkT6qKYN,901,902,09-29 00:05,09-29 00:10,,1
did:key:z6Mkw8c4gZEuoy2XefTAhqBPLSY9yxLUNeHCJvneweQa6EMt,901,902,09-29 00:05,09-29 00:10,,1
did:key:z6MknmMd5Gem5q8ry7t7wo4nkm6Fzq5Bnf2NTEQJjVRft9QH,903,909,09-29 00:15,09-29 00:45,,6
did:key:z6MknmMd5Gem5q8ry7t7wo4nkm6Fzq5Bnf2NTEQJjVRft9QH,911,921,09-29 00:55,09-29 01:45,43.76,10
did:key:z6MkhKkwddkKnrSLNZ4TK5J6p7F2Rjv42hmFy2VCyTsahXMo,903,909,09-29 00:15,09-29 00:45,,6
did:key:z6MkhKkwddkKnrSLNZ4TK5J6p7F2Rjv42hmFy2VCyTsahXMo,911,921,09-29 00:55,09-29 01:45,43.56,10
did:key:z6MkiuLpJW47w7hsq71vLoSVSfTcwJxiLddWS6q8rNEXgwrG,903,908,09-29 00:15,09-29 00:40,,5
did:key:z6MkiuLpJW47w7hsq71vLoSVSfTcwJxiLddWS6q8rNEXgwrG,911,921,09-29 00:55,09-29 01:45,43.76,10
did:key:z6MktQxDqrxquQT4rykUMP4bKzqTXzccx2QAKPxLmwNvCG3R,903,904,09-29 00:15,09-29 00:20,,1
did:key:z6MktQxDqrxquQT4rykUMP4bKzqTXzccx2QAKPxLmwNvCG3R,911,914,09-29 00:55,09-29 01:10,,3
did:key:z6MkwVduMhvHG8R9CfePyBTJK9nXRFg11biiuS4NszUdkK14,903,904,09-29 00:15,09-29 00:20,,1
did:key:z6MkwVduMhvHG8R9CfePyBTJK9nXRFg11biiuS4NszUdkK14,911,917,09-29 00:55,09-29 01:25,,6
did:key:z6MkwVduMhvHG8R9CfePyBTJK9nXRFg11biiuS4NszUdkK14,947,951,09-29 03:55,09-29 04:15,,4
did:key:z6MkoWqdNUuyFBdxVxn1SsJaWTqvxuMucMN7sNdJY9yyZjYK,903,904,09-29 00:15,09-29 00:20,,1
did:key:z6MkoWqdNUuyFBdxVxn1SsJaWTqvxuMucMN7sNdJY9yyZjYK,906,908,09-29 00:30,09-29 00:40,,2
did:key:z6MkoWqdNUuyFBdxVxn1SsJaWTqvxuMucMN7sNdJY9yyZjYK,911,917,09-29 00:55,09-29 01:25,,6
did:key:z6MkhCHbSmyALWPoVqe7op4RhtxuQyTFMkJHLMvg222VApER,903,904,09-29 00:15,09-29 00:20,,1
did:key:z6MkhCHbSmyALWPoVqe7op4RhtxuQyTFMkJHLMvg222VApER,911,917,09-29 00:55,09-29 01:25,,6
did:key:z6MkhCHbSmyALWPoVqe7op4RhtxuQyTFMkJHLMvg222VApER,947,948,09-29 03:55,09-29 04:00,,1
did:key:z6MkvJfZM67zoh7xFzB9eiEvgQB67emS32M9b8pVB4x9gdPQ,903,904,09-29 00:15,09-29 00:20,,1
did:key:z6MkvJfZM67zoh7xFzB9eiEvgQB67emS32M9b8pVB4x9gdPQ,911,920,09-29 00:55,09-29 01:40,43.47,9
did:key:z6Mkgdf9nnUCWA79ZxWGrbZ5U3nqaQCQGGr86oy4cXujX1V1,903,904,09-29 00:15,09-29 00:20,,1
did:key:z6Mkgdf9nnUCWA79ZxWGrbZ5U3nqaQCQGGr86oy4cXujX1V1,907,910,09-29 00:35,09-29 00:51,,3
did:key:z6MknEb3RknPw2H1dDN1vAYtK7tpHTmpE6vyyK9V7367Cfrb,903,904,09-29 00:15,09-29 00:20,,1
did:key:z6MknEb3RknPw2H1dDN1vAYtK7tpHTmpE6vyyK9V7367Cfrb,907,910,09-29 00:35,09-29 00:51,,3
did:key:z6MkuYcfZBydtDNMKmJb7vSVzdtcyKXKNy4wNhjeUmxsdRnF,903,904,09-29 00:15,09-29 00:20,,1
did:key:z6MkuYcfZBydtDNMKmJb7vSVzdtcyKXKNy4wNhjeUmxsdRnF,907,910,09-29 00:35,09-29 00:51,,3
did:key:z6MkpVsNKE2KJNj18Hvjb7W8JX2VXQCSaHwzYzyPuktvsebu,903,904,09-29 00:15,09-29 00:20,,1
did:key:z6MkrQXCpHWWUkwjSpn8B1Egqjf14K9wKmMeQefkX38Go8TV,911,913,09-29 00:55,09-29 01:05,,2
did:key:z6MkrQXCpHWWUkwjSpn8B1Egqjf14K9wKmMeQefkX38Go8TV,915,919,09-29 01:15,09-29 01:35,,4
did:key:z6MkrTZGdPDTuNv5aL1MaSDykn9VSfRpwQEXJuAuK4nue9Kt,911,912,09-29 00:55,09-29 01:00,,1
did:key:z6MkrTZGdPDTuNv5aL1MaSDykn9VSfRpwQEXJuAuK4nue9Kt,915,919,09-29 01:15,09-29 01:35,,4
did:key:z6MkrYRrqxtm3KELyT1GbRy1xsj7PoLj4xFTXNtSchwTxTD1,916,919,09-29 01:20,09-29 01:35,,3
did:key:z6MkrbfhfvLVjxNPRSo2vu4neC484BPhkdtitzATtz67yG8p,918,919,09-29 01:30,09-29 01:35,,1
did:key:z6MkreuVu3WR3iSp5TYEgnf4hsbURh1y85EHAYF1sfPt9YES,918,919,09-29 01:30,09-29 01:35,,1
did:key:z6MkreuVu3WR3iSp5TYEgnf4hsbURh1y85EHAYF1sfPt9YES,1649,1650,10-01 14:27,10-01 14:32,,1
did:key:z6MkreuVu3WR3iSp5TYEgnf4hsbURh1y85EHAYF1sfPt9YES,1668,1669,10-01 16:02,10-01 16:07,,1
did:key:z6MkreuVu3WR3iSp5TYEgnf4hsbURh1y85EHAYF1sfPt9YES,1673,1699,10-01 16:27,10-01 18:38,-45.85,26
did:key:z6MkreuVu3WR3iSp5TYEgnf4hsbURh1y85EHAYF1sfPt9YES,1701,1749,10-01 18:47,10-01 22:47,-45.74,48
did:key:z6MkreuVu3WR3iSp5TYEgnf4hsbURh1y85EHAYF1sfPt9YES,1753,1769,10-01 23:07,10-02 00:27,-45.67,16
did:key:z6MkreuVu3WR3iSp5TYEgnf4hsbURh1y85EHAYF1sfPt9YES,1771,1783,10-02 00:37,10-02 01:37,-46.03,12
did:key:z6MkreuVu3WR3iSp5TYEgnf4hsbURh1y85EHAYF1sfPt9YES,1785,1793,10-02 01:47,10-02 02:27,-45.31,8
did:key:z6MkreuVu3WR3iSp5TYEgnf4hsbURh1y85EHAYF1sfPt9YES,1800,1806,10-02 03:02,10-02 03:32,,6
did:key:z6MkrgNzQ8tGymAW7UjoGhWhYG6taNUvyUr5iCRdPHnCR6up,918,919,09-29 01:30,09-29 01:35,,1
did:key:z6MkrgZSZc6X5dVHyqidg23tJ32fv2CSyhj2sdYZd8xnkAFC,918,919,09-29 01:30,09-29 01:35,,1
did:key:z6MkrhY9iqpvzhyYvKjft75VusUTVrBwV92A7daHGSy9tTJw,918,919,09-29 01:30,09-29 01:35,,1
did:key:z6MkrmdzdoNGNKLwCda4nbJghnJrND42XP6ZaoGQFsdFUF1t,918,919,09-29 01:30,09-29 01:35,,1
did:key:z6Mkrn4zXLHfZZGSx5LVHKaofPcYytGKN7dwAWekPTPXG578,918,919,09-29 01:30,09-29 01:35,,1
did:key:z6Mkrvjx7t8agtHPepLM5xaUsffrVobfYv3pxW58ZBTZMMZv,920,925,09-29 01:40,09-29 02:05,,5
did:key:z6Mkrvjx7t8agtHPepLM5xaUsffrVobfYv3pxW58ZBTZMMZv,929,959,09-29 02:25,09-29 04:57,-43.63,30
did:key:z6Mkrvjx7t8agtHPepLM5xaUsffrVobfYv3pxW58ZBTZMMZv,961,969,09-29 05:06,09-29 05:45,-43.58,8
did:key:z6Mkrvjx7t8agtHPepLM5xaUsffrVobfYv3pxW58ZBTZMMZv,974,976,09-29 06:13,09-29 06:23,,2
did:key:z6Mkrvjx7t8agtHPepLM5xaUsffrVobfYv3pxW58ZBTZMMZv,989,991,09-29 07:25,09-29 07:35,,2
did:key:z6Mkrvjx7t8agtHPepLM5xaUsffrVobfYv3pxW58ZBTZMMZv,1008,1009,09-29 09:00,09-29 09:05,,1
did:key:z6Mkrvjx7t8agtHPepLM5xaUsffrVobfYv3pxW58ZBTZMMZv,1011,1017,09-29 09:15,09-29 09:45,,6
did:key:z6Mkrvjx7t8agtHPepLM5xaUsffrVobfYv3pxW58ZBTZMMZv,1019,1035,09-29 09:55,09-29 11:15,-43.42,16
did:key:z6Mkrvjx7t8agtHPepLM5xaUsffrVobfYv3pxW58ZBTZMMZv,1040,1048,09-29 11:40,09-29 12:21,,8
did:key:z6Mkrvjx7t8agtHPepLM5xaUsffrVobfYv3pxW58ZBTZMMZv,1073,1081,09-29 14:26,09-29 15:06,-43.7,8
did:key:z6Mkrzr4KDiwVZrHe231xcWrMWfQ3yVjU5LiPMnyDdzPiLip,920,925,09-29 01:40,09-29 02:05,,5
did:key:z6Mkrzr4KDiwVZrHe231xcWrMWfQ3yVjU5LiPMnyDdzPiLip,929,959,09-29 02:25,09-29 04:57,-43.63,30
did:key:z6Mkrzr4KDiwVZrHe231xcWrMWfQ3yVjU5LiPMnyDdzPiLip,961,969,09-29 05:06,09-29 05:45,-43.58,8
did:key:z6Mkrzr4KDiwVZrHe231xcWrMWfQ3yVjU5LiPMnyDdzPiLip,974,976,09-29 06:13,09-29 06:23,,2
did:key:z6Mkrzr4KDiwVZrHe231xcWrMWfQ3yVjU5LiPMnyDdzPiLip,989,991,09-29 07:25,09-29 07:35,,2
did:key:z6Mkrzr4KDiwVZrHe231xcWrMWfQ3yVjU5LiPMnyDdzPiLip,1008,1009,09-29 09:00,09-29 09:05,,1
did:key:z6Mkrzr4KDiwVZrHe231xcWrMWfQ3yVjU5LiPMnyDdzPiLip,1011,1017,09-29 09:15,09-29 09:45,,6
did:key:z6Mkrzr4KDiwVZrHe231xcWrMWfQ3yVjU5LiPMnyDdzPiLip,1019,1035,09-29 09:55,09-29 11:15,-43.42,16
did:key:z6Mkrzr4KDiwVZrHe231xcWrMWfQ3yVjU5LiPMnyDdzPiLip,1040,1048,09-29 11:40,09-29 12:21,,8
did:key:z6Mkrzr4KDiwVZrHe231xcWrMWfQ3yVjU5LiPMnyDdzPiLip,1073,1081,09-29 14:26,09-29 15:06,-43.7,8
did:key:z6MkrzxPiWCsPKNPbjJVujeivrW5gPFocTLThCrdZnbRUopu,920,925,09-29 01:40,09-29 02:05,,5
did:key:z6MkrzxPiWCsPKNPbjJVujeivrW5gPFocTLThCrdZnbRUopu,929,959,09-29 02:25,09-29 04:57,-43.63,30
did:key:z6MkrzxPiWCsPKNPbjJVujeivrW5gPFocTLThCrdZnbRUopu,961,969,09-29 05:06,09-29 05:45,-43.58,8
did:key:z6MkrzxPiWCsPKNPbjJVujeivrW5gPFocTLThCrdZnbRUopu,974,976,09-29 06:13,09-29 06:23,,2
did:key:z6MkrzxPiWCsPKNPbjJVujeivrW5gPFocTLThCrdZnbRUopu,989,991,09-29 07:25,09-29 07:35,,2
did:key:z6MkrzxPiWCsPKNPbjJVujeivrW5gPFocTLThCrdZnbRUopu,1008,1009,09-29 09:00,09-29 09:05,,1
did:key:z6MkrzxPiWCsPKNPbjJVujeivrW5gPFocTLThCrdZnbRUopu,1011,1017,09-29 09:15,09-29 09:45,,6
did:key:z6MkrzxPiWCsPKNPbjJVujeivrW5gPFocTLThCrdZnbRUopu,1019,1035,09-29 09:55,09-29 11:15,-43.42,16
did:key:z6MkrzxPiWCsPKNPbjJVujeivrW5gPFocTLThCrdZnbRUopu,1040,1048,09-29 11:40,09-29 12:21,,8
did:key:z6MkrzxPiWCsPKNPbjJVujeivrW5gPFocTLThCrdZnbRUopu,1073,1081,09-29 14:26,09-29 15:06,-43.7,8
did:key:z6Mks1CjZRNyxvd9xsfhZM1cy4BTzRw7kPWNz8nWVs8sjYpU,920,925,09-29 01:40,09-29 02:05,,5
did:key:z6Mks1CjZRNyxvd9xsfhZM1cy4BTzRw7kPWNz8nWVs8sjYpU,929,959,09-29 02:25,09-29 04:57,-43.63,30
did:key:z6Mks1CjZRNyxvd9xsfhZM1cy4BTzRw7kPWNz8nWVs8sjYpU,961,969,09-29 05:06,09-29 05:45,-43.58,8
did:key:z6Mks1CjZRNyxvd9xsfhZM1cy4BTzRw7kPWNz8nWVs8sjYpU,974,976,09-29 06:13,09-29 06:23,,2
did:key:z6Mks1CjZRNyxvd9xsfhZM1cy4BTzRw7kPWNz8nWVs8sjYpU,989,991,09-29 07:25,09-29 07:35,,2
did:key:z6Mks1CjZRNyxvd9xsfhZM1cy4BTzRw7kPWNz8nWVs8sjYpU,1008,1009,09-29 09:00,09-29 09:05,,1
did:key:z6Mks1CjZRNyxvd9xsfhZM1cy4BTzRw7kPWNz8nWVs8sjYpU,1011,1017,09-29 09:15,09-29 09:45,,6
did:key:z6Mks1CjZRNyxvd9xsfhZM1cy4BTzRw7kPWNz8nWVs8sjYpU,1019,1035,09-29 09:55,09-29 11:15,-43.42,16
did:key:z6Mks1CjZRNyxvd9xsfhZM1cy4BTzRw7kPWNz8nWVs8sjYpU,1040,1048,09-29 11:40,09-29 12:21,,8
did:key:z6Mks1CjZRNyxvd9xsfhZM1cy4BTzRw7kPWNz8nWVs8sjYpU,1073,1081,09-29 14:26,09-29 15:06,-43.7,8
did:key:z6Mks3JrbKNF9eUU1McEKPBWqtZtFnuMV2Bk4RbWnf8sn7Yp,920,925,09-29 01:40,09-29 02:05,,5
did:key:z6Mks3JrbKNF9eUU1McEKPBWqtZtFnuMV2Bk4RbWnf8sn7Yp,929,959,09-29 02:25,09-29 04:57,-43.63,30
did:key:z6Mks3JrbKNF9eUU1McEKPBWqtZtFnuMV2Bk4RbWnf8sn7Yp,961,969,09-29 05:06,09-29 05:45,-43.58,8
did:key:z6Mks3JrbKNF9eUU1McEKPBWqtZtFnuMV2Bk4RbWnf8sn7Yp,974,976,09-29 06:13,09-29 06:23,,2
did:key:z6Mks3JrbKNF9eUU1McEKPBWqtZtFnuMV2Bk4RbWnf8sn7Yp,989,991,09-29 07:25,09-29 07:35,,2
did:key:z6Mks3JrbKNF9eUU1McEKPBWqtZtFnuMV2Bk4RbWnf8sn7Yp,1008,1009,09-29 09:00,09-29 09:05,,1
did:key:z6Mks3JrbKNF9eUU1McEKPBWqtZtFnuMV2Bk4RbWnf8sn7Yp,1011,1017,09-29 09:15,09-29 09:45,,6
did:key:z6Mks3JrbKNF9eUU1McEKPBWqtZtFnuMV2Bk4RbWnf8sn7Yp,1019,1035,09-29 09:55,09-29 11:15,-43.42,16
did:key:z6Mks3JrbKNF9eUU1McEKPBWqtZtFnuMV2Bk4RbWnf8sn7Yp,1040,1048,09-29 11:40,09-29 12:21,,8
did:key:z6Mks3JrbKNF9eUU1McEKPBWqtZtFnuMV2Bk4RbWnf8sn7Yp,1073,1081,09-29 14:26,09-29 15:06,-43.7,8
did:key:z6Mks3JrbKNF9eUU1McEKPBWqtZtFnuMV2Bk4RbWnf8sn7Yp,1603,1642,10-01 10:36,10-01 13:52,46.94,39
did:key:z6Mks3JrbKNF9eUU1McEKPBWqtZtFnuMV2Bk4RbWnf8sn7Yp,1643,1650,10-01 13:56,10-01 14:32,,7
did:key:z6Mks3JrbKNF9eUU1McEKPBWqtZtFnuMV2Bk4RbWnf8sn7Yp,1652,1655,10-01 14:42,10-01 14:59,,3
did:key:z6Mks3JrbKNF9eUU1McEKPBWqtZtFnuMV2Bk4RbWnf8sn7Yp,1664,1748,10-01 15:42,10-01 22:42,-45.67,84
did:key:z6Mks3JrbKNF9eUU1McEKPBWqtZtFnuMV2Bk4RbWnf8sn7Yp,1749,1807,10-01 22:47,10-02 03:37,-45.79,58
did:key:z6Mks3JrbKNF9eUU1McEKPBWqtZtFnuMV2Bk4RbWnf8sn7Yp,1814,1876,10-02 04:12,10-02 09:22,-46.25,62
did:key:z6Mks3JrbKNF9eUU1McEKPBWqtZtFnuMV2Bk4RbWnf8sn7Yp,1883,1918,10-02 09:57,10-02 12:55,-45.98,35
did:key:z6Mks3JrbKNF9eUU1McEKPBWqtZtFnuMV2Bk4RbWnf8sn7Yp,1920,1946,10-02 13:02,10-02 15:12,-45.54,26
did:key:z6Mks3JrbKNF9eUU1McEKPBWqtZtFnuMV2Bk4RbWnf8sn7Yp,1949,1959,10-02 15:27,10-02 16:17,,10
did:key:z6Mks3JrbKNF9eUU1McEKPBWqtZtFnuMV2Bk4RbWnf8sn7Yp,1962,1963,10-02 16:32,10-02 16:37,,1
did:key:z6Mks44biH2Dq6vD8NoZf4X3fYtKVvFCmaDfqXtGvbFz4ETv,920,925,09-29 01:40,09-29 02:05,,5
did:key:z6Mks44biH2Dq6vD8NoZf4X3fYtKVvFCmaDfqXtGvbFz4ETv,929,959,09-29 02:25,09-29 04:57,-43.63,30
did:key:z6Mks44biH2Dq6vD8NoZf4X3fYtKVvFCmaDfqXtGvbFz4ETv,961,969,09-29 05:06,09-29 05:45,-43.58,8
did:key:z6Mks44biH2Dq6vD8NoZf4X3fYtKVvFCmaDfqXtGvbFz4ETv,974,976,09-29 06:13,09-29 06:23,,2
did:key:z6Mks44biH2Dq6vD8NoZf4X3fYtKVvFCmaDfqXtGvbFz4ETv,989,991,09-29 07:25,09-29 07:35,,2
did:key:z6Mks44biH2Dq6vD8NoZf4X3fYtKVvFCmaDfqXtGvbFz4ETv,1008,1009,09-29 09:00,09-29 09:05,,1
did:key:z6Mks44biH2Dq6vD8NoZf4X3fYtKVvFCmaDfqXtGvbFz4ETv,1011,1017,09-29 09:15,09-29 09:45,,6
did:key:z6Mks44biH2Dq6vD8NoZf4X3fYtKVvFCmaDfqXtGvbFz4ETv,1019,1035,09-29 09:55,09-29 11:15,-43.42,16
did:key:z6Mks44biH2Dq6vD8NoZf4X3fYtKVvFCmaDfqXtGvbFz4ETv,1040,1048,09-29 11:40,09-29 12:21,,8
did:key:z6Mks44biH2Dq6vD8NoZf4X3fYtKVvFCmaDfqXtGvbFz4ETv,1073,1081,09-29 14:26,09-29 15:06,-43.7,8
did:key:z6Mks7V79ayDVXAZf3Tagmwx8Yx1w5y9rNvFyMUXiCRnpJ8m,920,925,09-29 01:40,09-29 02:05,,5
did:key:z6Mks7V79ayDVXAZf3Tagmwx8Yx1w5y9rNvFyMUXiCRnpJ8m,929,959,09-29 02:25,09-29 04:57,-43.63,30
did:key:z6Mks7V79ayDVXAZf3Tagmwx8Yx1w5y9rNvFyMUXiCRnpJ8m,961,969,09-29 05:06,09-29 05:45,-43.58,8
did:key:z6Mks7V79ayDVXAZf3Tagmwx8Yx1w5y9rNvFyMUXiCRnpJ8m,974,976,09-29 06:13,09-29 06:23,,2
did:key:z6Mks7V79ayDVXAZf3Tagmwx8Yx1w5y9rNvFyMUXiCRnpJ8m,989,991,09-29 07:25,09-29 07:35,,2
did:key:z6Mks7V79ayDVXAZf3Tagmwx8Yx1w5y9rNvFyMUXiCRnpJ8m,1008,1009,09-29 09:00,09-29 09:05,,1
did:key:z6Mks7V79ayDVXAZf3Tagmwx8Yx1w5y9rNvFyMUXiCRnpJ8m,1011,1017,09-29 09:15,09-29 09:45,,6
did:key:z6Mks7V79ayDVXAZf3Tagmwx8Yx1w5y9rNvFyMUXiCRnpJ8m,1019,1035,09-29 09:55,09-29 11:15,-43.42,16
did:key:z6Mks7V79ayDVXAZf3Tagmwx8Yx1w5y9rNvFyMUXiCRnpJ8m,1040,1048,09-29 11:40,09-29 12:21,,8
did:key:z6Mks7V79ayDVXAZf3Tagmwx8Yx1w5y9rNvFyMUXiCRnpJ8m,1073,1081,09-29 14:26,09-29 15:06,-43.7,8
did:key:z6Mks7Yfk53eC8TCXvdp74X7CkcJfUzW7dG2baB1HbC5m24G,920,925,09-29 01:40,09-29 02:05,,5
did:key:z6Mks7Yfk53eC8TCXvdp74X7CkcJfUzW7dG2baB1HbC5m24G,929,959,09-29 02:25,09-29 04:57,-43.63,30
did:key:z6Mks7Yfk53eC8TCXvdp74X7CkcJfUzW7dG2baB1HbC5m24G,961,969,09-29 05:06,09-29 05:45,-43.58,8
did:key:z6Mks7Yfk53eC8TCXvdp74X7CkcJfUzW7dG2baB1HbC5m24G,974,976,09-29 06:13,09-29 06:23,,2
did:key:z6Mks7Yfk53eC8TCXvdp74X7CkcJfUzW7dG2baB1HbC5m24G,989,991,09-29 07:25,09-29 07:35,,2
did:key:z6Mks7Yfk53eC8TCXvdp74X7CkcJfUzW7dG2baB1HbC5m24G,1008,1009,09-29 09:00,09-29 09:05,,1
did:key:z6Mks7Yfk53eC8TCXvdp74X7CkcJfUzW7dG2baB1HbC5m24G,1011,1017,09-29 09:15,09-29 09:45,,6
did:key:z6Mks7Yfk53eC8TCXvdp74X7CkcJfUzW7dG2baB1HbC5m24G,1019,1035,09-29 09:55,09-29 11:15,-43.42,16
did:key:z6Mks7Yfk53eC8TCXvdp74X7CkcJfUzW7dG2baB1HbC5m24G,1040,1048,09-29 11:40,09-29 12:21,,8
did:key:z6Mks7Yfk53eC8TCXvdp74X7CkcJfUzW7dG2baB1HbC5m24G,1073,1081,09-29 14:26,09-29 15:06,-43.7,8
did:key:z6Mks7qqmYDLg5uqF4qcnnba4dWRt3ysTHMWBkaFZ28yaFRi,920,925,09-29 01:40,09-29 02:05,,5
did:key:z6Mks7qqmYDLg5uqF4qcnnba4dWRt3ysTHMWBkaFZ28yaFRi,929,959,09-29 02:25,09-29 04:57,-43.63,30
did:key:z6Mks7qqmYDLg5uqF4qcnnba4dWRt3ysTHMWBkaFZ28yaFRi,961,969,09-29 05:06,09-29 05:45,-43.58,8
did:key:z6Mks7qqmYDLg5uqF4qcnnba4dWRt3ysTHMWBkaFZ28yaFRi,974,976,09-29 06:13,09-29 06:23,,2
did:key:z6Mks7qqmYDLg5uqF4qcnnba4dWRt3ysTHMWBkaFZ28yaFRi,989,991,09-29 07:25,09-29 07:35,,2
did:key:z6Mks7qqmYDLg5uqF4qcnnba4dWRt3ysTHMWBkaFZ28yaFRi,1008,1009,09-29 09:00,09-29 09:05,,1
did:key:z6Mks7qqmYDLg5uqF4qcnnba4dWRt3ysTHMWBkaFZ28yaFRi,1011,1017,09-29 09:15,09-29 09:45,,6
did:key:z6Mks7qqmYDLg5uqF4qcnnba4dWRt3ysTHMWBkaFZ28yaFRi,1019,1035,09-29 09:55,09-29 11:15,-43.42,16
did:key:z6Mks7qqmYDLg5uqF4qcnnba4dWRt3ysTHMWBkaFZ28yaFRi,1040,1048,09-29 11:40,09-29 12:21,,8
did:key:z6Mks7qqmYDLg5uqF4qcnnba4dWRt3ysTHMWBkaFZ28yaFRi,1073,1081,09-29 14:26,09-29 15:06,-43.7,8
did:key:z6Mks8h8EfdKikbYHxi5FqyRsc6qajmLFn2JDJkXMzveytGo,920,925,09-29 01:40,09-29 02:05,,5
did:key:z6Mks8h8EfdKikbYHxi5FqyRsc6qajmLFn2JDJkXMzveytGo,929,959,09-29 02:25,09-29 04:57,-43.63,30
did:key:z6Mks8h8EfdKikbYHxi5FqyRsc6qajmLFn2JDJkXMzveytGo,961,969,09-29 05:06,09-29 05:45,-43.58,8
did:key:z6Mks8h8EfdKikbYHxi5FqyRsc6qajmLFn2JDJkXMzveytGo,974,976,09-29 06:13,09-29 06:23,,2
did:key:z6Mks8h8EfdKikbYHxi5FqyRsc6qajmLFn2JDJkXMzveytGo,989,991,09-29 07:25,09-29 07:35,,2
did:key:z6Mks8h8EfdKikbYHxi5FqyRsc6qajmLFn2JDJkXMzveytGo,1008,1009,09-29 09:00,09-29 09:05,,1
did:key:z6Mks8h8EfdKikbYHxi5FqyRsc6qajmLFn2JDJkXMzveytGo,1011,1017,09-29 09:15,09-29 09:45,,6
did:key:z6Mks8h8EfdKikbYHxi5FqyRsc6qajmLFn2JDJkXMzveytGo,1019,1035,09-29 09:55,09-29 11:15,-43.42,16
did:key:z6Mks8h8EfdKikbYHxi5FqyRsc6qajmLFn2JDJkXMzveytGo,1040,1048,09-29 11:40,09-29 12:21,,8
did:key:z6Mks8h8EfdKikbYHxi5FqyRsc6qajmLFn2JDJkXMzveytGo,1073,1081,09-29 14:26,09-29 15:06,-43.7,8
did:key:z6MksAUDaCh1ijt9FaP5ADQ76jcwe2dUv4stRmhGBiB5EiZA,921,925,09-29 01:45,09-29 02:05,,4
did:key:z6MksAUDaCh1ijt9FaP5ADQ76jcwe2dUv4stRmhGBiB5EiZA,929,959,09-29 02:25,09-29 04:57,-43.63,30
did:key:z6MksAUDaCh1ijt9FaP5ADQ76jcwe2dUv4stRmhGBiB5EiZA,961,969,09-29 05:06,09-29 05:45,-43.58,8
did:key:z6MksAUDaCh1ijt9FaP5ADQ76jcwe2dUv4stRmhGBiB5EiZA,974,976,09-29 06:13,09-29 06:23,,2
did:key:z6MksAUDaCh1ijt9FaP5ADQ76jcwe2dUv4stRmhGBiB5EiZA,989,991,09-29 07:25,09-29 07:35,,2
did:key:z6MksAUDaCh1ijt9FaP5ADQ76jcwe2dUv4stRmhGBiB5EiZA,1008,1009,09-29 09:00,09-29 09:05,,1
did:key:z6MksAUDaCh1ijt9FaP5ADQ76jcwe2dUv4stRmhGBiB5EiZA,1011,1017,09-29 09:15,09-29 09:45,,6
did:key:z6MksAUDaCh1ijt9FaP5ADQ76jcwe2dUv4stRmhGBiB5EiZA,1019,1035,09-29 09:55,09-29 11:15,-43.42,16
did:key:z6MksAUDaCh1ijt9FaP5ADQ76jcwe2dUv4stRmhGBiB5EiZA,1040,1048,09-29 11:40,09-29 12:21,,8
did:key:z6MksAUDaCh1ijt9FaP5ADQ76jcwe2dUv4stRmhGBiB5EiZA,1073,1081,09-29 14:26,09-29 15:06,-43.7,8
did:key:z6MksHvqpsyG56EdTdjU26JH33Y4BD8J9qqwgpWqQ2CDrmrC,922,925,09-29 01:50,09-29 02:05,,3
did:key:z6MksHvqpsyG56EdTdjU26JH33Y4BD8J9qqwgpWqQ2CDrmrC,929,956,09-29 02:25,09-29 04:40,-43.63,27
did:key:z6MksHvqpsyG56EdTdjU26JH33Y4BD8J9qqwgpWqQ2CDrmrC,970,973,09-29 05:50,09-29 06:08,46.07,3
did:key:z6MksHvqpsyG56EdTdjU26JH33Y4BD8J9qqwgpWqQ2CDrmrC,977,986,09-29 06:28,09-29 07:10,46.07,9
did:key:z6MksHvqpsyG56EdTdjU26JH33Y4BD8J9qqwgpWqQ2CDrmrC,992,1007,09-29 07:40,09-29 08:55,46.07,15
did:key:z6MksHvqpsyG56EdTdjU26JH33Y4BD8J9qqwgpWqQ2CDrmrC,1036,1039,09-29 11:21,09-29 11:36,46.07,3
did:key:z6MksHvqpsyG56EdTdjU26JH33Y4BD8J9qqwgpWqQ2CDrmrC,1049,1072,09-29 12:25,09-29 14:21,46.07,23
did:key:z6MksHvqpsyG56EdTdjU26JH33Y4BD8J9qqwgpWqQ2CDrmrC,1082,1122,09-29 15:11,09-29 18:31,46.07,40
did:key:z6MksHvqpsyG56EdTdjU26JH33Y4BD8J9qqwgpWqQ2CDrmrC,1124,1125,09-29 18:41,09-29 18:46,46.07,1
did:key:z6MksHvqpsyG56EdTdjU26JH33Y4BD8J9qqwgpWqQ2CDrmrC,1127,1128,09-29 18:56,09-29 19:01,46.07,1
did:key:z6MksHvqpsyG56EdTdjU26JH33Y4BD8J9qqwgpWqQ2CDrmrC,1130,1135,09-29 19:11,09-29 19:36,46.07,5
did:key:z6MksHvqpsyG56EdTdjU26JH33Y4BD8J9qqwgpWqQ2CDrmrC,1137,1138,09-29 19:46,09-29 19:51,46.07,1
did:key:z6MksHvqpsyG56EdTdjU26JH33Y4BD8J9qqwgpWqQ2CDrmrC,1140,1141,09-29 20:01,09-29 20:06,46.07,1
did:key:z6MksHvqpsyG56EdTdjU26JH33Y4BD8J9qqwgpWqQ2CDrmrC,1171,1172,09-29 22:36,09-29 22:41,46.07,1
did:key:z6MksHvqpsyG56EdTdjU26JH33Y4BD8J9qqwgpWqQ2CDrmrC,1183,1189,09-29 23:36,09-30 00:06,46.07,6
did:key:z6MksHvqpsyG56EdTdjU26JH33Y4BD8J9qqwgpWqQ2CDrmrC,1196,1199,09-30 00:41,09-30 00:56,46.07,3
did:key:z6MksHvqpsyG56EdTdjU26JH33Y4BD8J9qqwgpWqQ2CDrmrC,1201,1202,09-30 01:06,09-30 01:11,46.07,1
did:key:z6MksHvqpsyG56EdTdjU26JH33Y4BD8J9qqwgpWqQ2CDrmrC,1207,1209,09-30 01:36,09-30 01:46,46.07,2
did:key:z6MksKUvALjr2k73U3egJdpYp27pHY9oHHDpEEf4MwBCqcEk,924,925,09-29 02:00,09-29 02:05,,1
did:key:z6MksKUvALjr2k73U3egJdpYp27pHY9oHHDpEEf4MwBCqcEk,929,956,09-29 02:25,09-29 04:40,-43.63,27
did:key:z6MksKUvALjr2k73U3egJdpYp27pHY9oHHDpEEf4MwBCqcEk,970,973,09-29 05:50,09-29 06:08,46.07,3
did:key:z6MksKUvALjr2k73U3egJdpYp27pHY9oHHDpEEf4MwBCqcEk,977,986,09-29 06:28,09-29 07:10,46.07,9
did:key:z6MksKUvALjr2k73U3egJdpYp27pHY9oHHDpEEf4MwBCqcEk,992,1007,09-29 07:40,09-29 08:55,46.07,15
did:key:z6MksKUvALjr2k73U3egJdpYp27pHY9oHHDpEEf4MwBCqcEk,1036,1039,09-29 11:21,09-29 11:36,46.07,3
did:key:z6MksKUvALjr2k73U3egJdpYp27pHY9oHHDpEEf4MwBCqcEk,1049,1072,09-29 12:25,09-29 14:21,46.07,23
did:key:z6MksKUvALjr2k73U3egJdpYp27pHY9oHHDpEEf4MwBCqcEk,1082,1122,09-29 15:11,09-29 18:31,46.07,40
did:key:z6MksKUvALjr2k73U3egJdpYp27pHY9oHHDpEEf4MwBCqcEk,1124,1125,09-29 18:41,09-29 18:46,46.07,1
did:key:z6MksKUvALjr2k73U3egJdpYp27pHY9oHHDpEEf4MwBCqcEk,1127,1128,09-29 18:56,09-29 19:01,46.07,1
did:key:z6MksKUvALjr2k73U3egJdpYp27pHY9oHHDpEEf4MwBCqcEk,1130,1135,09-29 19:11,09-29 19:36,46.07,5
did:key:z6MksKUvALjr2k73U3egJdpYp27pHY9oHHDpEEf4MwBCqcEk,1137,1138,09-29 19:46,09-29 19:51,46.07,1
did:key:z6MksKUvALjr2k73U3egJdpYp27pHY9oHHDpEEf4MwBCqcEk,1140,1141,09-29 20:01,09-29 20:06,46.07,1
did:key:z6MksKUvALjr2k73U3egJdpYp27pHY9oHHDpEEf4MwBCqcEk,1171,1172,09-29 22:36,09-29 22:41,46.07,1
did:key:z6MksKUvALjr2k73U3egJdpYp27pHY9oHHDpEEf4MwBCqcEk,1183,1189,09-29 23:36,09-30 00:06,46.07,6
did:key:z6MksKUvALjr2k73U3egJdpYp27pHY9oHHDpEEf4MwBCqcEk,1196,1199,09-30 00:41,09-30 00:56,46.07,3
did:key:z6MksKUvALjr2k73U3egJdpYp27pHY9oHHDpEEf4MwBCqcEk,1201,1202,09-30 01:06,09-30 01:11,46.07,1
did:key:z6MksKUvALjr2k73U3egJdpYp27pHY9oHHDpEEf4MwBCqcEk,1207,1209,09-30 01:36,09-30 01:46,46.07,2
did:key:z6MksNKShFHH5HFYzuCciBAyzGpEgS23pcDhKK2yTRYUUaoE,924,925,09-29 02:00,09-29 02:05,,1
did:key:z6MksNKShFHH5HFYzuCciBAyzGpEgS23pcDhKK2yTRYUUaoE,929,956,09-29 02:25,09-29 04:40,-43.63,27
did:key:z6MksNKShFHH5HFYzuCciBAyzGpEgS23pcDhKK2yTRYUUaoE,970,973,09-29 05:50,09-29 06:08,,3
did:key:z6MksNKShFHH5HFYzuCciBAyzGpEgS23pcDhKK2yTRYUUaoE,977,986,09-29 06:28,09-29 07:10,45.91,9
did:key:z6MksNKShFHH5HFYzuCciBAyzGpEgS23pcDhKK2yTRYUUaoE,992,1007,09-29 07:40,09-29 08:55,46.05,15
did:key:z6MksNKShFHH5HFYzuCciBAyzGpEgS23pcDhKK2yTRYUUaoE,1036,1039,09-29 11:21,09-29 11:36,,3
did:key:z6MksNKShFHH5HFYzuCciBAyzGpEgS23pcDhKK2yTRYUUaoE,1049,1072,09-29 12:25,09-29 14:21,45.65,23
did:key:z6MksNKShFHH5HFYzuCciBAyzGpEgS23pcDhKK2yTRYUUaoE,1082,1092,09-29 15:11,09-29 16:01,,10
did:key:z6MksNKShFHH5HFYzuCciBAyzGpEgS23pcDhKK2yTRYUUaoE,1092,1107,09-29 16:01,09-29 17:16,46.01,15
did:key:z6MksNKShFHH5HFYzuCciBAyzGpEgS23pcDhKK2yTRYUUaoE,1119,1120,09-29 18:16,09-29 18:21,,1
did:key:z6MksNKShFHH5HFYzuCciBAyzGpEgS23pcDhKK2yTRYUUaoE,1122,1126,09-29 18:31,09-29 18:51,,4
did:key:z6MksNKShFHH5HFYzuCciBAyzGpEgS23pcDhKK2yTRYUUaoE,1141,1170,09-29 20:06,09-29 22:31,-44.91,29
did:key:z6MksNKShFHH5HFYzuCciBAyzGpEgS23pcDhKK2yTRYUUaoE,1173,1182,09-29 22:46,09-29 23:31,-44.89,9
did:key:z6MksNKShFHH5HFYzuCciBAyzGpEgS23pcDhKK2yTRYUUaoE,1190,1206,09-30 00:11,09-30 01:31,-44.77,16
did:key:z6MksNKShFHH5HFYzuCciBAyzGpEgS23pcDhKK2yTRYUUaoE,1209,1306,09-30 01:46,09-30 09:51,-44.77,97
did:key:z6MksNKShFHH5HFYzuCciBAyzGpEgS23pcDhKK2yTRYUUaoE,1307,1459,09-30 09:56,09-30 22:36,-44.84,152
did:key:z6MksNKShFHH5HFYzuCciBAyzGpEgS23pcDhKK2yTRYUUaoE,1473,1474,09-30 23:46,09-30 23:52,,1
did:key:z6MksNKShFHH5HFYzuCciBAyzGpEgS23pcDhKK2yTRYUUaoE,1479,1486,10-01 00:16,10-01 00:51,-44.91,7
did:key:z6MksNKShFHH5HFYzuCciBAyzGpEgS23pcDhKK2yTRYUUaoE,1490,1512,10-01 01:12,10-01 03:02,-44.55,22
did:key:z6MksNKShFHH5HFYzuCciBAyzGpEgS23pcDhKK2yTRYUUaoE,1529,1536,10-01 04:26,10-01 05:01,,7
did:key:z6MksNKShFHH5HFYzuCciBAyzGpEgS23pcDhKK2yTRYUUaoE,1597,1601,10-01 10:06,10-01 10:27,47.17,4
did:key:z6MksNKShFHH5HFYzuCciBAyzGpEgS23pcDhKK2yTRYUUaoE,1603,1642,10-01 10:36,10-01 13:52,47.17,39
did:key:z6MksNKShFHH5HFYzuCciBAyzGpEgS23pcDhKK2yTRYUUaoE,1643,1748,10-01 13:56,10-01 22:42,-45.86,105
did:key:z6MksNKShFHH5HFYzuCciBAyzGpEgS23pcDhKK2yTRYUUaoE,1749,1807,10-01 22:47,10-02 03:37,-45.89,58
did:key:z6MksNKShFHH5HFYzuCciBAyzGpEgS23pcDhKK2yTRYUUaoE,1809,1810,10-02 03:47,10-02 03:52,,1
did:key:z6MksNKShFHH5HFYzuCciBAyzGpEgS23pcDhKK2yTRYUUaoE,1812,1877,10-02 04:02,10-02 09:27,-46.06,65
did:key:z6MksNKShFHH5HFYzuCciBAyzGpEgS23pcDhKK2yTRYUUaoE,1879,1969,10-02 09:37,10-02 17:07,-45.94,90
did:key:z6MksNKShFHH5HFYzuCciBAyzGpEgS23pcDhKK2yTRYUUaoE,1991,1994,10-02 18:57,10-02 19:12,,3
did:key:z6MksNKShFHH5HFYzuCciBAyzGpEgS23pcDhKK2yTRYUUaoE,2000,2001,10-02 19:42,10-02 19:47,,1
did:key:z6MksNKShFHH5HFYzuCciBAyzGpEgS23pcDhKK2yTRYUUaoE,2003,2005,10-02 19:57,10-02 20:07,,2
did:key:z6MksNKShFHH5HFYzuCciBAyzGpEgS23pcDhKK2yTRYUUaoE,2007,2054,10-02 20:17,10-03 00:13,46.29,47
did:key:z6MksNKShFHH5HFYzuCciBAyzGpEgS23pcDhKK2yTRYUUaoE,2061,2064,10-03 00:48,10-03 01:03,,3
did:key:z6MksNKShFHH5HFYzuCciBAyzGpEgS23pcDhKK2yTRYUUaoE,2066,2073,10-03 01:13,10-03 01:47,,7
did:key:z6MkrvbdX7iZeKZBPLiFCezaYXBNXzzSHZm9wkKzC48w2n1G,924,925,09-29 02:00,09-29 02:05,,1
did:key:z6MkrvbdX7iZeKZBPLiFCezaYXBNXzzSHZm9wkKzC48w2n1G,929,959,09-29 02:25,09-29 04:57,-43.63,30
did:key:z6MkrvbdX7iZeKZBPLiFCezaYXBNXzzSHZm9wkKzC48w2n1G,961,969,09-29 05:06,09-29 05:45,-43.58,8
did:key:z6MkrvbdX7iZeKZBPLiFCezaYXBNXzzSHZm9wkKzC48w2n1G,974,976,09-29 06:13,09-29 06:23,,2
did:key:z6MkrvbdX7iZeKZBPLiFCezaYXBNXzzSHZm9wkKzC48w2n1G,989,991,09-29 07:25,09-29 07:35,,2
did:key:z6MkrvbdX7iZeKZBPLiFCezaYXBNXzzSHZm9wkKzC48w2n1G,1008,1009,09-29 09:00,09-29 09:05,,1
did:key:z6MkrvbdX7iZeKZBPLiFCezaYXBNXzzSHZm9wkKzC48w2n1G,1011,1017,09-29 09:15,09-29 09:45,,6
did:key:z6MkrvbdX7iZeKZBPLiFCezaYXBNXzzSHZm9wkKzC48w2n1G,1019,1035,09-29 09:55,09-29 11:15,-43.42,16
did:key:z6MkrvbdX7iZeKZBPLiFCezaYXBNXzzSHZm9wkKzC48w2n1G,1040,1048,09-29 11:40,09-29 12:21,,8
did:key:z6MkrvbdX7iZeKZBPLiFCezaYXBNXzzSHZm9wkKzC48w2n1G,1073,1081,09-29 14:26,09-29 15:06,-43.7,8
did:key:z6MkrwtKfAZtBEgnW9PfUgH4qxfbW3KVja6GmKctnwRYtLbX,924,925,09-29 02:00,09-29 02:05,,1
did:key:z6MkrwtKfAZtBEgnW9PfUgH4qxfbW3KVja6GmKctnwRYtLbX,929,959,09-29 02:25,09-29 04:57,-43.63,30
did:key:z6MkrwtKfAZtBEgnW9PfUgH4qxfbW3KVja6GmKctnwRYtLbX,961,969,09-29 05:06,09-29 05:45,-43.58,8
did:key:z6MkrwtKfAZtBEgnW9PfUgH4qxfbW3KVja6GmKctnwRYtLbX,974,976,09-29 06:13,09-29 06:23,,2
did:key:z6MkrwtKfAZtBEgnW9PfUgH4qxfbW3KVja6GmKctnwRYtLbX,989,991,09-29 07:25,09-29 07:35,,2
did:key:z6MkrwtKfAZtBEgnW9PfUgH4qxfbW3KVja6GmKctnwRYtLbX,1008,1009,09-29 09:00,09-29 09:05,,1
did:key:z6MkrwtKfAZtBEgnW9PfUgH4qxfbW3KVja6GmKctnwRYtLbX,1011,1017,09-29 09:15,09-29 09:45,,6
did:key:z6MkrwtKfAZtBEgnW9PfUgH4qxfbW3KVja6GmKctnwRYtLbX,1019,1035,09-29 09:55,09-29 11:15,-43.42,16
did:key:z6MkrwtKfAZtBEgnW9PfUgH4qxfbW3KVja6GmKctnwRYtLbX,1040,1048,09-29 11:40,09-29 12:21,,8
did:key:z6MkrwtKfAZtBEgnW9PfUgH4qxfbW3KVja6GmKctnwRYtLbX,1073,1081,09-29 14:26,09-29 15:06,-43.7,8
did:key:z6Mkrxs4f8Jh4jfAyaQYXZNQUuXB8DzP9dspWz5TNwjkLavL,924,925,09-29 02:00,09-29 02:05,,1
did:key:z6Mkrxs4f8Jh4jfAyaQYXZNQUuXB8DzP9dspWz5TNwjkLavL,929,959,09-29 02:25,09-29 04:57,-43.63,30
did:key:z6Mkrxs4f8Jh4jfAyaQYXZNQUuXB8DzP9dspWz5TNwjkLavL,961,969,09-29 05:06,09-29 05:45,-43.58,8
did:key:z6Mkrxs4f8Jh4jfAyaQYXZNQUuXB8DzP9dspWz5TNwjkLavL,974,976,09-29 06:13,09-29 06:23,,2
did:key:z6Mkrxs4f8Jh4jfAyaQYXZNQUuXB8DzP9dspWz5TNwjkLavL,989,991,09-29 07:25,09-29 07:35,,2
did:key:z6Mkrxs4f8Jh4jfAyaQYXZNQUuXB8DzP9dspWz5TNwjkLavL,1008,1009,09-29 09:00,09-29 09:05,,1
did:key:z6Mkrxs4f8Jh4jfAyaQYXZNQUuXB8DzP9dspWz5TNwjkLavL,1011,1017,09-29 09:15,09-29 09:45,,6
did:key:z6Mkrxs4f8Jh4jfAyaQYXZNQUuXB8DzP9dspWz5TNwjkLavL,1019,1035,09-29 09:55,09-29 11:15,-43.42,16
did:key:z6Mkrxs4f8Jh4jfAyaQYXZNQUuXB8DzP9dspWz5TNwjkLavL,1040,1048,09-29 11:40,09-29 12:21,,8
did:key:z6Mkrxs4f8Jh4jfAyaQYXZNQUuXB8DzP9dspWz5TNwjkLavL,1073,1081,09-29 14:26,09-29 15:06,-43.7,8
did:key:z6Mkrym6swZVupDxJgqY9AM6Q1CQK8m4zcxdPh8oWvc5kiVs,924,925,09-29 02:00,09-29 02:05,,1
did:key:z6Mkrym6swZVupDxJgqY9AM6Q1CQK8m4zcxdPh8oWvc5kiVs,929,959,09-29 02:25,09-29 04:57,-43.63,30
did:key:z6Mkrym6swZVupDxJgqY9AM6Q1CQK8m4zcxdPh8oWvc5kiVs,961,969,09-29 05:06,09-29 05:45,-43.58,8
did:key:z6Mkrym6swZVupDxJgqY9AM6Q1CQK8m4zcxdPh8oWvc5kiVs,974,976,09-29 06:13,09-29 06:23,,2
did:key:z6Mkrym6swZVupDxJgqY9AM6Q1CQK8m4zcxdPh8oWvc5kiVs,989,991,09-29 07:25,09-29 07:35,,2
did:key:z6Mkrym6swZVupDxJgqY9AM6Q1CQK8m4zcxdPh8oWvc5kiVs,1008,1009,09-29 09:00,09-29 09:05,,1
did:key:z6Mkrym6swZVupDxJgqY9AM6Q1CQK8m4zcxdPh8oWvc5kiVs,1011,1017,09-29 09:15,09-29 09:45,,6
did:key:z6Mkrym6swZVupDxJgqY9AM6Q1CQK8m4zcxdPh8oWvc5kiVs,1019,1035,09-29 09:55,09-29 11:15,-43.42,16
did:key:z6Mkrym6swZVupDxJgqY9AM6Q1CQK8m4zcxdPh8oWvc5kiVs,1040,1048,09-29 11:40,09-29 12:21,,8
did:key:z6Mkrym6swZVupDxJgqY9AM6Q1CQK8m4zcxdPh8oWvc5kiVs,1073,1081,09-29 14:26,09-29 15:06,-43.7,8
did:key:z6MkrzqbXFaJpjwVqtGDgpesvqZUXAcyq9Nqgz7gzhYAyi4V,924,925,09-29 02:00,09-29 02:05,,1
did:key:z6MkrzqbXFaJpjwVqtGDgpesvqZUXAcyq9Nqgz7gzhYAyi4V,929,949,09-29 02:25,09-29 04:05,-43.63,20
did:key:z6MkrzqbXFaJpjwVqtGDgpesvqZUXAcyq9Nqgz7gzhYAyi4V,951,959,09-29 04:15,09-29 04:57,-43.59,8
did:key:z6MkrzqbXFaJpjwVqtGDgpesvqZUXAcyq9Nqgz7gzhYAyi4V,961,969,09-29 05:06,09-29 05:45,-43.58,8
did:key:z6MkrzqbXFaJpjwVqtGDgpesvqZUXAcyq9Nqgz7gzhYAyi4V,974,976,09-29 06:13,09-29 06:23,,2
did:key:z6MkrzqbXFaJpjwVqtGDgpesvqZUXAcyq9Nqgz7gzhYAyi4V,989,991,09-29 07:25,09-29 07:35,,2
did:key:z6MkrzqbXFaJpjwVqtGDgpesvqZUXAcyq9Nqgz7gzhYAyi4V,1008,1009,09-29 09:00,09-29 09:05,,1
did:key:z6MkrzqbXFaJpjwVqtGDgpesvqZUXAcyq9Nqgz7gzhYAyi4V,1011,1017,09-29 09:15,09-29 09:45,,6
did:key:z6MkrzqbXFaJpjwVqtGDgpesvqZUXAcyq9Nqgz7gzhYAyi4V,1019,1035,09-29 09:55,09-29 11:15,-43.42,16
did:key:z6MkrzqbXFaJpjwVqtGDgpesvqZUXAcyq9Nqgz7gzhYAyi4V,1040,1048,09-29 11:40,09-29 12:21,,8
did:key:z6MkrzqbXFaJpjwVqtGDgpesvqZUXAcyq9Nqgz7gzhYAyi4V,1073,1081,09-29 14:26,09-29 15:06,-43.7,8
did:key:z6Mks1vXP3iC47BydBELYVXVz8efu8i2UmijmNtFyb8hDWrF,924,925,09-29 02:00,09-29 02:05,,1
did:key:z6Mks1vXP3iC47BydBELYVXVz8efu8i2UmijmNtFyb8hDWrF,929,935,09-29 02:25,09-29 02:55,-43.63,6
did:key:z6Mks1vXP3iC47BydBELYVXVz8efu8i2UmijmNtFyb8hDWrF,937,939,09-29 03:05,09-29 03:15,,2
did:key:z6Mks1vXP3iC47BydBELYVXVz8efu8i2UmijmNtFyb8hDWrF,941,947,09-29 03:25,09-29 03:55,-43.61,6
did:key:z6Mks1vXP3iC47BydBELYVXVz8efu8i2UmijmNtFyb8hDWrF,951,959,09-29 04:15,09-29 04:57,-43.59,8
did:key:z6Mks1vXP3iC47BydBELYVXVz8efu8i2UmijmNtFyb8hDWrF,961,969,09-29 05:06,09-29 05:45,-43.58,8
did:key:z6Mks1vXP3iC47BydBELYVXVz8efu8i2UmijmNtFyb8hDWrF,974,976,09-29 06:13,09-29 06:23,,2
did:key:z6Mks1vXP3iC47BydBELYVXVz8efu8i2UmijmNtFyb8hDWrF,989,991,09-29 07:25,09-29 07:35,,2
did:key:z6Mks1vXP3iC47BydBELYVXVz8efu8i2UmijmNtFyb8hDWrF,1008,1009,09-29 09:00,09-29 09:05,,1
did:key:z6Mks1vXP3iC47BydBELYVXVz8efu8i2UmijmNtFyb8hDWrF,1011,1017,09-29 09:15,09-29 09:45,,6
did:key:z6Mks1vXP3iC47BydBELYVXVz8efu8i2UmijmNtFyb8hDWrF,1019,1035,09-29 09:55,09-29 11:15,-43.42,16
did:key:z6Mks1vXP3iC47BydBELYVXVz8efu8i2UmijmNtFyb8hDWrF,1040,1048,09-29 11:40,09-29 12:21,,8
did:key:z6Mks1vXP3iC47BydBELYVXVz8efu8i2UmijmNtFyb8hDWrF,1073,1081,09-29 14:26,09-29 15:06,-43.7,8
did:key:z6Mks2t8Ft8bRSDZgG6ZxJF4d9nZPe5i8Ln68baHMzH94y2t,929,935,09-29 02:25,09-29 02:55,-43.63,6
did:key:z6Mks2t8Ft8bRSDZgG6ZxJF4d9nZPe5i8Ln68baHMzH94y2t,937,939,09-29 03:05,09-29 03:15,,2
did:key:z6Mks2t8Ft8bRSDZgG6ZxJF4d9nZPe5i8Ln68baHMzH94y2t,941,947,09-29 03:25,09-29 03:55,-43.61,6
did:key:z6Mks2t8Ft8bRSDZgG6ZxJF4d9nZPe5i8Ln68baHMzH94y2t,951,959,09-29 04:15,09-29 04:57,-43.59,8
did:key:z6Mks2t8Ft8bRSDZgG6ZxJF4d9nZPe5i8Ln68baHMzH94y2t,961,969,09-29 05:06,09-29 05:45,-43.58,8
did:key:z6Mks2t8Ft8bRSDZgG6ZxJF4d9nZPe5i8Ln68baHMzH94y2t,974,976,09-29 06:13,09-29 06:23,,2
did:key:z6Mks2t8Ft8bRSDZgG6ZxJF4d9nZPe5i8Ln68baHMzH94y2t,989,991,09-29 07:25,09-29 07:35,,2
did:key:z6Mks2t8Ft8bRSDZgG6ZxJF4d9nZPe5i8Ln68baHMzH94y2t,1008,1009,09-29 09:00,09-29 09:05,,1
did:key:z6Mks2t8Ft8bRSDZgG6ZxJF4d9nZPe5i8Ln68baHMzH94y2t,1011,1017,09-29 09:15,09-29 09:45,,6
did:key:z6Mks2t8Ft8bRSDZgG6ZxJF4d9nZPe5i8Ln68baHMzH94y2t,1019,1035,09-29 09:55,09-29 11:15,-43.42,16
did:key:z6Mks2t8Ft8bRSDZgG6ZxJF4d9nZPe5i8Ln68baHMzH94y2t,1040,1048,09-29 11:40,09-29 12:21,,8
did:key:z6Mks2t8Ft8bRSDZgG6ZxJF4d9nZPe5i8Ln68baHMzH94y2t,1073,1081,09-29 14:26,09-29 15:06,-43.7,8
did:key:z6Mks2t8Ft8bRSDZgG6ZxJF4d9nZPe5i8Ln68baHMzH94y2t,1536,1593,10-01 05:01,10-01 09:46,-44.9,57
did:key:z6Mks2t8Ft8bRSDZgG6ZxJF4d9nZPe5i8Ln68baHMzH94y2t,1595,1597,10-01 09:56,10-01 10:06,,2
did:key:z6Mks2t8Ft8bRSDZgG6ZxJF4d9nZPe5i8Ln68baHMzH94y2t,1599,1602,10-01 10:16,10-01 10:32,,3
did:key:z6Mks2xsbwAXRB8BaSuCFuA1B366hLogzLvW2AHgUvTDYGB4,929,935,09-29 02:25,09-29 02:55,-43.63,6
did:key:z6Mks2xsbwAXRB8BaSuCFuA1B366hLogzLvW2AHgUvTDYGB4,937,939,09-29 03:05,09-29 03:15,,2
did:key:z6Mks2xsbwAXRB8BaSuCFuA1B366hLogzLvW2AHgUvTDYGB4,941,946,09-29 03:25,09-29 03:50,,5
did:key:z6Mks2xsbwAXRB8BaSuCFuA1B366hLogzLvW2AHgUvTDYGB4,951,959,09-29 04:15,09-29 04:57,-43.59,8
did:key:z6Mks2xsbwAXRB8BaSuCFuA1B366hLogzLvW2AHgUvTDYGB4,961,969,09-29 05:06,09-29 05:45,-43.58,8
did:key:z6Mks2xsbwAXRB8BaSuCFuA1B366hLogzLvW2AHgUvTDYGB4,974,976,09-29 06:13,09-29 06:23,,2
did:key:z6Mks2xsbwAXRB8BaSuCFuA1B366hLogzLvW2AHgUvTDYGB4,989,991,09-29 07:25,09-29 07:35,,2
did:key:z6Mks2xsbwAXRB8BaSuCFuA1B366hLogzLvW2AHgUvTDYGB4,1008,1009,09-29 09:00,09-29 09:05,,1
did:key:z6Mks2xsbwAXRB8BaSuCFuA1B366hLogzLvW2AHgUvTDYGB4,1011,1017,09-29 09:15,09-29 09:45,,6
did:key:z6Mks2xsbwAXRB8BaSuCFuA1B366hLogzLvW2AHgUvTDYGB4,1019,1035,09-29 09:55,09-29 11:15,-43.42,16
did:key:z6Mks2xsbwAXRB8BaSuCFuA1B366hLogzLvW2AHgUvTDYGB4,1040,1048,09-29 11:40,09-29 12:21,,8
did:key:z6Mks2xsbwAXRB8BaSuCFuA1B366hLogzLvW2AHgUvTDYGB4,1073,1081,09-29 14:26,09-29 15:06,-43.7,8
did:key:z6Mks2xsbwAXRB8BaSuCFuA1B366hLogzLvW2AHgUvTDYGB4,1536,1593,10-01 05:01,10-01 09:46,-44.9,57
did:key:z6Mks2xsbwAXRB8BaSuCFuA1B366hLogzLvW2AHgUvTDYGB4,1595,1597,10-01 09:56,10-01 10:06,,2
did:key:z6Mks2xsbwAXRB8BaSuCFuA1B366hLogzLvW2AHgUvTDYGB4,1599,1602,10-01 10:16,10-01 10:32,,3
did:key:z6Mks3EfUiMwfJpaKm6pMoB3a1dM6tMMzHMHYMudXHELK9gH,929,935,09-29 02:25,09-29 02:55,-43.63,6
did:key:z6Mks3EfUiMwfJpaKm6pMoB3a1dM6tMMzHMHYMudXHELK9gH,937,939,09-29 03:05,09-29 03:15,,2
did:key:z6Mks3EfUiMwfJpaKm6pMoB3a1dM6tMMzHMHYMudXHELK9gH,943,946,09-29 03:35,09-29 03:50,,3
did:key:z6Mks3EfUiMwfJpaKm6pMoB3a1dM6tMMzHMHYMudXHELK9gH,951,959,09-29 04:15,09-29 04:57,-43.59,8
did:key:z6Mks3EfUiMwfJpaKm6pMoB3a1dM6tMMzHMHYMudXHELK9gH,961,969,09-29 05:06,09-29 05:45,-43.58,8
did:key:z6Mks3EfUiMwfJpaKm6pMoB3a1dM6tMMzHMHYMudXHELK9gH,974,976,09-29 06:13,09-29 06:23,,2
did:key:z6Mks3EfUiMwfJpaKm6pMoB3a1dM6tMMzHMHYMudXHELK9gH,989,991,09-29 07:25,09-29 07:35,,2
did:key:z6Mks3EfUiMwfJpaKm6pMoB3a1dM6tMMzHMHYMudXHELK9gH,1008,1009,09-29 09:00,09-29 09:05,,1
did:key:z6Mks3EfUiMwfJpaKm6pMoB3a1dM6tMMzHMHYMudXHELK9gH,1011,1017,09-29 09:15,09-29 09:45,,6
did:key:z6Mks3EfUiMwfJpaKm6pMoB3a1dM6tMMzHMHYMudXHELK9gH,1019,1035,09-29 09:55,09-29 11:15,-43.42,16
did:key:z6Mks3EfUiMwfJpaKm6pMoB3a1dM6tMMzHMHYMudXHELK9gH,1040,1048,09-29 11:40,09-29 12:21,,8
did:key:z6Mks3EfUiMwfJpaKm6pMoB3a1dM6tMMzHMHYMudXHELK9gH,1073,1081,09-29 14:26,09-29 15:06,-43.7,8
did:key:z6Mks3EfUiMwfJpaKm6pMoB3a1dM6tMMzHMHYMudXHELK9gH,1604,1672,10-01 10:41,10-01 16:22,47.06,68
did:key:z6Mks3EfUiMwfJpaKm6pMoB3a1dM6tMMzHMHYMudXHELK9gH,1694,1698,10-01 18:12,10-01 18:35,47.06,4
did:key:z6Mks3EfUiMwfJpaKm6pMoB3a1dM6tMMzHMHYMudXHELK9gH,1712,1718,10-01 19:42,10-01 20:12,47.06,6
did:key:z6Mks3EfUiMwfJpaKm6pMoB3a1dM6tMMzHMHYMudXHELK9gH,1749,1753,10-01 22:47,10-01 23:07,47.06,4
did:key:z6Mks3EfUiMwfJpaKm6pMoB3a1dM6tMMzHMHYMudXHELK9gH,1783,1784,10-02 01:37,10-02 01:42,47.06,1
did:key:z6Mks3EfUiMwfJpaKm6pMoB3a1dM6tMMzHMHYMudXHELK9gH,1791,1802,10-02 02:17,10-02 03:12,47.06,11
did:key:z6Mks3EfUiMwfJpaKm6pMoB3a1dM6tMMzHMHYMudXHELK9gH,1805,1809,10-02 03:28,10-02 03:47,47.06,4
did:key:z6Mks3EfUiMwfJpaKm6pMoB3a1dM6tMMzHMHYMudXHELK9gH,1811,1980,10-02 03:57,10-02 18:02,47.06,169
did:key:z6Mks3EfUiMwfJpaKm6pMoB3a1dM6tMMzHMHYMudXHELK9gH,1981,1997,10-02 18:07,10-02 19:27,-45.46,16
did:key:z6Mks3EfUiMwfJpaKm6pMoB3a1dM6tMMzHMHYMudXHELK9gH,1998,2004,10-02 19:32,10-02 20:02,,6
did:key:z6Mks3EfUiMwfJpaKm6pMoB3a1dM6tMMzHMHYMudXHELK9gH,2055,2060,10-03 00:18,10-03 00:43,,5
did:key:z6Mks3EfUiMwfJpaKm6pMoB3a1dM6tMMzHMHYMudXHELK9gH,2074,2075,10-03 01:53,10-03 01:58,,1
did:key:z6Mks3EfUiMwfJpaKm6pMoB3a1dM6tMMzHMHYMudXHELK9gH,2077,2081,10-03 02:08,10-03 02:28,,4
did:key:z6Mks3EfUiMwfJpaKm6pMoB3a1dM6tMMzHMHYMudXHELK9gH,2083,2167,10-03 02:37,10-03 09:35,-45.63,84
did:key:z6Mks4FrNt8my8941bk2tgJQJoxLDHxviMuVagpuZEfnFdFB,929,935,09-29 02:25,09-29 02:55,-43.63,6
did:key:z6Mks4FrNt8my8941bk2tgJQJoxLDHxviMuVagpuZEfnFdFB,945,946,09-29 03:45,09-29 03:50,,1
did:key:z6Mks4FrNt8my8941bk2tgJQJoxLDHxviMuVagpuZEfnFdFB,952,959,09-29 04:20,09-29 04:57,-43.57,7
did:key:z6Mks4FrNt8my8941bk2tgJQJoxLDHxviMuVagpuZEfnFdFB,961,969,09-29 05:06,09-29 05:45,-43.58,8
did:key:z6Mks4FrNt8my8941bk2tgJQJoxLDHxviMuVagpuZEfnFdFB,974,976,09-29 06:13,09-29 06:23,,2
did:key:z6Mks4FrNt8my8941bk2tgJQJoxLDHxviMuVagpuZEfnFdFB,989,991,09-29 07:25,09-29 07:35,,2
did:key:z6Mks4FrNt8my8941bk2tgJQJoxLDHxviMuVagpuZEfnFdFB,1008,1009,09-29 09:00,09-29 09:05,,1
did:key:z6Mks4FrNt8my8941bk2tgJQJoxLDHxviMuVagpuZEfnFdFB,1011,1017,09-29 09:15,09-29 09:45,,6
did:key:z6Mks4FrNt8my8941bk2tgJQJoxLDHxviMuVagpuZEfnFdFB,1019,1035,09-29 09:55,09-29 11:15,-43.42,16
did:key:z6Mks4FrNt8my8941bk2tgJQJoxLDHxviMuVagpuZEfnFdFB,1040,1048,09-29 11:40,09-29 12:21,,8
did:key:z6Mks4FrNt8my8941bk2tgJQJoxLDHxviMuVagpuZEfnFdFB,1073,1081,09-29 14:26,09-29 15:06,-43.7,8
did:key:z6Mks5LqHnpTxo7G4Q76FCZ4TzffwcU6G39S4bXSa65ndJ4e,929,935,09-29 02:25,09-29 02:55,-43.63,6
did:key:z6Mks5LqHnpTxo7G4Q76FCZ4TzffwcU6G39S4bXSa65ndJ4e,945,946,09-29 03:45,09-29 03:50,,1
did:key:z6Mks5LqHnpTxo7G4Q76FCZ4TzffwcU6G39S4bXSa65ndJ4e,952,959,09-29 04:20,09-29 04:57,-43.57,7
did:key:z6Mks5LqHnpTxo7G4Q76FCZ4TzffwcU6G39S4bXSa65ndJ4e,961,969,09-29 05:06,09-29 05:45,-43.58,8
did:key:z6Mks5LqHnpTxo7G4Q76FCZ4TzffwcU6G39S4bXSa65ndJ4e,974,976,09-29 06:13,09-29 06:23,,2
did:key:z6Mks5LqHnpTxo7G4Q76FCZ4TzffwcU6G39S4bXSa65ndJ4e,989,991,09-29 07:25,09-29 07:35,,2
did:key:z6Mks5LqHnpTxo7G4Q76FCZ4TzffwcU6G39S4bXSa65ndJ4e,1008,1009,09-29 09:00,09-29 09:05,,1
did:key:z6Mks5LqHnpTxo7G4Q76FCZ4TzffwcU6G39S4bXSa65ndJ4e,1011,1017,09-29 09:15,09-29 09:45,,6
did:key:z6Mks5LqHnpTxo7G4Q76FCZ4TzffwcU6G39S4bXSa65ndJ4e,1019,1035,09-29 09:55,09-29 11:15,-43.42,16
did:key:z6Mks5LqHnpTxo7G4Q76FCZ4TzffwcU6G39S4bXSa65ndJ4e,1040,1048,09-29 11:40,09-29 12:21,,8
did:key:z6Mks5LqHnpTxo7G4Q76FCZ4TzffwcU6G39S4bXSa65ndJ4e,1073,1081,09-29 14:26,09-29 15:06,-43.7,8
did:key:z6Mkfycb5r2NUWTv1M3iU7xQW9zUK95SGv4w71myLp6t1JTo,950,951,09-29 04:10,09-29 04:15,,1
did:key:z6Mks7e1V5pZMP5zXVNTZtWntfMUooxNLEojhknZH9N7ny18,957,959,09-29 04:45,09-29 04:57,,2
did:key:z6Mks7e1V5pZMP5zXVNTZtWntfMUooxNLEojhknZH9N7ny18,961,969,09-29 05:06,09-29 05:45,-43.58,8
did:key:z6Mks7e1V5pZMP5zXVNTZtWntfMUooxNLEojhknZH9N7ny18,974,976,09-29 06:13,09-29 06:23,,2
did:key:z6Mks7e1V5pZMP5zXVNTZtWntfMUooxNLEojhknZH9N7ny18,989,991,09-29 07:25,09-29 07:35,,2
did:key:z6Mks7e1V5pZMP5zXVNTZtWntfMUooxNLEojhknZH9N7ny18,1008,1009,09-29 09:00,09-29 09:05,,1
did:key:z6Mks7e1V5pZMP5zXVNTZtWntfMUooxNLEojhknZH9N7ny18,1011,1017,09-29 09:15,09-29 09:45,,6
did:key:z6Mks7e1V5pZMP5zXVNTZtWntfMUooxNLEojhknZH9N7ny18,1019,1035,09-29 09:55,09-29 11:15,-43.42,16
did:key:z6Mks7e1V5pZMP5zXVNTZtWntfMUooxNLEojhknZH9N7ny18,1040,1048,09-29 11:40,09-29 12:21,,8
did:key:z6Mks7e1V5pZMP5zXVNTZtWntfMUooxNLEojhknZH9N7ny18,1073,1081,09-29 14:26,09-29 15:06,-43.7,8
did:key:z6Mks7enVRoKsvoZcC3YiR4sP1LeG4qnpY4P5zw5eBjWZo3L,957,959,09-29 04:45,09-29 04:57,,2
did:key:z6Mks7enVRoKsvoZcC3YiR4sP1LeG4qnpY4P5zw5eBjWZo3L,961,969,09-29 05:06,09-29 05:45,-43.58,8
did:key:z6Mks7enVRoKsvoZcC3YiR4sP1LeG4qnpY4P5zw5eBjWZo3L,974,976,09-29 06:13,09-29 06:23,,2
did:key:z6Mks7enVRoKsvoZcC3YiR4sP1LeG4qnpY4P5zw5eBjWZo3L,989,991,09-29 07:25,09-29 07:35,,2
did:key:z6Mks7enVRoKsvoZcC3YiR4sP1LeG4qnpY4P5zw5eBjWZo3L,1008,1009,09-29 09:00,09-29 09:05,,1
did:key:z6Mks7enVRoKsvoZcC3YiR4sP1LeG4qnpY4P5zw5eBjWZo3L,1011,1017,09-29 09:15,09-29 09:45,,6
did:key:z6Mks7enVRoKsvoZcC3YiR4sP1LeG4qnpY4P5zw5eBjWZo3L,1019,1035,09-29 09:55,09-29 11:15,-43.42,16
did:key:z6Mks7enVRoKsvoZcC3YiR4sP1LeG4qnpY4P5zw5eBjWZo3L,1040,1048,09-29 11:40,09-29 12:21,,8
did:key:z6Mks7enVRoKsvoZcC3YiR4sP1LeG4qnpY4P5zw5eBjWZo3L,1073,1081,09-29 14:26,09-29 15:06,-43.7,8
did:key:z6Mks8zjPSkAWNaiAjrFxANCzXsrzGD4dHcsfKkVdN3MKeuA,957,959,09-29 04:45,09-29 04:57,,2
did:key:z6Mks8zjPSkAWNaiAjrFxANCzXsrzGD4dHcsfKkVdN3MKeuA,961,969,09-29 05:06,09-29 05:45,-43.58,8
did:key:z6Mks8zjPSkAWNaiAjrFxANCzXsrzGD4dHcsfKkVdN3MKeuA,974,976,09-29 06:13,09-29 06:23,,2
did:key:z6Mks8zjPSkAWNaiAjrFxANCzXsrzGD4dHcsfKkVdN3MKeuA,989,991,09-29 07:25,09-29 07:35,,2
did:key:z6Mks8zjPSkAWNaiAjrFxANCzXsrzGD4dHcsfKkVdN3MKeuA,1008,1009,09-29 09:00,09-29 09:05,,1
did:key:z6Mks8zjPSkAWNaiAjrFxANCzXsrzGD4dHcsfKkVdN3MKeuA,1011,1017,09-29 09:15,09-29 09:45,,6
did:key:z6Mks8zjPSkAWNaiAjrFxANCzXsrzGD4dHcsfKkVdN3MKeuA,1019,1035,09-29 09:55,09-29 11:15,-43.42,16
did:key:z6Mks8zjPSkAWNaiAjrFxANCzXsrzGD4dHcsfKkVdN3MKeuA,1040,1048,09-29 11:40,09-29 12:21,,8
did:key:z6Mks8zjPSkAWNaiAjrFxANCzXsrzGD4dHcsfKkVdN3MKeuA,1073,1081,09-29 14:26,09-29 15:06,-43.7,8
did:key:z6MksBtCo6E7LNghHmHjzabC57jAjXPpscyGXPu8Xz1Pu6HE,970,973,09-29 05:50,09-29 06:08,46.07,3
did:key:z6MksBtCo6E7LNghHmHjzabC57jAjXPpscyGXPu8Xz1Pu6HE,977,986,09-29 06:28,09-29 07:10,46.07,9
did:key:z6MksBtCo6E7LNghHmHjzabC57jAjXPpscyGXPu8Xz1Pu6HE,992,1007,09-29 07:40,09-29 08:55,46.07,15
did:key:z6MksBtCo6E7LNghHmHjzabC57jAjXPpscyGXPu8Xz1Pu6HE,1036,1039,09-29 11:21,09-29 11:36,46.07,3
did:key:z6MksBtCo6E7LNghHmHjzabC57jAjXPpscyGXPu8Xz1Pu6HE,1049,1072,09-29 12:25,09-29 14:21,46.07,23
did:key:z6MksBtCo6E7LNghHmHjzabC57jAjXPpscyGXPu8Xz1Pu6HE,1082,1122,09-29 15:11,09-29 18:31,46.07,40
did:key:z6MksBtCo6E7LNghHmHjzabC57jAjXPpscyGXPu8Xz1Pu6HE,1127,1128,09-29 18:56,09-29 19:01,46.07,1
did:key:z6MksBtCo6E7LNghHmHjzabC57jAjXPpscyGXPu8Xz1Pu6HE,1130,1135,09-29 19:11,09-29 19:36,46.07,5
did:key:z6MksBtCo6E7LNghHmHjzabC57jAjXPpscyGXPu8Xz1Pu6HE,1137,1138,09-29 19:46,09-29 19:51,46.07,1
did:key:z6MksBtCo6E7LNghHmHjzabC57jAjXPpscyGXPu8Xz1Pu6HE,1140,1141,09-29 20:01,09-29 20:06,46.07,1
did:key:z6MksBtCo6E7LNghHmHjzabC57jAjXPpscyGXPu8Xz1Pu6HE,1171,1172,09-29 22:36,09-29 22:41,46.07,1
did:key:z6MksBtCo6E7LNghHmHjzabC57jAjXPpscyGXPu8Xz1Pu6HE,1183,1189,09-29 23:36,09-30 00:06,46.07,6
did:key:z6MksBtCo6E7LNghHmHjzabC57jAjXPpscyGXPu8Xz1Pu6HE,1196,1199,09-30 00:41,09-30 00:56,46.07,3
did:key:z6MksBtCo6E7LNghHmHjzabC57jAjXPpscyGXPu8Xz1Pu6HE,1207,1209,09-30 01:36,09-30 01:46,46.07,2
did:key:z6MksDabVCQfXMVattSDoBt8v7KgfTt42xZJCbxHfSchhZ9d,970,973,09-29 05:50,09-29 06:08,46.07,3
did:key:z6MksDabVCQfXMVattSDoBt8v7KgfTt42xZJCbxHfSchhZ9d,977,986,09-29 06:28,09-29 07:10,46.07,9
did:key:z6MksDabVCQfXMVattSDoBt8v7KgfTt42xZJCbxHfSchhZ9d,992,1007,09-29 07:40,09-29 08:55,46.07,15
did:key:z6MksDabVCQfXMVattSDoBt8v7KgfTt42xZJCbxHfSchhZ9d,1036,1039,09-29 11:21,09-29 11:36,46.07,3
did:key:z6MksDabVCQfXMVattSDoBt8v7KgfTt42xZJCbxHfSchhZ9d,1049,1072,09-29 12:25,09-29 14:21,46.07,23
did:key:z6MksDabVCQfXMVattSDoBt8v7KgfTt42xZJCbxHfSchhZ9d,1082,1122,09-29 15:11,09-29 18:31,46.07,40
did:key:z6MksDabVCQfXMVattSDoBt8v7KgfTt42xZJCbxHfSchhZ9d,1127,1128,09-29 18:56,09-29 19:01,46.07,1
did:key:z6MksDabVCQfXMVattSDoBt8v7KgfTt42xZJCbxHfSchhZ9d,1130,1135,09-29 19:11,09-29 19:36,46.07,5
did:key:z6MksDabVCQfXMVattSDoBt8v7KgfTt42xZJCbxHfSchhZ9d,1137,1138,09-29 19:46,09-29 19:51,46.07,1
did:key:z6MksDabVCQfXMVattSDoBt8v7KgfTt42xZJCbxHfSchhZ9d,1140,1141,09-29 20:01,09-29 20:06,46.07,1
did:key:z6MksDabVCQfXMVattSDoBt8v7KgfTt42xZJCbxHfSchhZ9d,1171,1172,09-29 22:36,09-29 22:41,46.07,1
did:key:z6MksDabVCQfXMVattSDoBt8v7KgfTt42xZJCbxHfSchhZ9d,1183,1189,09-29 23:36,09-30 00:06,46.07,6
did:key:z6MksDabVCQfXMVattSDoBt8v7KgfTt42xZJCbxHfSchhZ9d,1196,1199,09-30 00:41,09-30 00:56,46.07,3
did:key:z6MksDabVCQfXMVattSDoBt8v7KgfTt42xZJCbxHfSchhZ9d,1207,1209,09-30 01:36,09-30 01:46,46.07,2
did:key:z6MksEcwygUvq7RJBuWyKeWmCXiBjefPBcd74BLMnYSKtLRa,970,973,09-29 05:50,09-29 06:08,46.07,3
did:key:z6MksEcwygUvq7RJBuWyKeWmCXiBjefPBcd74BLMnYSKtLRa,977,986,09-29 06:28,09-29 07:10,46.07,9
did:key:z6MksEcwygUvq7RJBuWyKeWmCXiBjefPBcd74BLMnYSKtLRa,992,1007,09-29 07:40,09-29 08:55,46.07,15
did:key:z6MksEcwygUvq7RJBuWyKeWmCXiBjefPBcd74BLMnYSKtLRa,1036,1039,09-29 11:21,09-29 11:36,46.07,3
did:key:z6MksEcwygUvq7RJBuWyKeWmCXiBjefPBcd74BLMnYSKtLRa,1049,1072,09-29 12:25,09-29 14:21,46.07,23
did:key:z6MksEcwygUvq7RJBuWyKeWmCXiBjefPBcd74BLMnYSKtLRa,1082,1119,09-29 15:11,09-29 18:16,46.07,37
did:key:z6MksEcwygUvq7RJBuWyKeWmCXiBjefPBcd74BLMnYSKtLRa,1127,1128,09-29 18:56,09-29 19:01,46.07,1
did:key:z6MksEcwygUvq7RJBuWyKeWmCXiBjefPBcd74BLMnYSKtLRa,1130,1135,09-29 19:11,09-29 19:36,46.07,5
did:key:z6MksEcwygUvq7RJBuWyKeWmCXiBjefPBcd74BLMnYSKtLRa,1137,1138,09-29 19:46,09-29 19:51,46.07,1
did:key:z6MksEcwygUvq7RJBuWyKeWmCXiBjefPBcd74BLMnYSKtLRa,1171,1172,09-29 22:36,09-29 22:41,46.07,1
did:key:z6MksEcwygUvq7RJBuWyKeWmCXiBjefPBcd74BLMnYSKtLRa,1183,1189,09-29 23:36,09-30 00:06,46.07,6
did:key:z6MksEcwygUvq7RJBuWyKeWmCXiBjefPBcd74BLMnYSKtLRa,1207,1209,09-30 01:36,09-30 01:46,46.07,2
did:key:z6MksFjaCxY326M76SjmQiCygCLfVcfqWY6AUgGWKSST9YR5,970,973,09-29 05:50,09-29 06:08,46.07,3
did:key:z6MksFjaCxY326M76SjmQiCygCLfVcfqWY6AUgGWKSST9YR5,977,986,09-29 06:28,09-29 07:10,46.07,9
did:key:z6MksFjaCxY326M76SjmQiCygCLfVcfqWY6AUgGWKSST9YR5,992,1007,09-29 07:40,09-29 08:55,46.07,15
did:key:z6MksFjaCxY326M76SjmQiCygCLfVcfqWY6AUgGWKSST9YR5,1036,1039,09-29 11:21,09-29 11:36,46.07,3
did:key:z6MksFjaCxY326M76SjmQiCygCLfVcfqWY6AUgGWKSST9YR5,1049,1072,09-29 12:25,09-29 14:21,46.07,23
did:key:z6MksFjaCxY326M76SjmQiCygCLfVcfqWY6AUgGWKSST9YR5,1082,1119,09-29 15:11,09-29 18:16,46.07,37
did:key:z6MksFjaCxY326M76SjmQiCygCLfVcfqWY6AUgGWKSST9YR5,1127,1128,09-29 18:56,09-29 19:01,46.07,1
did:key:z6MksFjaCxY326M76SjmQiCygCLfVcfqWY6AUgGWKSST9YR5,1130,1135,09-29 19:11,09-29 19:36,46.07,5
did:key:z6MksFjaCxY326M76SjmQiCygCLfVcfqWY6AUgGWKSST9YR5,1137,1138,09-29 19:46,09-29 19:51,46.07,1
did:key:z6MksFjaCxY326M76SjmQiCygCLfVcfqWY6AUgGWKSST9YR5,1171,1172,09-29 22:36,09-29 22:41,46.07,1
did:key:z6MksFjaCxY326M76SjmQiCygCLfVcfqWY6AUgGWKSST9YR5,1183,1189,09-29 23:36,09-30 00:06,46.07,6
did:key:z6MksFjaCxY326M76SjmQiCygCLfVcfqWY6AUgGWKSST9YR5,1207,1209,09-30 01:36,09-30 01:46,46.07,2
did:key:z6MksFjaCxY326M76SjmQiCygCLfVcfqWY6AUgGWKSST9YR5,1537,1590,10-01 05:06,10-01 09:31,-44.8,53
did:key:z6MksFjaCxY326M76SjmQiCygCLfVcfqWY6AUgGWKSST9YR5,1592,1593,10-01 09:41,10-01 09:46,,1
did:key:z6MksFjaCxY326M76SjmQiCygCLfVcfqWY6AUgGWKSST9YR5,1595,1596,10-01 09:56,10-01 10:01,,1
did:key:z6MksHqWJ6DVDMncJTYJkm4TrWzjU3zP4TZPWEnvnqYGtR43,970,973,09-29 05:50,09-29 06:08,46.07,3
did:key:z6MksHqWJ6DVDMncJTYJkm4TrWzjU3zP4TZPWEnvnqYGtR43,977,986,09-29 06:28,09-29 07:10,46.07,9
did:key:z6MksHqWJ6DVDMncJTYJkm4TrWzjU3zP4TZPWEnvnqYGtR43,992,1007,09-29 07:40,09-29 08:55,46.07,15
did:key:z6MksHqWJ6DVDMncJTYJkm4TrWzjU3zP4TZPWEnvnqYGtR43,1036,1039,09-29 11:21,09-29 11:36,46.07,3
did:key:z6MksHqWJ6DVDMncJTYJkm4TrWzjU3zP4TZPWEnvnqYGtR43,1049,1072,09-29 12:25,09-29 14:21,46.07,23
did:key:z6MksHqWJ6DVDMncJTYJkm4TrWzjU3zP4TZPWEnvnqYGtR43,1082,1119,09-29 15:11,09-29 18:16,46.07,37
did:key:z6MksHqWJ6DVDMncJTYJkm4TrWzjU3zP4TZPWEnvnqYGtR43,1127,1128,09-29 18:56,09-29 19:01,46.07,1
did:key:z6MksHqWJ6DVDMncJTYJkm4TrWzjU3zP4TZPWEnvnqYGtR43,1130,1135,09-29 19:11,09-29 19:36,46.07,5
did:key:z6MksHqWJ6DVDMncJTYJkm4TrWzjU3zP4TZPWEnvnqYGtR43,1137,1138,09-29 19:46,09-29 19:51,46.07,1
did:key:z6MksHqWJ6DVDMncJTYJkm4TrWzjU3zP4TZPWEnvnqYGtR43,1171,1172,09-29 22:36,09-29 22:41,46.07,1
did:key:z6MksHqWJ6DVDMncJTYJkm4TrWzjU3zP4TZPWEnvnqYGtR43,1183,1189,09-29 23:36,09-30 00:06,46.07,6
did:key:z6MksHqWJ6DVDMncJTYJkm4TrWzjU3zP4TZPWEnvnqYGtR43,1207,1209,09-30 01:36,09-30 01:46,46.07,2
did:key:z6MksJJDK5Z8BvTJ1P56G9Ao1W9Jevi5TddcxP65DWKQZ8tN,970,973,09-29 05:50,09-29 06:08,46.07,3
did:key:z6MksJJDK5Z8BvTJ1P56G9Ao1W9Jevi5TddcxP65DWKQZ8tN,977,986,09-29 06:28,09-29 07:10,46.07,9
did:key:z6MksJJDK5Z8BvTJ1P56G9Ao1W9Jevi5TddcxP65DWKQZ8tN,992,1007,09-29 07:40,09-29 08:55,46.07,15
did:key:z6MksJJDK5Z8BvTJ1P56G9Ao1W9Jevi5TddcxP65DWKQZ8tN,1036,1039,09-29 11:21,09-29 11:36,46.07,3
did:key:z6MksJJDK5Z8BvTJ1P56G9Ao1W9Jevi5TddcxP65DWKQZ8tN,1049,1072,09-29 12:25,09-29 14:21,46.07,23
did:key:z6MksJJDK5Z8BvTJ1P56G9Ao1W9Jevi5TddcxP65DWKQZ8tN,1082,1119,09-29 15:11,09-29 18:16,46.07,37
did:key:z6MksJJDK5Z8BvTJ1P56G9Ao1W9Jevi5TddcxP65DWKQZ8tN,1127,1128,09-29 18:56,09-29 19:01,46.07,1
did:key:z6MksJJDK5Z8BvTJ1P56G9Ao1W9Jevi5TddcxP65DWKQZ8tN,1130,1135,09-29 19:11,09-29 19:36,46.07,5
did:key:z6MksJJDK5Z8BvTJ1P56G9Ao1W9Jevi5TddcxP65DWKQZ8tN,1137,1138,09-29 19:46,09-29 19:51,46.07,1
did:key:z6MksJJDK5Z8BvTJ1P56G9Ao1W9Jevi5TddcxP65DWKQZ8tN,1171,1172,09-29 22:36,09-29 22:41,46.07,1
did:key:z6MksJJDK5Z8BvTJ1P56G9Ao1W9Jevi5TddcxP65DWKQZ8tN,1183,1189,09-29 23:36,09-30 00:06,46.07,6
did:key:z6MksJJDK5Z8BvTJ1P56G9Ao1W9Jevi5TddcxP65DWKQZ8tN,1207,1209,09-30 01:36,09-30 01:46,46.07,2
did:key:z6MksL83JyG9HLj3HYLaYLRuPk5fNchRb6sssDeFTmsVxHgk,970,973,09-29 05:50,09-29 06:08,,3
did:key:z6MksL83JyG9HLj3HYLaYLRuPk5fNchRb6sssDeFTmsVxHgk,977,986,09-29 06:28,09-29 07:10,45.92,9
did:key:z6MksL83JyG9HLj3HYLaYLRuPk5fNchRb6sssDeFTmsVxHgk,992,1007,09-29 07:40,09-29 08:55,46.05,15
did:key:z6MksL83JyG9HLj3HYLaYLRuPk5fNchRb6sssDeFTmsVxHgk,1036,1039,09-29 11:21,09-29 11:36,,3
did:key:z6MksL83JyG9HLj3HYLaYLRuPk5fNchRb6sssDeFTmsVxHgk,1049,1072,09-29 12:25,09-29 14:21,45.65,23
did:key:z6MksL83JyG9HLj3HYLaYLRuPk5fNchRb6sssDeFTmsVxHgk,1082,1092,09-29 15:11,09-29 16:01,,10
did:key:z6MksL83JyG9HLj3HYLaYLRuPk5fNchRb6sssDeFTmsVxHgk,1092,1119,09-29 16:01,09-29 18:16,46.0,27
did:key:z6MksL83JyG9HLj3HYLaYLRuPk5fNchRb6sssDeFTmsVxHgk,1127,1128,09-29 18:56,09-29 19:01,,1
did:key:z6MksL83JyG9HLj3HYLaYLRuPk5fNchRb6sssDeFTmsVxHgk,1130,1135,09-29 19:11,09-29 19:36,,5
did:key:z6MksL83JyG9HLj3HYLaYLRuPk5fNchRb6sssDeFTmsVxHgk,1137,1138,09-29 19:46,09-29 19:51,,1
did:key:z6MksL83JyG9HLj3HYLaYLRuPk5fNchRb6sssDeFTmsVxHgk,1171,1172,09-29 22:36,09-29 22:41,,1
did:key:z6MksL83JyG9HLj3HYLaYLRuPk5fNchRb6sssDeFTmsVxHgk,1183,1189,09-29 23:36,09-30 00:06,45.87,6
did:key:z6MksL83JyG9HLj3HYLaYLRuPk5fNchRb6sssDeFTmsVxHgk,1207,1209,09-30 01:36,09-30 01:46,,2
did:key:z6MksLWRr8Uc3PkSssSWvoa6U9mzkkLDu67oPj3a69YjPe1W,970,973,09-29 05:50,09-29 06:08,,3
did:key:z6MksLWRr8Uc3PkSssSWvoa6U9mzkkLDu67oPj3a69YjPe1W,977,986,09-29 06:28,09-29 07:10,45.92,9
did:key:z6MksLWRr8Uc3PkSssSWvoa6U9mzkkLDu67oPj3a69YjPe1W,992,1007,09-29 07:40,09-29 08:55,46.05,15
did:key:z6MksLWRr8Uc3PkSssSWvoa6U9mzkkLDu67oPj3a69YjPe1W,1036,1039,09-29 11:21,09-29 11:36,,3
did:key:z6MksLWRr8Uc3PkSssSWvoa6U9mzkkLDu67oPj3a69YjPe1W,1049,1072,09-29 12:25,09-29 14:21,45.65,23
did:key:z6MksLWRr8Uc3PkSssSWvoa6U9mzkkLDu67oPj3a69YjPe1W,1082,1092,09-29 15:11,09-29 16:01,,10
did:key:z6MksLWRr8Uc3PkSssSWvoa6U9mzkkLDu67oPj3a69YjPe1W,1092,1107,09-29 16:01,09-29 17:16,46.0,15
did:key:z6MksLWRr8Uc3PkSssSWvoa6U9mzkkLDu67oPj3a69YjPe1W,1119,1120,09-29 18:16,09-29 18:21,,1
did:key:z6MksLWRr8Uc3PkSssSWvoa6U9mzkkLDu67oPj3a69YjPe1W,1122,1126,09-29 18:31,09-29 18:51,,4
did:key:z6MksLWRr8Uc3PkSssSWvoa6U9mzkkLDu67oPj3a69YjPe1W,1141,1170,09-29 20:06,09-29 22:31,-44.91,29
did:key:z6MksLWRr8Uc3PkSssSWvoa6U9mzkkLDu67oPj3a69YjPe1W,1173,1182,09-29 22:46,09-29 23:31,-44.89,9
did:key:z6MksLWRr8Uc3PkSssSWvoa6U9mzkkLDu67oPj3a69YjPe1W,1190,1206,09-30 00:11,09-30 01:31,-44.77,16
did:key:z6MksLWRr8Uc3PkSssSWvoa6U9mzkkLDu67oPj3a69YjPe1W,1209,1306,09-30 01:46,09-30 09:51,-44.77,97
did:key:z6MksLWRr8Uc3PkSssSWvoa6U9mzkkLDu67oPj3a69YjPe1W,1307,1459,09-30 09:56,09-30 22:36,-44.84,152
did:key:z6MksLWRr8Uc3PkSssSWvoa6U9mzkkLDu67oPj3a69YjPe1W,1473,1474,09-30 23:46,09-30 23:52,,1
did:key:z6MksLWRr8Uc3PkSssSWvoa6U9mzkkLDu67oPj3a69YjPe1W,1479,1486,10-01 00:16,10-01 00:51,-44.9,7
did:key:z6MksLWRr8Uc3PkSssSWvoa6U9mzkkLDu67oPj3a69YjPe1W,1490,1512,10-01 01:12,10-01 03:02,-44.57,22
did:key:z6MksLWRr8Uc3PkSssSWvoa6U9mzkkLDu67oPj3a69YjPe1W,1529,1552,10-01 04:26,10-01 06:21,-44.77,23
did:key:z6MksLWRr8Uc3PkSssSWvoa6U9mzkkLDu67oPj3a69YjPe1W,1553,1593,10-01 06:26,10-01 09:46,-44.87,40
did:key:z6MksLWRr8Uc3PkSssSWvoa6U9mzkkLDu67oPj3a69YjPe1W,1595,1603,10-01 09:56,10-01 10:36,-44.84,8
did:key:z6MksLc8G3py8cb1pxhEmLYiAbZnikyLxEikAS8oxMdH4R2V,970,973,09-29 05:50,09-29 06:08,,3
did:key:z6MksLc8G3py8cb1pxhEmLYiAbZnikyLxEikAS8oxMdH4R2V,977,986,09-29 06:28,09-29 07:10,45.92,9
did:key:z6MksLc8G3py8cb1pxhEmLYiAbZnikyLxEikAS8oxMdH4R2V,992,1007,09-29 07:40,09-29 08:55,46.05,15
did:key:z6MksLc8G3py8cb1pxhEmLYiAbZnikyLxEikAS8oxMdH4R2V,1036,1039,09-29 11:21,09-29 11:36,,3
did:key:z6MksLc8G3py8cb1pxhEmLYiAbZnikyLxEikAS8oxMdH4R2V,1049,1072,09-29 12:25,09-29 14:21,45.65,23
did:key:z6MksLc8G3py8cb1pxhEmLYiAbZnikyLxEikAS8oxMdH4R2V,1082,1092,09-29 15:11,09-29 16:01,,10
did:key:z6MksLc8G3py8cb1pxhEmLYiAbZnikyLxEikAS8oxMdH4R2V,1092,1107,09-29 16:01,09-29 17:16,46.0,15
did:key:z6MksLc8G3py8cb1pxhEmLYiAbZnikyLxEikAS8oxMdH4R2V,1119,1120,09-29 18:16,09-29 18:21,,1
did:key:z6MksLc8G3py8cb1pxhEmLYiAbZnikyLxEikAS8oxMdH4R2V,1122,1126,09-29 18:31,09-29 18:51,,4
did:key:z6MksLc8G3py8cb1pxhEmLYiAbZnikyLxEikAS8oxMdH4R2V,1141,1170,09-29 20:06,09-29 22:31,-44.91,29
did:key:z6MksLc8G3py8cb1pxhEmLYiAbZnikyLxEikAS8oxMdH4R2V,1173,1182,09-29 22:46,09-29 23:31,-44.89,9
did:key:z6MksLc8G3py8cb1pxhEmLYiAbZnikyLxEikAS8oxMdH4R2V,1190,1206,09-30 00:11,09-30 01:31,-44.77,16
did:key:z6MksLc8G3py8cb1pxhEmLYiAbZnikyLxEikAS8oxMdH4R2V,1209,1306,09-30 01:46,09-30 09:51,-44.77,97
did:key:z6MksLc8G3py8cb1pxhEmLYiAbZnikyLxEikAS8oxMdH4R2V,1307,1459,09-30 09:56,09-30 22:36,-44.84,152
did:key:z6MksLc8G3py8cb1pxhEmLYiAbZnikyLxEikAS8oxMdH4R2V,1473,1474,09-30 23:46,09-30 23:52,,1
did:key:z6MksLc8G3py8cb1pxhEmLYiAbZnikyLxEikAS8oxMdH4R2V,1479,1486,10-01 00:16,10-01 00:51,-44.9,7
did:key:z6MksLc8G3py8cb1pxhEmLYiAbZnikyLxEikAS8oxMdH4R2V,1490,1512,10-01 01:12,10-01 03:02,-44.57,22
did:key:z6MksLc8G3py8cb1pxhEmLYiAbZnikyLxEikAS8oxMdH4R2V,1529,1552,10-01 04:26,10-01 06:21,-44.77,23
did:key:z6MksLc8G3py8cb1pxhEmLYiAbZnikyLxEikAS8oxMdH4R2V,1553,1593,10-01 06:26,10-01 09:46,-44.87,40
did:key:z6MksLc8G3py8cb1pxhEmLYiAbZnikyLxEikAS8oxMdH4R2V,1595,1603,10-01 09:56,10-01 10:36,-44.84,8
did:key:z6MksLnMAwSkJ5EkiTKJsYGpvM6zXUYtFXmmgCo2NeVNbVnU,970,973,09-29 05:50,09-29 06:08,,3
did:key:z6MksLnMAwSkJ5EkiTKJsYGpvM6zXUYtFXmmgCo2NeVNbVnU,977,986,09-29 06:28,09-29 07:10,45.92,9
did:key:z6MksLnMAwSkJ5EkiTKJsYGpvM6zXUYtFXmmgCo2NeVNbVnU,992,1007,09-29 07:40,09-29 08:55,46.05,15
did:key:z6MksLnMAwSkJ5EkiTKJsYGpvM6zXUYtFXmmgCo2NeVNbVnU,1036,1039,09-29 11:21,09-29 11:36,,3
did:key:z6MksLnMAwSkJ5EkiTKJsYGpvM6zXUYtFXmmgCo2NeVNbVnU,1049,1072,09-29 12:25,09-29 14:21,45.65,23
did:key:z6MksLnMAwSkJ5EkiTKJsYGpvM6zXUYtFXmmgCo2NeVNbVnU,1082,1092,09-29 15:11,09-29 16:01,,10
did:key:z6MksLnMAwSkJ5EkiTKJsYGpvM6zXUYtFXmmgCo2NeVNbVnU,1092,1107,09-29 16:01,09-29 17:16,46.0,15
did:key:z6MksLnMAwSkJ5EkiTKJsYGpvM6zXUYtFXmmgCo2NeVNbVnU,1119,1120,09-29 18:16,09-29 18:21,,1
did:key:z6MksLnMAwSkJ5EkiTKJsYGpvM6zXUYtFXmmgCo2NeVNbVnU,1122,1126,09-29 18:31,09-29 18:51,,4
did:key:z6MksLnMAwSkJ5EkiTKJsYGpvM6zXUYtFXmmgCo2NeVNbVnU,1141,1170,09-29 20:06,09-29 22:31,-44.91,29
did:key:z6MksLnMAwSkJ5EkiTKJsYGpvM6zXUYtFXmmgCo2NeVNbVnU,1173,1182,09-29 22:46,09-29 23:31,-44.89,9
did:key:z6MksLnMAwSkJ5EkiTKJsYGpvM6zXUYtFXmmgCo2NeVNbVnU,1190,1206,09-30 00:11,09-30 01:31,-44.77,16
did:key:z6MksLnMAwSkJ5EkiTKJsYGpvM6zXUYtFXmmgCo2NeVNbVnU,1209,1306,09-30 01:46,09-30 09:51,-44.77,97
did:key:z6MksLnMAwSkJ5EkiTKJsYGpvM6zXUYtFXmmgCo2NeVNbVnU,1307,1459,09-30 09:56,09-30 22:36,-44.84,152
did:key:z6MksLnMAwSkJ5EkiTKJsYGpvM6zXUYtFXmmgCo2NeVNbVnU,1473,1474,09-30 23:46,09-30 23:52,,1
did:key:z6MksLnMAwSkJ5EkiTKJsYGpvM6zXUYtFXmmgCo2NeVNbVnU,1479,1486,10-01 00:16,10-01 00:51,-44.9,7
did:key:z6MksLnMAwSkJ5EkiTKJsYGpvM6zXUYtFXmmgCo2NeVNbVnU,1490,1512,10-01 01:12,10-01 03:02,-44.57,22
did:key:z6MksLnMAwSkJ5EkiTKJsYGpvM6zXUYtFXmmgCo2NeVNbVnU,1529,1552,10-01 04:26,10-01 06:21,-44.77,23
did:key:z6MksLnMAwSkJ5EkiTKJsYGpvM6zXUYtFXmmgCo2NeVNbVnU,1553,1593,10-01 06:26,10-01 09:46,-44.87,40
did:key:z6MksLnMAwSkJ5EkiTKJsYGpvM6zXUYtFXmmgCo2NeVNbVnU,1595,1597,10-01 09:56,10-01 10:06,,2
did:key:z6MksLnMAwSkJ5EkiTKJsYGpvM6zXUYtFXmmgCo2NeVNbVnU,1599,1603,10-01 10:16,10-01 10:36,,4
did:key:z6MksLnMAwSkJ5EkiTKJsYGpvM6zXUYtFXmmgCo2NeVNbVnU,2022,2032,10-02 21:32,10-02 22:22,46.1,10
did:key:z6MksLnMAwSkJ5EkiTKJsYGpvM6zXUYtFXmmgCo2NeVNbVnU,2035,2039,10-02 22:38,10-02 22:58,,4
did:key:z6MksLnMAwSkJ5EkiTKJsYGpvM6zXUYtFXmmgCo2NeVNbVnU,2041,2043,10-02 23:07,10-02 23:18,,2
did:key:z6MksLnMAwSkJ5EkiTKJsYGpvM6zXUYtFXmmgCo2NeVNbVnU,2045,2050,10-02 23:27,10-02 23:53,,5
did:key:z6MksM6RUoQb8TPeSnGiumiGsvqWzMSaTq6BYEpUszcWnfre,970,973,09-29 05:50,09-29 06:08,,3
did:key:z6MksM6RUoQb8TPeSnGiumiGsvqWzMSaTq6BYEpUszcWnfre,977,986,09-29 06:28,09-29 07:10,45.92,9
did:key:z6MksM6RUoQb8TPeSnGiumiGsvqWzMSaTq6BYEpUszcWnfre,992,1007,09-29 07:40,09-29 08:55,46.05,15
did:key:z6MksM6RUoQb8TPeSnGiumiGsvqWzMSaTq6BYEpUszcWnfre,1036,1039,09-29 11:21,09-29 11:36,,3
did:key:z6MksM6RUoQb8TPeSnGiumiGsvqWzMSaTq6BYEpUszcWnfre,1049,1072,09-29 12:25,09-29 14:21,45.65,23
did:key:z6MksM6RUoQb8TPeSnGiumiGsvqWzMSaTq6BYEpUszcWnfre,1082,1092,09-29 15:11,09-29 16:01,,10
did:key:z6MksM6RUoQb8TPeSnGiumiGsvqWzMSaTq6BYEpUszcWnfre,1092,1107,09-29 16:01,09-29 17:16,46.0,15
did:key:z6MksM6RUoQb8TPeSnGiumiGsvqWzMSaTq6BYEpUszcWnfre,1119,1120,09-29 18:16,09-29 18:21,,1
did:key:z6MksM6RUoQb8TPeSnGiumiGsvqWzMSaTq6BYEpUszcWnfre,1122,1126,09-29 18:31,09-29 18:51,,4
did:key:z6MksM6RUoQb8TPeSnGiumiGsvqWzMSaTq6BYEpUszcWnfre,1141,1170,09-29 20:06,09-29 22:31,-44.91,29
did:key:z6MksM6RUoQb8TPeSnGiumiGsvqWzMSaTq6BYEpUszcWnfre,1173,1182,09-29 22:46,09-29 23:31,-44.89,9
did:key:z6MksM6RUoQb8TPeSnGiumiGsvqWzMSaTq6BYEpUszcWnfre,1190,1206,09-30 00:11,09-30 01:31,-44.77,16
did:key:z6MksM6RUoQb8TPeSnGiumiGsvqWzMSaTq6BYEpUszcWnfre,1209,1306,09-30 01:46,09-30 09:51,-44.77,97
did:key:z6MksM6RUoQb8TPeSnGiumiGsvqWzMSaTq6BYEpUszcWnfre,1307,1459,09-30 09:56,09-30 22:36,-44.84,152
did:key:z6MksM6RUoQb8TPeSnGiumiGsvqWzMSaTq6BYEpUszcWnfre,1473,1474,09-30 23:46,09-30 23:52,,1
did:key:z6MksM6RUoQb8TPeSnGiumiGsvqWzMSaTq6BYEpUszcWnfre,1479,1486,10-01 00:16,10-01 00:51,-44.9,7
did:key:z6MksM6RUoQb8TPeSnGiumiGsvqWzMSaTq6BYEpUszcWnfre,1490,1512,10-01 01:12,10-01 03:02,-44.57,22
did:key:z6MksM6RUoQb8TPeSnGiumiGsvqWzMSaTq6BYEpUszcWnfre,1529,1552,10-01 04:26,10-01 06:21,-44.77,23
did:key:z6MksM6RUoQb8TPeSnGiumiGsvqWzMSaTq6BYEpUszcWnfre,1553,1593,10-01 06:26,10-01 09:46,-44.87,40
did:key:z6MksM6RUoQb8TPeSnGiumiGsvqWzMSaTq6BYEpUszcWnfre,1595,1597,10-01 09:56,10-01 10:06,,2
did:key:z6MksM6RUoQb8TPeSnGiumiGsvqWzMSaTq6BYEpUszcWnfre,1599,1603,10-01 10:16,10-01 10:36,,4
did:key:z6MksMRmpvBM3gLjZzrpXZuZVoi3Sg6mUZpbc4sgSLnLNjUX,970,973,09-29 05:50,09-29 06:08,,3
did:key:z6MksMRmpvBM3gLjZzrpXZuZVoi3Sg6mUZpbc4sgSLnLNjUX,977,986,09-29 06:28,09-29 07:10,45.92,9
did:key:z6MksMRmpvBM3gLjZzrpXZuZVoi3Sg6mUZpbc4sgSLnLNjUX,992,1007,09-29 07:40,09-29 08:55,46.05,15
did:key:z6MksMRmpvBM3gLjZzrpXZuZVoi3Sg6mUZpbc4sgSLnLNjUX,1036,1039,09-29 11:21,09-29 11:36,,3
did:key:z6MksMRmpvBM3gLjZzrpXZuZVoi3Sg6mUZpbc4sgSLnLNjUX,1049,1072,09-29 12:25,09-29 14:21,45.65,23
did:key:z6MksMRmpvBM3gLjZzrpXZuZVoi3Sg6mUZpbc4sgSLnLNjUX,1082,1092,09-29 15:11,09-29 16:01,,10
did:key:z6MksMRmpvBM3gLjZzrpXZuZVoi3Sg6mUZpbc4sgSLnLNjUX,1092,1107,09-29 16:01,09-29 17:16,46.0,15
did:key:z6MksMRmpvBM3gLjZzrpXZuZVoi3Sg6mUZpbc4sgSLnLNjUX,1119,1120,09-29 18:16,09-29 18:21,,1
did:key:z6MksMRmpvBM3gLjZzrpXZuZVoi3Sg6mUZpbc4sgSLnLNjUX,1122,1126,09-29 18:31,09-29 18:51,,4
did:key:z6MksMRmpvBM3gLjZzrpXZuZVoi3Sg6mUZpbc4sgSLnLNjUX,1141,1170,09-29 20:06,09-29 22:31,-44.91,29
did:key:z6MksMRmpvBM3gLjZzrpXZuZVoi3Sg6mUZpbc4sgSLnLNjUX,1173,1182,09-29 22:46,09-29 23:31,-44.89,9
did:key:z6MksMRmpvBM3gLjZzrpXZuZVoi3Sg6mUZpbc4sgSLnLNjUX,1190,1206,09-30 00:11,09-30 01:31,-44.77,16
did:key:z6MksMRmpvBM3gLjZzrpXZuZVoi3Sg6mUZpbc4sgSLnLNjUX,1209,1306,09-30 01:46,09-30 09:51,-44.77,97
did:key:z6MksMRmpvBM3gLjZzrpXZuZVoi3Sg6mUZpbc4sgSLnLNjUX,1307,1459,09-30 09:56,09-30 22:36,-44.84,152
did:key:z6MksMRmpvBM3gLjZzrpXZuZVoi3Sg6mUZpbc4sgSLnLNjUX,1479,1486,10-01 00:16,10-01 00:51,-44.9,7
did:key:z6MksMRmpvBM3gLjZzrpXZuZVoi3Sg6mUZpbc4sgSLnLNjUX,1490,1512,10-01 01:12,10-01 03:02,-44.57,22
did:key:z6MksMRmpvBM3gLjZzrpXZuZVoi3Sg6mUZpbc4sgSLnLNjUX,1529,1536,10-01 04:26,10-01 05:01,,7
did:key:z6MksMRmpvBM3gLjZzrpXZuZVoi3Sg6mUZpbc4sgSLnLNjUX,1597,1601,10-01 10:06,10-01 10:27,47.17,4
did:key:z6MksMRmpvBM3gLjZzrpXZuZVoi3Sg6mUZpbc4sgSLnLNjUX,1603,1675,10-01 10:36,10-01 16:37,47.17,72
did:key:z6MksMRmpvBM3gLjZzrpXZuZVoi3Sg6mUZpbc4sgSLnLNjUX,1679,1682,10-01 16:56,10-01 17:12,47.17,3
did:key:z6MksMRmpvBM3gLjZzrpXZuZVoi3Sg6mUZpbc4sgSLnLNjUX,1689,1720,10-01 17:47,10-01 20:22,47.17,31
did:key:z6MksMRmpvBM3gLjZzrpXZuZVoi3Sg6mUZpbc4sgSLnLNjUX,1725,1736,10-01 20:47,10-01 21:43,47.17,11
did:key:z6MksMRmpvBM3gLjZzrpXZuZVoi3Sg6mUZpbc4sgSLnLNjUX,1749,1753,10-01 22:47,10-01 23:07,47.17,4
did:key:z6MksMRmpvBM3gLjZzrpXZuZVoi3Sg6mUZpbc4sgSLnLNjUX,1759,1762,10-01 23:37,10-01 23:52,47.17,3
did:key:z6MksMRmpvBM3gLjZzrpXZuZVoi3Sg6mUZpbc4sgSLnLNjUX,1782,1785,10-02 01:32,10-02 01:47,47.17,3
did:key:z6MksMRmpvBM3gLjZzrpXZuZVoi3Sg6mUZpbc4sgSLnLNjUX,1787,1788,10-02 01:57,10-02 02:02,47.17,1
did:key:z6MksMRmpvBM3gLjZzrpXZuZVoi3Sg6mUZpbc4sgSLnLNjUX,1790,1809,10-02 02:12,10-02 03:47,47.17,19
did:key:z6MksMRmpvBM3gLjZzrpXZuZVoi3Sg6mUZpbc4sgSLnLNjUX,1811,2167,10-02 03:57,10-03 09:35,47.17,356
did:key:z6MksN9eVkstgp9Six7PXvATX7SyiAhEHDHuePqVYgmbiAbK,970,973,09-29 05:50,09-29 06:08,,3
did:key:z6MksN9eVkstgp9Six7PXvATX7SyiAhEHDHuePqVYgmbiAbK,977,986,09-29 06:28,09-29 07:10,45.92,9
did:key:z6MksN9eVkstgp9Six7PXvATX7SyiAhEHDHuePqVYgmbiAbK,992,1007,09-29 07:40,09-29 08:55,46.05,15
did:key:z6MksN9eVkstgp9Six7PXvATX7SyiAhEHDHuePqVYgmbiAbK,1036,1039,09-29 11:21,09-29 11:36,,3
did:key:z6MksN9eVkstgp9Six7PXvATX7SyiAhEHDHuePqVYgmbiAbK,1049,1072,09-29 12:25,09-29 14:21,45.65,23
did:key:z6MksN9eVkstgp9Six7PXvATX7SyiAhEHDHuePqVYgmbiAbK,1082,1092,09-29 15:11,09-29 16:01,,10
did:key:z6MksN9eVkstgp9Six7PXvATX7SyiAhEHDHuePqVYgmbiAbK,1092,1107,09-29 16:01,09-29 17:16,46.0,15
did:key:z6MksN9eVkstgp9Six7PXvATX7SyiAhEHDHuePqVYgmbiAbK,1119,1120,09-29 18:16,09-29 18:21,,1
did:key:z6MksN9eVkstgp9Six7PXvATX7SyiAhEHDHuePqVYgmbiAbK,1122,1126,09-29 18:31,09-29 18:51,,4
did:key:z6MksN9eVkstgp9Six7PXvATX7SyiAhEHDHuePqVYgmbiAbK,1141,1170,09-29 20:06,09-29 22:31,-44.91,29
did:key:z6MksN9eVkstgp9Six7PXvATX7SyiAhEHDHuePqVYgmbiAbK,1173,1182,09-29 22:46,09-29 23:31,-44.89,9
did:key:z6MksN9eVkstgp9Six7PXvATX7SyiAhEHDHuePqVYgmbiAbK,1190,1206,09-30 00:11,09-30 01:31,-44.77,16
did:key:z6MksN9eVkstgp9Six7PXvATX7SyiAhEHDHuePqVYgmbiAbK,1209,1306,09-30 01:46,09-30 09:51,-44.77,97
did:key:z6MksN9eVkstgp9Six7PXvATX7SyiAhEHDHuePqVYgmbiAbK,1307,1459,09-30 09:56,09-30 22:36,-44.84,152
did:key:z6MksN9eVkstgp9Six7PXvATX7SyiAhEHDHuePqVYgmbiAbK,1479,1486,10-01 00:16,10-01 00:51,-44.9,7
did:key:z6MksN9eVkstgp9Six7PXvATX7SyiAhEHDHuePqVYgmbiAbK,1490,1512,10-01 01:12,10-01 03:02,-44.57,22
did:key:z6MksN9eVkstgp9Six7PXvATX7SyiAhEHDHuePqVYgmbiAbK,1529,1536,10-01 04:26,10-01 05:01,,7
did:key:z6MksN9eVkstgp9Six7PXvATX7SyiAhEHDHuePqVYgmbiAbK,1597,1601,10-01 10:06,10-01 10:27,47.17,4
did:key:z6MksN9eVkstgp9Six7PXvATX7SyiAhEHDHuePqVYgmbiAbK,1603,1675,10-01 10:36,10-01 16:37,47.17,72
did:key:z6MksN9eVkstgp9Six7PXvATX7SyiAhEHDHuePqVYgmbiAbK,1689,1690,10-01 17:47,10-01 17:52,47.17,1
did:key:z6MksN9eVkstgp9Six7PXvATX7SyiAhEHDHuePqVYgmbiAbK,1692,1719,10-01 18:02,10-01 20:17,47.17,27
did:key:z6MksN9eVkstgp9Six7PXvATX7SyiAhEHDHuePqVYgmbiAbK,1727,1736,10-01 20:57,10-01 21:43,47.17,9
did:key:z6MksN9eVkstgp9Six7PXvATX7SyiAhEHDHuePqVYgmbiAbK,1749,1753,10-01 22:47,10-01 23:07,47.17,4
did:key:z6MksN9eVkstgp9Six7PXvATX7SyiAhEHDHuePqVYgmbiAbK,1759,1762,10-01 23:37,10-01 23:52,47.17,3
did:key:z6MksN9eVkstgp9Six7PXvATX7SyiAhEHDHuePqVYgmbiAbK,1783,1785,10-02 01:37,10-02 01:47,47.17,2
did:key:z6MksN9eVkstgp9Six7PXvATX7SyiAhEHDHuePqVYgmbiAbK,1787,1788,10-02 01:57,10-02 02:02,47.17,1
did:key:z6MksN9eVkstgp9Six7PXvATX7SyiAhEHDHuePqVYgmbiAbK,1790,1809,10-02 02:12,10-02 03:47,47.17,19
did:key:z6MksN9eVkstgp9Six7PXvATX7SyiAhEHDHuePqVYgmbiAbK,1811,1980,10-02 03:57,10-02 18:02,47.17,169
did:key:z6MksN9eVkstgp9Six7PXvATX7SyiAhEHDHuePqVYgmbiAbK,1981,1997,10-02 18:07,10-02 19:27,-45.55,16
did:key:z6MksN9eVkstgp9Six7PXvATX7SyiAhEHDHuePqVYgmbiAbK,1998,2008,10-02 19:32,10-02 20:22,-45.97,10
did:key:z6MksN9eVkstgp9Six7PXvATX7SyiAhEHDHuePqVYgmbiAbK,2011,2017,10-02 20:37,10-02 21:07,,6
did:key:z6MksN9eVkstgp9Six7PXvATX7SyiAhEHDHuePqVYgmbiAbK,2054,2066,10-03 00:13,10-03 01:13,-45.93,12
did:key:z6MksN9eVkstgp9Six7PXvATX7SyiAhEHDHuePqVYgmbiAbK,2074,2075,10-03 01:53,10-03 01:58,,1
did:key:z6MksN9eVkstgp9Six7PXvATX7SyiAhEHDHuePqVYgmbiAbK,2077,2167,10-03 02:08,10-03 09:35,-46.0,90
did:key:z6MksNANLiVTsqjC3BJ95Q8UY1SqLpGc6xPN8d9mPfTMQSDf,970,973,09-29 05:50,09-29 06:08,,3
did:key:z6MksNANLiVTsqjC3BJ95Q8UY1SqLpGc6xPN8d9mPfTMQSDf,977,986,09-29 06:28,09-29 07:10,45.92,9
did:key:z6MksNANLiVTsqjC3BJ95Q8UY1SqLpGc6xPN8d9mPfTMQSDf,992,1007,09-29 07:40,09-29 08:55,46.05,15
did:key:z6MksNANLiVTsqjC3BJ95Q8UY1SqLpGc6xPN8d9mPfTMQSDf,1036,1039,09-29 11:21,09-29 11:36,,3
did:key:z6MksNANLiVTsqjC3BJ95Q8UY1SqLpGc6xPN8d9mPfTMQSDf,1049,1072,09-29 12:25,09-29 14:21,45.65,23
did:key:z6MksNANLiVTsqjC3BJ95Q8UY1SqLpGc6xPN8d9mPfTMQSDf,1082,1092,09-29 15:11,09-29 16:01,,10
did:key:z6MksNANLiVTsqjC3BJ95Q8UY1SqLpGc6xPN8d9mPfTMQSDf,1092,1107,09-29 16:01,09-29 17:16,46.0,15
did:key:z6MksNANLiVTsqjC3BJ95Q8UY1SqLpGc6xPN8d9mPfTMQSDf,1119,1120,09-29 18:16,09-29 18:21,,1
did:key:z6MksNANLiVTsqjC3BJ95Q8UY1SqLpGc6xPN8d9mPfTMQSDf,1122,1126,09-29 18:31,09-29 18:51,,4
did:key:z6MksNANLiVTsqjC3BJ95Q8UY1SqLpGc6xPN8d9mPfTMQSDf,1141,1170,09-29 20:06,09-29 22:31,-44.91,29
did:key:z6MksNANLiVTsqjC3BJ95Q8UY1SqLpGc6xPN8d9mPfTMQSDf,1173,1182,09-29 22:46,09-29 23:31,-44.89,9
did:key:z6MksNANLiVTsqjC3BJ95Q8UY1SqLpGc6xPN8d9mPfTMQSDf,1192,1206,09-30 00:21,09-30 01:31,-44.8,14
did:key:z6MksNANLiVTsqjC3BJ95Q8UY1SqLpGc6xPN8d9mPfTMQSDf,1209,1306,09-30 01:46,09-30 09:51,-44.77,97
did:key:z6MksNANLiVTsqjC3BJ95Q8UY1SqLpGc6xPN8d9mPfTMQSDf,1307,1459,09-30 09:56,09-30 22:36,-44.84,152
did:key:z6MksNANLiVTsqjC3BJ95Q8UY1SqLpGc6xPN8d9mPfTMQSDf,1479,1486,10-01 00:16,10-01 00:51,-44.9,7
did:key:z6MksNANLiVTsqjC3BJ95Q8UY1SqLpGc6xPN8d9mPfTMQSDf,1490,1512,10-01 01:12,10-01 03:02,-44.57,22
did:key:z6MksNANLiVTsqjC3BJ95Q8UY1SqLpGc6xPN8d9mPfTMQSDf,1529,1536,10-01 04:26,10-01 05:01,,7
did:key:z6MksNANLiVTsqjC3BJ95Q8UY1SqLpGc6xPN8d9mPfTMQSDf,1597,1598,10-01 10:06,10-01 10:11,47.17,1
did:key:z6MksNANLiVTsqjC3BJ95Q8UY1SqLpGc6xPN8d9mPfTMQSDf,1600,1601,10-01 10:21,10-01 10:27,47.17,1
did:key:z6MksNANLiVTsqjC3BJ95Q8UY1SqLpGc6xPN8d9mPfTMQSDf,1603,1642,10-01 10:36,10-01 13:52,47.17,39
did:key:z6MksNANLiVTsqjC3BJ95Q8UY1SqLpGc6xPN8d9mPfTMQSDf,1643,1655,10-01 13:56,10-01 14:59,-45.86,12
did:key:z6MksNANLiVTsqjC3BJ95Q8UY1SqLpGc6xPN8d9mPfTMQSDf,1657,1748,10-01 15:07,10-01 22:42,-45.87,91
did:key:z6MksNANLiVTsqjC3BJ95Q8UY1SqLpGc6xPN8d9mPfTMQSDf,1749,1807,10-01 22:47,10-02 03:37,-45.89,58
did:key:z6MksNANLiVTsqjC3BJ95Q8UY1SqLpGc6xPN8d9mPfTMQSDf,1809,1810,10-02 03:47,10-02 03:52,,1
did:key:z6MksNANLiVTsqjC3BJ95Q8UY1SqLpGc6xPN8d9mPfTMQSDf,1812,1877,10-02 04:02,10-02 09:27,-46.06,65
did:key:z6MksNANLiVTsqjC3BJ95Q8UY1SqLpGc6xPN8d9mPfTMQSDf,1879,1969,10-02 09:37,10-02 17:07,-45.94,90
did:key:z6MksNM2Hjqkzu6tgQxxog6uuhm2tRpAYkpbkGjT7Qg7s8xi,970,973,09-29 05:50,09-29 06:08,,3
did:key:z6MksNM2Hjqkzu6tgQxxog6uuhm2tRpAYkpbkGjT7Qg7s8xi,977,986,09-29 06:28,09-29 07:10,45.92,9
did:key:z6MksNM2Hjqkzu6tgQxxog6uuhm2tRpAYkpbkGjT7Qg7s8xi,992,1007,09-29 07:40,09-29 08:55,46.05,15
did:key:z6MksNM2Hjqkzu6tgQxxog6uuhm2tRpAYkpbkGjT7Qg7s8xi,1036,1039,09-29 11:21,09-29 11:36,,3
did:key:z6MksNM2Hjqkzu6tgQxxog6uuhm2tRpAYkpbkGjT7Qg7s8xi,1049,1072,09-29 12:25,09-29 14:21,45.65,23
did:key:z6MksNM2Hjqkzu6tgQxxog6uuhm2tRpAYkpbkGjT7Qg7s8xi,1082,1092,09-29 15:11,09-29 16:01,,10
did:key:z6MksNM2Hjqkzu6tgQxxog6uuhm2tRpAYkpbkGjT7Qg7s8xi,1092,1107,09-29 16:01,09-29 17:16,46.0,15
did:key:z6MksNM2Hjqkzu6tgQxxog6uuhm2tRpAYkpbkGjT7Qg7s8xi,1119,1120,09-29 18:16,09-29 18:21,,1
did:key:z6MksNM2Hjqkzu6tgQxxog6uuhm2tRpAYkpbkGjT7Qg7s8xi,1122,1126,09-29 18:31,09-29 18:51,,4
did:key:z6MksNM2Hjqkzu6tgQxxog6uuhm2tRpAYkpbkGjT7Qg7s8xi,1141,1170,09-29 20:06,09-29 22:31,-44.91,29
did:key:z6MksNM2Hjqkzu6tgQxxog6uuhm2tRpAYkpbkGjT7Qg7s8xi,1173,1182,09-29 22:46,09-29 23:31,-44.89,9
did:key:z6MksNM2Hjqkzu6tgQxxog6uuhm2tRpAYkpbkGjT7Qg7s8xi,1190,1206,09-30 00:11,09-30 01:31,-44.77,16
did:key:z6MksNM2Hjqkzu6tgQxxog6uuhm2tRpAYkpbkGjT7Qg7s8xi,1210,1239,09-30 01:51,09-30 04:16,-44.6,29
did:key:z6MksNM2Hjqkzu6tgQxxog6uuhm2tRpAYkpbkGjT7Qg7s8xi,1240,1322,09-30 04:21,09-30 11:11,-44.91,82
did:key:z6MksNM2Hjqkzu6tgQxxog6uuhm2tRpAYkpbkGjT7Qg7s8xi,1323,1459,09-30 11:16,09-30 22:36,-44.88,136
did:key:z6MksNM2Hjqkzu6tgQxxog6uuhm2tRpAYkpbkGjT7Qg7s8xi,1460,1473,09-30 22:41,09-30 23:46,46.32,13
did:key:z6MksNM2Hjqkzu6tgQxxog6uuhm2tRpAYkpbkGjT7Qg7s8xi,1475,1478,09-30 23:56,10-01 00:11,46.32,3
did:key:z6MksNM2Hjqkzu6tgQxxog6uuhm2tRpAYkpbkGjT7Qg7s8xi,1487,1489,10-01 00:56,10-01 01:06,46.32,2
did:key:z6MksNM2Hjqkzu6tgQxxog6uuhm2tRpAYkpbkGjT7Qg7s8xi,1515,1523,10-01 03:16,10-01 03:56,,8
did:key:z6MksNM2Hjqkzu6tgQxxog6uuhm2tRpAYkpbkGjT7Qg7s8xi,1525,1529,10-01 04:06,10-01 04:26,,4
did:key:z6MksNM2Hjqkzu6tgQxxog6uuhm2tRpAYkpbkGjT7Qg7s8xi,2009,2010,10-02 20:27,10-02 20:32,,1
did:key:z6MksNM2Hjqkzu6tgQxxog6uuhm2tRpAYkpbkGjT7Qg7s8xi,2018,2020,10-02 21:12,10-02 21:22,,2
did:key:z6MksNM2Hjqkzu6tgQxxog6uuhm2tRpAYkpbkGjT7Qg7s8xi,2022,2033,10-02 21:32,10-02 22:27,46.27,11
did:key:z6MksNM2Hjqkzu6tgQxxog6uuhm2tRpAYkpbkGjT7Qg7s8xi,2035,2039,10-02 22:38,10-02 22:58,,4
did:key:z6MksNM2Hjqkzu6tgQxxog6uuhm2tRpAYkpbkGjT7Qg7s8xi,2041,2053,10-02 23:07,10-03 00:08,46.33,12
did:key:z6MksNM2Hjqkzu6tgQxxog6uuhm2tRpAYkpbkGjT7Qg7s8xi,2067,2069,10-03 01:18,10-03 01:28,,2
did:key:z6MksPKMgp8PMQsUktYs2EKQhMG8Wsqt5tsZB6iVEVDRVcQo,970,973,09-29 05:50,09-29 06:08,,3
did:key:z6MksPKMgp8PMQsUktYs2EKQhMG8Wsqt5tsZB6iVEVDRVcQo,977,986,09-29 06:28,09-29 07:10,45.92,9
did:key:z6MksPKMgp8PMQsUktYs2EKQhMG8Wsqt5tsZB6iVEVDRVcQo,992,1007,09-29 07:40,09-29 08:55,46.05,15
did:key:z6MksPKMgp8PMQsUktYs2EKQhMG8Wsqt5tsZB6iVEVDRVcQo,1036,1039,09-29 11:21,09-29 11:36,,3
did:key:z6MksPKMgp8PMQsUktYs2EKQhMG8Wsqt5tsZB6iVEVDRVcQo,1049,1072,09-29 12:25,09-29 14:21,45.65,23
did:key:z6MksPKMgp8PMQsUktYs2EKQhMG8Wsqt5tsZB6iVEVDRVcQo,1082,1092,09-29 15:11,09-29 16:01,,10
did:key:z6MksPKMgp8PMQsUktYs2EKQhMG8Wsqt5tsZB6iVEVDRVcQo,1092,1107,09-29 16:01,09-29 17:16,46.0,15
did:key:z6MksPKMgp8PMQsUktYs2EKQhMG8Wsqt5tsZB6iVEVDRVcQo,1122,1126,09-29 18:31,09-29 18:51,,4
did:key:z6MksPKMgp8PMQsUktYs2EKQhMG8Wsqt5tsZB6iVEVDRVcQo,1141,1170,09-29 20:06,09-29 22:31,-44.91,29
did:key:z6MksPKMgp8PMQsUktYs2EKQhMG8Wsqt5tsZB6iVEVDRVcQo,1173,1182,09-29 22:46,09-29 23:31,-44.89,9
did:key:z6MksPKMgp8PMQsUktYs2EKQhMG8Wsqt5tsZB6iVEVDRVcQo,1192,1206,09-30 00:21,09-30 01:31,-44.8,14
did:key:z6MksPKMgp8PMQsUktYs2EKQhMG8Wsqt5tsZB6iVEVDRVcQo,1209,1222,09-30 01:46,09-30 02:51,-44.77,13
did:key:z6MksPKMgp8PMQsUktYs2EKQhMG8Wsqt5tsZB6iVEVDRVcQo,1235,1239,09-30 03:56,09-30 04:16,47.12,4
did:key:z6MksPKMgp8PMQsUktYs2EKQhMG8Wsqt5tsZB6iVEVDRVcQo,1263,1306,09-30 06:16,09-30 09:51,47.12,43
did:key:z6MksPKMgp8PMQsUktYs2EKQhMG8Wsqt5tsZB6iVEVDRVcQo,1309,1310,09-30 10:06,09-30 10:11,47.12,1
did:key:z6MksPKMgp8PMQsUktYs2EKQhMG8Wsqt5tsZB6iVEVDRVcQo,1320,1322,09-30 11:01,09-30 11:11,47.12,2
did:key:z6MksPKMgp8PMQsUktYs2EKQhMG8Wsqt5tsZB6iVEVDRVcQo,1341,1342,09-30 12:46,09-30 12:51,47.12,1
did:key:z6MksPKMgp8PMQsUktYs2EKQhMG8Wsqt5tsZB6iVEVDRVcQo,1345,1346,09-30 13:06,09-30 13:11,47.12,1
did:key:z6MksPKMgp8PMQsUktYs2EKQhMG8Wsqt5tsZB6iVEVDRVcQo,1348,1357,09-30 13:21,09-30 14:06,47.12,9
did:key:z6MksPKMgp8PMQsUktYs2EKQhMG8Wsqt5tsZB6iVEVDRVcQo,1368,1375,09-30 15:01,09-30 15:36,47.12,7
did:key:z6MksPKMgp8PMQsUktYs2EKQhMG8Wsqt5tsZB6iVEVDRVcQo,1381,1394,09-30 16:06,09-30 17:11,47.12,13
did:key:z6MksPKMgp8PMQsUktYs2EKQhMG8Wsqt5tsZB6iVEVDRVcQo,1447,1535,09-30 21:36,10-01 04:56,47.12,88
did:key:z6MksPKMgp8PMQsUktYs2EKQhMG8Wsqt5tsZB6iVEVDRVcQo,1589,1591,10-01 09:26,10-01 09:36,,2
did:key:z6MksPKMgp8PMQsUktYs2EKQhMG8Wsqt5tsZB6iVEVDRVcQo,1593,1675,10-01 09:46,10-01 16:37,47.12,82
did:key:z6MksPKMgp8PMQsUktYs2EKQhMG8Wsqt5tsZB6iVEVDRVcQo,1679,1682,10-01 16:56,10-01 17:12,47.12,3
did:key:z6MksPKMgp8PMQsUktYs2EKQhMG8Wsqt5tsZB6iVEVDRVcQo,1689,1720,10-01 17:47,10-01 20:22,47.12,31
did:key:z6MksPKMgp8PMQsUktYs2EKQhMG8Wsqt5tsZB6iVEVDRVcQo,1722,1737,10-01 20:32,10-01 21:47,47.12,15
did:key:z6MksPKMgp8PMQsUktYs2EKQhMG8Wsqt5tsZB6iVEVDRVcQo,1743,1744,10-01 22:17,10-01 22:22,47.12,1
did:key:z6MksPKMgp8PMQsUktYs2EKQhMG8Wsqt5tsZB6iVEVDRVcQo,1749,1753,10-01 22:47,10-01 23:07,47.12,4
did:key:z6MksPKMgp8PMQsUktYs2EKQhMG8Wsqt5tsZB6iVEVDRVcQo,1759,1762,10-01 23:37,10-01 23:52,47.12,3
did:key:z6MksPKMgp8PMQsUktYs2EKQhMG8Wsqt5tsZB6iVEVDRVcQo,1769,1771,10-02 00:27,10-02 00:37,47.12,2
did:key:z6MksPKMgp8PMQsUktYs2EKQhMG8Wsqt5tsZB6iVEVDRVcQo,1780,1809,10-02 01:22,10-02 03:47,47.12,29
did:key:z6MksPKMgp8PMQsUktYs2EKQhMG8Wsqt5tsZB6iVEVDRVcQo,1811,2167,10-02 03:57,10-03 09:35,47.12,356
did:key:z6MksQCRUshPKbpkDC1g39KrPrBUCXrD5MY4sihwDmrMGrq1,970,973,09-29 05:50,09-29 06:08,,3
did:key:z6MksQCRUshPKbpkDC1g39KrPrBUCXrD5MY4sihwDmrMGrq1,977,986,09-29 06:28,09-29 07:10,45.92,9
did:key:z6MksQCRUshPKbpkDC1g39KrPrBUCXrD5MY4sihwDmrMGrq1,992,1007,09-29 07:40,09-29 08:55,46.05,15
did:key:z6MksQCRUshPKbpkDC1g39KrPrBUCXrD5MY4sihwDmrMGrq1,1036,1039,09-29 11:21,09-29 11:36,,3
did:key:z6MksQCRUshPKbpkDC1g39KrPrBUCXrD5MY4sihwDmrMGrq1,1049,1072,09-29 12:25,09-29 14:21,45.65,23
did:key:z6MksQCRUshPKbpkDC1g39KrPrBUCXrD5MY4sihwDmrMGrq1,1082,1092,09-29 15:11,09-29 16:01,,10
did:key:z6MksQCRUshPKbpkDC1g39KrPrBUCXrD5MY4sihwDmrMGrq1,1092,1107,09-29 16:01,09-29 17:16,46.0,15
did:key:z6MksQCRUshPKbpkDC1g39KrPrBUCXrD5MY4sihwDmrMGrq1,1122,1126,09-29 18:31,09-29 18:51,,4
did:key:z6MksQCRUshPKbpkDC1g39KrPrBUCXrD5MY4sihwDmrMGrq1,1141,1170,09-29 20:06,09-29 22:31,-44.91,29
did:key:z6MksQCRUshPKbpkDC1g39KrPrBUCXrD5MY4sihwDmrMGrq1,1173,1182,09-29 22:46,09-29 23:31,-44.89,9
did:key:z6MksQCRUshPKbpkDC1g39KrPrBUCXrD5MY4sihwDmrMGrq1,1190,1206,09-30 00:11,09-30 01:31,-44.77,16
did:key:z6MksQCRUshPKbpkDC1g39KrPrBUCXrD5MY4sihwDmrMGrq1,1210,1222,09-30 01:51,09-30 02:51,-44.6,12
did:key:z6MksQCRUshPKbpkDC1g39KrPrBUCXrD5MY4sihwDmrMGrq1,1235,1239,09-30 03:56,09-30 04:16,47.12,4
did:key:z6MksQCRUshPKbpkDC1g39KrPrBUCXrD5MY4sihwDmrMGrq1,1263,1306,09-30 06:16,09-30 09:51,47.12,43
did:key:z6MksQCRUshPKbpkDC1g39KrPrBUCXrD5MY4sihwDmrMGrq1,1309,1310,09-30 10:06,09-30 10:11,47.12,1
did:key:z6MksQCRUshPKbpkDC1g39KrPrBUCXrD5MY4sihwDmrMGrq1,1320,1322,09-30 11:01,09-30 11:11,47.12,2
did:key:z6MksQCRUshPKbpkDC1g39KrPrBUCXrD5MY4sihwDmrMGrq1,1341,1342,09-30 12:46,09-30 12:51,47.12,1
did:key:z6MksQCRUshPKbpkDC1g39KrPrBUCXrD5MY4sihwDmrMGrq1,1345,1346,09-30 13:06,09-30 13:11,47.12,1
did:key:z6MksQCRUshPKbpkDC1g39KrPrBUCXrD5MY4sihwDmrMGrq1,1348,1357,09-30 13:21,09-30 14:06,47.12,9
did:key:z6MksQCRUshPKbpkDC1g39KrPrBUCXrD5MY4sihwDmrMGrq1,1368,1375,09-30 15:01,09-30 15:36,47.12,7
did:key:z6MksQCRUshPKbpkDC1g39KrPrBUCXrD5MY4sihwDmrMGrq1,1381,1394,09-30 16:06,09-30 17:11,47.12,13
did:key:z6MksQCRUshPKbpkDC1g39KrPrBUCXrD5MY4sihwDmrMGrq1,1447,1535,09-30 21:36,10-01 04:56,47.12,88
did:key:z6MksQCRUshPKbpkDC1g39KrPrBUCXrD5MY4sihwDmrMGrq1,1593,1595,10-01 09:46,10-01 09:56,,2
did:key:z6MksQCRUshPKbpkDC1g39KrPrBUCXrD5MY4sihwDmrMGrq1,1597,1642,10-01 10:06,10-01 13:52,46.96,45
did:key:z6MksQCRUshPKbpkDC1g39KrPrBUCXrD5MY4sihwDmrMGrq1,1643,1748,10-01 13:56,10-01 22:42,-45.87,105
did:key:z6MksQCRUshPKbpkDC1g39KrPrBUCXrD5MY4sihwDmrMGrq1,1749,1970,10-01 22:47,10-02 17:12,-45.91,221
did:key:z6MksGUgmBqiQ26HRLGFj32cXUmDEaeQsXiGdQskr3fWtgiU,970,973,09-29 05:50,09-29 06:08,,3
did:key:z6MksGUgmBqiQ26HRLGFj32cXUmDEaeQsXiGdQskr3fWtgiU,977,986,09-29 06:28,09-29 07:10,45.9,9
did:key:z6MksGUgmBqiQ26HRLGFj32cXUmDEaeQsXiGdQskr3fWtgiU,992,1007,09-29 07:40,09-29 08:55,46.04,15
did:key:z6MksGUgmBqiQ26HRLGFj32cXUmDEaeQsXiGdQskr3fWtgiU,1036,1039,09-29 11:21,09-29 11:36,,3
did:key:z6MksGUgmBqiQ26HRLGFj32cXUmDEaeQsXiGdQskr3fWtgiU,1049,1072,09-29 12:25,09-29 14:21,45.64,23
did:key:z6MksGUgmBqiQ26HRLGFj32cXUmDEaeQsXiGdQskr3fWtgiU,1082,1092,09-29 15:11,09-29 16:01,,10
did:key:z6MksGUgmBqiQ26HRLGFj32cXUmDEaeQsXiGdQskr3fWtgiU,1092,1119,09-29 16:01,09-29 18:16,46.0,27
did:key:z6MksGUgmBqiQ26HRLGFj32cXUmDEaeQsXiGdQskr3fWtgiU,1127,1128,09-29 18:56,09-29 19:01,,1
did:key:z6MksGUgmBqiQ26HRLGFj32cXUmDEaeQsXiGdQskr3fWtgiU,1130,1135,09-29 19:11,09-29 19:36,,5
did:key:z6MksGUgmBqiQ26HRLGFj32cXUmDEaeQsXiGdQskr3fWtgiU,1137,1138,09-29 19:46,09-29 19:51,,1
did:key:z6MksGUgmBqiQ26HRLGFj32cXUmDEaeQsXiGdQskr3fWtgiU,1171,1172,09-29 22:36,09-29 22:41,,1
did:key:z6MksGUgmBqiQ26HRLGFj32cXUmDEaeQsXiGdQskr3fWtgiU,1183,1189,09-29 23:36,09-30 00:06,45.86,6
did:key:z6MksGUgmBqiQ26HRLGFj32cXUmDEaeQsXiGdQskr3fWtgiU,1207,1209,09-30 01:36,09-30 01:46,,2
did:key:z6MksGUgmBqiQ26HRLGFj32cXUmDEaeQsXiGdQskr3fWtgiU,1604,1605,10-01 10:41,10-01 10:49,,1
did:key:z6MksGUgmBqiQ26HRLGFj32cXUmDEaeQsXiGdQskr3fWtgiU,1607,1643,10-01 10:56,10-01 13:56,47.01,36
did:key:z6MksGUgmBqiQ26HRLGFj32cXUmDEaeQsXiGdQskr3fWtgiU,1645,1667,10-01 14:06,10-01 15:57,47.0,22
did:key:z6MksGUgmBqiQ26HRLGFj32cXUmDEaeQsXiGdQskr3fWtgiU,1670,1672,10-01 16:12,10-01 16:22,47.0,2
did:key:z6MksGUgmBqiQ26HRLGFj32cXUmDEaeQsXiGdQskr3fWtgiU,1715,1717,10-01 19:57,10-01 20:07,47.0,2
did:key:z6MksGUgmBqiQ26HRLGFj32cXUmDEaeQsXiGdQskr3fWtgiU,1752,1753,10-01 23:02,10-01 23:07,,1
did:key:z6MksGUgmBqiQ26HRLGFj32cXUmDEaeQsXiGdQskr3fWtgiU,1794,1799,10-02 02:32,10-02 02:57,,5
did:key:z6MksGUgmBqiQ26HRLGFj32cXUmDEaeQsXiGdQskr3fWtgiU,1807,1809,10-02 03:37,10-02 03:47,47.0,2
did:key:z6MksGUgmBqiQ26HRLGFj32cXUmDEaeQsXiGdQskr3fWtgiU,1811,1819,10-02 03:57,10-02 04:37,47.0,8
did:key:z6MksGUgmBqiQ26HRLGFj32cXUmDEaeQsXiGdQskr3fWtgiU,1821,1825,10-02 04:47,10-02 05:07,47.0,4
did:key:z6MksGUgmBqiQ26HRLGFj32cXUmDEaeQsXiGdQskr3fWtgiU,1827,1880,10-02 05:17,10-02 09:42,47.0,53
did:key:z6MksGUgmBqiQ26HRLGFj32cXUmDEaeQsXiGdQskr3fWtgiU,1882,1981,10-02 09:52,10-02 18:07,47.0,99
did:key:z6MksGUgmBqiQ26HRLGFj32cXUmDEaeQsXiGdQskr3fWtgiU,1982,1992,10-02 18:12,10-02 19:02,,10
did:key:z6MksGUgmBqiQ26HRLGFj32cXUmDEaeQsXiGdQskr3fWtgiU,1995,1999,10-02 19:17,10-02 19:37,,4
did:key:z6MksGUgmBqiQ26HRLGFj32cXUmDEaeQsXiGdQskr3fWtgiU,2001,2003,10-02 19:47,10-02 19:57,,2
did:key:z6MksGUgmBqiQ26HRLGFj32cXUmDEaeQsXiGdQskr3fWtgiU,2097,2098,10-03 03:45,10-03 03:50,,1
did:key:z6MksGUgmBqiQ26HRLGFj32cXUmDEaeQsXiGdQskr3fWtgiU,2102,2107,10-03 04:11,10-03 04:35,,5
did:key:z6MksGUgmBqiQ26HRLGFj32cXUmDEaeQsXiGdQskr3fWtgiU,2114,2115,10-03 05:10,10-03 05:15,,1
did:key:z6MksGUgmBqiQ26HRLGFj32cXUmDEaeQsXiGdQskr3fWtgiU,2117,2123,10-03 05:25,10-03 05:55,-46.27,6
did:key:z6MksGUgmBqiQ26HRLGFj32cXUmDEaeQsXiGdQskr3fWtgiU,2124,2125,10-03 06:00,10-03 06:05,,1
did:key:z6MksGUgmBqiQ26HRLGFj32cXUmDEaeQsXiGdQskr3fWtgiU,2127,2161,10-03 06:15,10-03 09:05,-45.5,34
did:key:z6MksGUgmBqiQ26HRLGFj32cXUmDEaeQsXiGdQskr3fWtgiU,2163,2164,10-03 09:15,10-03 09:20,,1
did:key:z6MksGUgmBqiQ26HRLGFj32cXUmDEaeQsXiGdQskr3fWtgiU,2166,2167,10-03 09:30,10-03 09:35,,1
did:key:z6MksJWyn2BCGX9XPnn8My4yjSeMzDcJUMpqmX2rw5iDof1n,970,973,09-29 05:50,09-29 06:08,,3
did:key:z6MksJWyn2BCGX9XPnn8My4yjSeMzDcJUMpqmX2rw5iDof1n,977,986,09-29 06:28,09-29 07:10,45.9,9
did:key:z6MksJWyn2BCGX9XPnn8My4yjSeMzDcJUMpqmX2rw5iDof1n,992,1007,09-29 07:40,09-29 08:55,46.04,15
did:key:z6MksJWyn2BCGX9XPnn8My4yjSeMzDcJUMpqmX2rw5iDof1n,1036,1039,09-29 11:21,09-29 11:36,,3
did:key:z6MksJWyn2BCGX9XPnn8My4yjSeMzDcJUMpqmX2rw5iDof1n,1049,1072,09-29 12:25,09-29 14:21,45.64,23
did:key:z6MksJWyn2BCGX9XPnn8My4yjSeMzDcJUMpqmX2rw5iDof1n,1082,1092,09-29 15:11,09-29 16:01,,10
did:key:z6MksJWyn2BCGX9XPnn8My4yjSeMzDcJUMpqmX2rw5iDof1n,1092,1119,09-29 16:01,09-29 18:16,46.0,27
did:key:z6MksJWyn2BCGX9XPnn8My4yjSeMzDcJUMpqmX2rw5iDof1n,1127,1128,09-29 18:56,09-29 19:01,,1
did:key:z6MksJWyn2BCGX9XPnn8My4yjSeMzDcJUMpqmX2rw5iDof1n,1130,1135,09-29 19:11,09-29 19:36,,5
did:key:z6MksJWyn2BCGX9XPnn8My4yjSeMzDcJUMpqmX2rw5iDof1n,1137,1138,09-29 19:46,09-29 19:51,,1
did:key:z6MksJWyn2BCGX9XPnn8My4yjSeMzDcJUMpqmX2rw5iDof1n,1171,1172,09-29 22:36,09-29 22:41,,1
did:key:z6MksJWyn2BCGX9XPnn8My4yjSeMzDcJUMpqmX2rw5iDof1n,1183,1189,09-29 23:36,09-30 00:06,45.86,6
did:key:z6MksJWyn2BCGX9XPnn8My4yjSeMzDcJUMpqmX2rw5iDof1n,1207,1209,09-30 01:36,09-30 01:46,,2
did:key:z6MksNceUxs4jo7oWzGY8hyR9uLUAHYCuKvaKbWMD6GpMUco,970,973,09-29 05:50,09-29 06:08,,3
did:key:z6MksNceUxs4jo7oWzGY8hyR9uLUAHYCuKvaKbWMD6GpMUco,977,986,09-29 06:28,09-29 07:10,45.9,9
did:key:z6MksNceUxs4jo7oWzGY8hyR9uLUAHYCuKvaKbWMD6GpMUco,992,1007,09-29 07:40,09-29 08:55,46.04,15
did:key:z6MksNceUxs4jo7oWzGY8hyR9uLUAHYCuKvaKbWMD6GpMUco,1036,1039,09-29 11:21,09-29 11:36,,3
did:key:z6MksNceUxs4jo7oWzGY8hyR9uLUAHYCuKvaKbWMD6GpMUco,1049,1072,09-29 12:25,09-29 14:21,45.64,23
did:key:z6MksNceUxs4jo7oWzGY8hyR9uLUAHYCuKvaKbWMD6GpMUco,1082,1092,09-29 15:11,09-29 16:01,,10
did:key:z6MksNceUxs4jo7oWzGY8hyR9uLUAHYCuKvaKbWMD6GpMUco,1092,1107,09-29 16:01,09-29 17:16,46.0,15
did:key:z6MksNceUxs4jo7oWzGY8hyR9uLUAHYCuKvaKbWMD6GpMUco,1122,1126,09-29 18:31,09-29 18:51,,4
did:key:z6MksNceUxs4jo7oWzGY8hyR9uLUAHYCuKvaKbWMD6GpMUco,1141,1170,09-29 20:06,09-29 22:31,-44.9,29
did:key:z6MksNceUxs4jo7oWzGY8hyR9uLUAHYCuKvaKbWMD6GpMUco,1173,1182,09-29 22:46,09-29 23:31,-44.88,9
did:key:z6MksNceUxs4jo7oWzGY8hyR9uLUAHYCuKvaKbWMD6GpMUco,1192,1206,09-30 00:21,09-30 01:31,-44.79,14
did:key:z6MksNceUxs4jo7oWzGY8hyR9uLUAHYCuKvaKbWMD6GpMUco,1210,1236,09-30 01:51,09-30 04:01,-44.59,26
did:key:z6MksNceUxs4jo7oWzGY8hyR9uLUAHYCuKvaKbWMD6GpMUco,1238,1262,09-30 04:11,09-30 06:11,-44.88,24
did:key:z6MksNceUxs4jo7oWzGY8hyR9uLUAHYCuKvaKbWMD6GpMUco,1280,1281,09-30 07:41,09-30 07:46,,1
did:key:z6MksNceUxs4jo7oWzGY8hyR9uLUAHYCuKvaKbWMD6GpMUco,1285,1292,09-30 08:06,09-30 08:41,,7
did:key:z6MksNceUxs4jo7oWzGY8hyR9uLUAHYCuKvaKbWMD6GpMUco,1307,1308,09-30 09:56,09-30 10:01,,1
did:key:z6MksNceUxs4jo7oWzGY8hyR9uLUAHYCuKvaKbWMD6GpMUco,1315,1317,09-30 10:36,09-30 10:46,,2
did:key:z6MksNceUxs4jo7oWzGY8hyR9uLUAHYCuKvaKbWMD6GpMUco,1323,1345,09-30 11:16,09-30 13:06,-44.88,22
did:key:z6MksNceUxs4jo7oWzGY8hyR9uLUAHYCuKvaKbWMD6GpMUco,1347,1348,09-30 13:16,09-30 13:21,,1
did:key:z6MksNceUxs4jo7oWzGY8hyR9uLUAHYCuKvaKbWMD6GpMUco,1358,1368,09-30 14:11,09-30 15:01,,10
did:key:z6MksNceUxs4jo7oWzGY8hyR9uLUAHYCuKvaKbWMD6GpMUco,1376,1380,09-30 15:41,09-30 16:01,,4
did:key:z6MksNceUxs4jo7oWzGY8hyR9uLUAHYCuKvaKbWMD6GpMUco,1392,1450,09-30 17:01,09-30 21:51,-44.74,58
did:key:z6MksNceUxs4jo7oWzGY8hyR9uLUAHYCuKvaKbWMD6GpMUco,1460,1473,09-30 22:41,09-30 23:46,46.31,13
did:key:z6MksNceUxs4jo7oWzGY8hyR9uLUAHYCuKvaKbWMD6GpMUco,1477,1478,10-01 00:06,10-01 00:11,46.31,1
did:key:z6MksNceUxs4jo7oWzGY8hyR9uLUAHYCuKvaKbWMD6GpMUco,1487,1489,10-01 00:56,10-01 01:06,,2
did:key:z6MksNceUxs4jo7oWzGY8hyR9uLUAHYCuKvaKbWMD6GpMUco,1515,1523,10-01 03:16,10-01 03:56,,8
did:key:z6MksNceUxs4jo7oWzGY8hyR9uLUAHYCuKvaKbWMD6GpMUco,1525,1528,10-01 04:06,10-01 04:21,,3
did:key:z6MksNkEaZ6Ybso8RRmtQSqgrCaEP2qwDtKypsEkPQjJpvMv,970,973,09-29 05:50,09-29 06:08,,3
did:key:z6MksNkEaZ6Ybso8RRmtQSqgrCaEP2qwDtKypsEkPQjJpvMv,977,986,09-29 06:28,09-29 07:10,45.9,9
did:key:z6MksNkEaZ6Ybso8RRmtQSqgrCaEP2qwDtKypsEkPQjJpvMv,992,1007,09-29 07:40,09-29 08:55,46.04,15
did:key:z6MksNkEaZ6Ybso8RRmtQSqgrCaEP2qwDtKypsEkPQjJpvMv,1036,1039,09-29 11:21,09-29 11:36,,3
did:key:z6MksNkEaZ6Ybso8RRmtQSqgrCaEP2qwDtKypsEkPQjJpvMv,1049,1072,09-29 12:25,09-29 14:21,45.64,23
did:key:z6MksNkEaZ6Ybso8RRmtQSqgrCaEP2qwDtKypsEkPQjJpvMv,1082,1092,09-29 15:11,09-29 16:01,,10
did:key:z6MksNkEaZ6Ybso8RRmtQSqgrCaEP2qwDtKypsEkPQjJpvMv,1092,1107,09-29 16:01,09-29 17:16,46.0,15
did:key:z6MksNkEaZ6Ybso8RRmtQSqgrCaEP2qwDtKypsEkPQjJpvMv,1122,1126,09-29 18:31,09-29 18:51,,4
did:key:z6MksNkEaZ6Ybso8RRmtQSqgrCaEP2qwDtKypsEkPQjJpvMv,1141,1170,09-29 20:06,09-29 22:31,-44.9,29
did:key:z6MksNkEaZ6Ybso8RRmtQSqgrCaEP2qwDtKypsEkPQjJpvMv,1173,1182,09-29 22:46,09-29 23:31,-44.88,9
did:key:z6MksNkEaZ6Ybso8RRmtQSqgrCaEP2qwDtKypsEkPQjJpvMv,1192,1206,09-30 00:21,09-30 01:31,-44.79,14
did:key:z6MksNkEaZ6Ybso8RRmtQSqgrCaEP2qwDtKypsEkPQjJpvMv,1210,1236,09-30 01:51,09-30 04:01,-44.59,26
did:key:z6MksNkEaZ6Ybso8RRmtQSqgrCaEP2qwDtKypsEkPQjJpvMv,1238,1262,09-30 04:11,09-30 06:11,-44.88,24
did:key:z6MksNkEaZ6Ybso8RRmtQSqgrCaEP2qwDtKypsEkPQjJpvMv,1280,1281,09-30 07:41,09-30 07:46,,1
did:key:z6MksNkEaZ6Ybso8RRmtQSqgrCaEP2qwDtKypsEkPQjJpvMv,1285,1292,09-30 08:06,09-30 08:41,,7
did:key:z6MksNkEaZ6Ybso8RRmtQSqgrCaEP2qwDtKypsEkPQjJpvMv,1307,1308,09-30 09:56,09-30 10:01,,1
did:key:z6MksNkEaZ6Ybso8RRmtQSqgrCaEP2qwDtKypsEkPQjJpvMv,1315,1317,09-30 10:36,09-30 10:46,,2
did:key:z6MksNkEaZ6Ybso8RRmtQSqgrCaEP2qwDtKypsEkPQjJpvMv,1323,1345,09-30 11:16,09-30 13:06,-44.88,22
did:key:z6MksNkEaZ6Ybso8RRmtQSqgrCaEP2qwDtKypsEkPQjJpvMv,1347,1348,09-30 13:16,09-30 13:21,,1
did:key:z6MksNkEaZ6Ybso8RRmtQSqgrCaEP2qwDtKypsEkPQjJpvMv,1358,1368,09-30 14:11,09-30 15:01,,10
did:key:z6MksNkEaZ6Ybso8RRmtQSqgrCaEP2qwDtKypsEkPQjJpvMv,1376,1380,09-30 15:41,09-30 16:01,,4
did:key:z6MksNkEaZ6Ybso8RRmtQSqgrCaEP2qwDtKypsEkPQjJpvMv,1392,1450,09-30 17:01,09-30 21:51,-44.74,58
did:key:z6MksNkEaZ6Ybso8RRmtQSqgrCaEP2qwDtKypsEkPQjJpvMv,1460,1473,09-30 22:41,09-30 23:46,46.35,13
did:key:z6MksNkEaZ6Ybso8RRmtQSqgrCaEP2qwDtKypsEkPQjJpvMv,1477,1478,10-01 00:06,10-01 00:11,,1
did:key:z6MksNkEaZ6Ybso8RRmtQSqgrCaEP2qwDtKypsEkPQjJpvMv,1487,1489,10-01 00:56,10-01 01:06,,2
did:key:z6MksNkEaZ6Ybso8RRmtQSqgrCaEP2qwDtKypsEkPQjJpvMv,1515,1523,10-01 03:16,10-01 03:56,,8
did:key:z6MksNkEaZ6Ybso8RRmtQSqgrCaEP2qwDtKypsEkPQjJpvMv,1525,1528,10-01 04:06,10-01 04:21,,3
did:key:z6MksTEGCUCfsQncGLne6wFhf4hto4ZuJozbJ9PL4rSuHC3n,970,973,09-29 05:50,09-29 06:08,,3
did:key:z6MksTEGCUCfsQncGLne6wFhf4hto4ZuJozbJ9PL4rSuHC3n,977,986,09-29 06:28,09-29 07:10,45.9,9
did:key:z6MksTEGCUCfsQncGLne6wFhf4hto4ZuJozbJ9PL4rSuHC3n,992,1007,09-29 07:40,09-29 08:55,46.04,15
did:key:z6MksTEGCUCfsQncGLne6wFhf4hto4ZuJozbJ9PL4rSuHC3n,1036,1039,09-29 11:21,09-29 11:36,,3
did:key:z6MksTEGCUCfsQncGLne6wFhf4hto4ZuJozbJ9PL4rSuHC3n,1049,1072,09-29 12:25,09-29 14:21,45.64,23
did:key:z6MksTEGCUCfsQncGLne6wFhf4hto4ZuJozbJ9PL4rSuHC3n,1082,1092,09-29 15:11,09-29 16:01,,10
did:key:z6MksTEGCUCfsQncGLne6wFhf4hto4ZuJozbJ9PL4rSuHC3n,1092,1107,09-29 16:01,09-29 17:16,46.0,15
did:key:z6MksTEGCUCfsQncGLne6wFhf4hto4ZuJozbJ9PL4rSuHC3n,1122,1126,09-29 18:31,09-29 18:51,,4
did:key:z6MksTEGCUCfsQncGLne6wFhf4hto4ZuJozbJ9PL4rSuHC3n,1141,1170,09-29 20:06,09-29 22:31,-44.9,29
did:key:z6MksTEGCUCfsQncGLne6wFhf4hto4ZuJozbJ9PL4rSuHC3n,1173,1182,09-29 22:46,09-29 23:31,-44.88,9
did:key:z6MksTEGCUCfsQncGLne6wFhf4hto4ZuJozbJ9PL4rSuHC3n,1192,1206,09-30 00:21,09-30 01:31,-44.79,14
did:key:z6MksTEGCUCfsQncGLne6wFhf4hto4ZuJozbJ9PL4rSuHC3n,1210,1222,09-30 01:51,09-30 02:51,-44.59,12
did:key:z6MksTEGCUCfsQncGLne6wFhf4hto4ZuJozbJ9PL4rSuHC3n,1235,1239,09-30 03:56,09-30 04:16,47.11,4
did:key:z6MksTEGCUCfsQncGLne6wFhf4hto4ZuJozbJ9PL4rSuHC3n,1263,1306,09-30 06:16,09-30 09:51,47.11,43
did:key:z6MksTEGCUCfsQncGLne6wFhf4hto4ZuJozbJ9PL4rSuHC3n,1309,1310,09-30 10:06,09-30 10:11,47.11,1
did:key:z6MksTEGCUCfsQncGLne6wFhf4hto4ZuJozbJ9PL4rSuHC3n,1320,1322,09-30 11:01,09-30 11:11,47.11,2
did:key:z6MksTEGCUCfsQncGLne6wFhf4hto4ZuJozbJ9PL4rSuHC3n,1341,1342,09-30 12:46,09-30 12:51,47.11,1
did:key:z6MksTEGCUCfsQncGLne6wFhf4hto4ZuJozbJ9PL4rSuHC3n,1345,1346,09-30 13:06,09-30 13:11,47.11,1
did:key:z6MksTEGCUCfsQncGLne6wFhf4hto4ZuJozbJ9PL4rSuHC3n,1348,1357,09-30 13:21,09-30 14:06,47.11,9
did:key:z6MksTEGCUCfsQncGLne6wFhf4hto4ZuJozbJ9PL4rSuHC3n,1368,1375,09-30 15:01,09-30 15:36,47.11,7
did:key:z6MksTEGCUCfsQncGLne6wFhf4hto4ZuJozbJ9PL4rSuHC3n,1381,1394,09-30 16:06,09-30 17:11,47.11,13
did:key:z6MksTEGCUCfsQncGLne6wFhf4hto4ZuJozbJ9PL4rSuHC3n,1447,1459,09-30 21:36,09-30 22:36,47.11,12
did:key:z6MksTEGCUCfsQncGLne6wFhf4hto4ZuJozbJ9PL4rSuHC3n,1460,1536,09-30 22:41,10-01 05:01,-46.01,76
did:key:z6MksTEGCUCfsQncGLne6wFhf4hto4ZuJozbJ9PL4rSuHC3n,1537,1642,10-01 05:06,10-01 13:52,48.18,105
did:key:z6MksTEGCUCfsQncGLne6wFhf4hto4ZuJozbJ9PL4rSuHC3n,1643,1748,10-01 13:56,10-01 22:42,-46.83,105
did:key:z6MksTEGCUCfsQncGLne6wFhf4hto4ZuJozbJ9PL4rSuHC3n,1749,1980,10-01 22:47,10-02 18:02,-46.87,231
did:key:z6MksTEGCUCfsQncGLne6wFhf4hto4ZuJozbJ9PL4rSuHC3n,1981,2120,10-02 18:07,10-03 05:40,47.28,139
did:key:z6MksTEGCUCfsQncGLne6wFhf4hto4ZuJozbJ9PL4rSuHC3n,2121,2167,10-03 05:45,10-03 09:35,-46.38,46
did:key:z6MksGvAruTCAbztmxakeZv9MZ3SiagWScwf727b27V5ZZNs,1108,1119,09-29 17:21,09-29 18:16,45.99,11
did:key:z6MksGvAruTCAbztmxakeZv9MZ3SiagWScwf727b27V5ZZNs,1127,1128,09-29 18:56,09-29 19:01,,1
did:key:z6MksGvAruTCAbztmxakeZv9MZ3SiagWScwf727b27V5ZZNs,1130,1135,09-29 19:11,09-29 19:36,,5
did:key:z6MksGvAruTCAbztmxakeZv9MZ3SiagWScwf727b27V5ZZNs,1137,1138,09-29 19:46,09-29 19:51,,1
did:key:z6MksGvAruTCAbztmxakeZv9MZ3SiagWScwf727b27V5ZZNs,1171,1172,09-29 22:36,09-29 22:41,,1
did:key:z6MksGvAruTCAbztmxakeZv9MZ3SiagWScwf727b27V5ZZNs,1183,1189,09-29 23:36,09-30 00:06,45.85,6
did:key:z6MksGvAruTCAbztmxakeZv9MZ3SiagWScwf727b27V5ZZNs,1207,1209,09-30 01:36,09-30 01:46,,2
did:key:z6MksHNNpLrMuwnnMFReA1EaXQCJ56HZKBGC3Y5Ya3ZBTLxH,1108,1119,09-29 17:21,09-29 18:16,45.99,11
did:key:z6MksHNNpLrMuwnnMFReA1EaXQCJ56HZKBGC3Y5Ya3ZBTLxH,1127,1128,09-29 18:56,09-29 19:01,,1
did:key:z6MksHNNpLrMuwnnMFReA1EaXQCJ56HZKBGC3Y5Ya3ZBTLxH,1130,1135,09-29 19:11,09-29 19:36,,5
did:key:z6MksHNNpLrMuwnnMFReA1EaXQCJ56HZKBGC3Y5Ya3ZBTLxH,1137,1138,09-29 19:46,09-29 19:51,,1
did:key:z6MksHNNpLrMuwnnMFReA1EaXQCJ56HZKBGC3Y5Ya3ZBTLxH,1171,1172,09-29 22:36,09-29 22:41,,1
did:key:z6MksHNNpLrMuwnnMFReA1EaXQCJ56HZKBGC3Y5Ya3ZBTLxH,1183,1189,09-29 23:36,09-30 00:06,45.85,6
did:key:z6MksHNNpLrMuwnnMFReA1EaXQCJ56HZKBGC3Y5Ya3ZBTLxH,1207,1209,09-30 01:36,09-30 01:46,,2
did:key:z6MksJd53Hkv3eqNFTJAF6PXVB6ACu6eXPuJWCSnF5TaqPur,1108,1119,09-29 17:21,09-29 18:16,45.99,11
did:key:z6MksJd53Hkv3eqNFTJAF6PXVB6ACu6eXPuJWCSnF5TaqPur,1127,1128,09-29 18:56,09-29 19:01,,1
did:key:z6MksJd53Hkv3eqNFTJAF6PXVB6ACu6eXPuJWCSnF5TaqPur,1130,1135,09-29 19:11,09-29 19:36,,5
did:key:z6MksJd53Hkv3eqNFTJAF6PXVB6ACu6eXPuJWCSnF5TaqPur,1137,1138,09-29 19:46,09-29 19:51,,1
did:key:z6MksJd53Hkv3eqNFTJAF6PXVB6ACu6eXPuJWCSnF5TaqPur,1171,1172,09-29 22:36,09-29 22:41,,1
did:key:z6MksJd53Hkv3eqNFTJAF6PXVB6ACu6eXPuJWCSnF5TaqPur,1183,1189,09-29 23:36,09-30 00:06,45.85,6
did:key:z6MksJd53Hkv3eqNFTJAF6PXVB6ACu6eXPuJWCSnF5TaqPur,1207,1209,09-30 01:36,09-30 01:46,,2
did:key:z6MksKCorrThpfhvXTE7NGz6do68cUVrnV6mn4eHeG2oqKrN,1108,1119,09-29 17:21,09-29 18:16,45.99,11
did:key:z6MksKCorrThpfhvXTE7NGz6do68cUVrnV6mn4eHeG2oqKrN,1127,1128,09-29 18:56,09-29 19:01,,1
did:key:z6MksKCorrThpfhvXTE7NGz6do68cUVrnV6mn4eHeG2oqKrN,1130,1135,09-29 19:11,09-29 19:36,,5
did:key:z6MksKCorrThpfhvXTE7NGz6do68cUVrnV6mn4eHeG2oqKrN,1137,1138,09-29 19:46,09-29 19:51,,1
did:key:z6MksKCorrThpfhvXTE7NGz6do68cUVrnV6mn4eHeG2oqKrN,1171,1172,09-29 22:36,09-29 22:41,,1
did:key:z6MksKCorrThpfhvXTE7NGz6do68cUVrnV6mn4eHeG2oqKrN,1183,1189,09-29 23:36,09-30 00:06,45.85,6
did:key:z6MksKCorrThpfhvXTE7NGz6do68cUVrnV6mn4eHeG2oqKrN,1207,1209,09-30 01:36,09-30 01:46,,2
did:key:z6MksLARoyqmCJ1oMpsPawzZwA6AD21HNiHkrzZSZnQBvyz1,1108,1119,09-29 17:21,09-29 18:16,45.99,11
did:key:z6MksLARoyqmCJ1oMpsPawzZwA6AD21HNiHkrzZSZnQBvyz1,1127,1128,09-29 18:56,09-29 19:01,,1
did:key:z6MksLARoyqmCJ1oMpsPawzZwA6AD21HNiHkrzZSZnQBvyz1,1130,1135,09-29 19:11,09-29 19:36,,5
did:key:z6MksLARoyqmCJ1oMpsPawzZwA6AD21HNiHkrzZSZnQBvyz1,1137,1138,09-29 19:46,09-29 19:51,,1
did:key:z6MksLARoyqmCJ1oMpsPawzZwA6AD21HNiHkrzZSZnQBvyz1,1171,1172,09-29 22:36,09-29 22:41,,1
did:key:z6MksLARoyqmCJ1oMpsPawzZwA6AD21HNiHkrzZSZnQBvyz1,1183,1189,09-29 23:36,09-30 00:06,45.85,6
did:key:z6MksLARoyqmCJ1oMpsPawzZwA6AD21HNiHkrzZSZnQBvyz1,1207,1209,09-30 01:36,09-30 01:46,,2
did:key:z6MksE9FsCmBwfLT1uw4tJZWytJcSgLN2aXWHHAWRD4r41vu,1108,1118,09-29 17:21,09-29 18:11,45.87,10
did:key:z6MksE9FsCmBwfLT1uw4tJZWytJcSgLN2aXWHHAWRD4r41vu,1127,1128,09-29 18:56,09-29 19:01,,1
did:key:z6MksE9FsCmBwfLT1uw4tJZWytJcSgLN2aXWHHAWRD4r41vu,1130,1135,09-29 19:11,09-29 19:36,,5
did:key:z6MksE9FsCmBwfLT1uw4tJZWytJcSgLN2aXWHHAWRD4r41vu,1137,1138,09-29 19:46,09-29 19:51,,1
did:key:z6MksE9FsCmBwfLT1uw4tJZWytJcSgLN2aXWHHAWRD4r41vu,1171,1172,09-29 22:36,09-29 22:41,,1
did:key:z6MksE9FsCmBwfLT1uw4tJZWytJcSgLN2aXWHHAWRD4r41vu,1183,1189,09-29 23:36,09-30 00:06,45.75,6
did:key:z6MksE9FsCmBwfLT1uw4tJZWytJcSgLN2aXWHHAWRD4r41vu,1207,1208,09-30 01:36,09-30 01:41,,1
did:key:z6MksFGzXaK2FQF79yUM7NppUwJjCWUstZHLz2D5ueyXKnFw,1108,1118,09-29 17:21,09-29 18:11,45.87,10
did:key:z6MksFGzXaK2FQF79yUM7NppUwJjCWUstZHLz2D5ueyXKnFw,1127,1128,09-29 18:56,09-29 19:01,,1
did:key:z6MksFGzXaK2FQF79yUM7NppUwJjCWUstZHLz2D5ueyXKnFw,1130,1135,09-29 19:11,09-29 19:36,,5
did:key:z6MksFGzXaK2FQF79yUM7NppUwJjCWUstZHLz2D5ueyXKnFw,1137,1138,09-29 19:46,09-29 19:51,,1
did:key:z6MksFGzXaK2FQF79yUM7NppUwJjCWUstZHLz2D5ueyXKnFw,1171,1172,09-29 22:36,09-29 22:41,,1
did:key:z6MksFGzXaK2FQF79yUM7NppUwJjCWUstZHLz2D5ueyXKnFw,1183,1189,09-29 23:36,09-30 00:06,45.75,6
did:key:z6MksFGzXaK2FQF79yUM7NppUwJjCWUstZHLz2D5ueyXKnFw,1207,1208,09-30 01:36,09-30 01:41,,1
did:key:z6MksFGzXaK2FQF79yUM7NppUwJjCWUstZHLz2D5ueyXKnFw,1537,1567,10-01 05:06,10-01 07:36,-44.67,30
did:key:z6MksFGzXaK2FQF79yUM7NppUwJjCWUstZHLz2D5ueyXKnFw,1571,1588,10-01 07:56,10-01 09:21,-44.85,17
did:key:z6MksFRv2dXtesK4h1JemKpBujUw9eavYm42tN2uHBhQ52iF,1108,1118,09-29 17:21,09-29 18:11,45.87,10
did:key:z6MksFRv2dXtesK4h1JemKpBujUw9eavYm42tN2uHBhQ52iF,1127,1128,09-29 18:56,09-29 19:01,,1
did:key:z6MksFRv2dXtesK4h1JemKpBujUw9eavYm42tN2uHBhQ52iF,1130,1135,09-29 19:11,09-29 19:36,,5
did:key:z6MksFRv2dXtesK4h1JemKpBujUw9eavYm42tN2uHBhQ52iF,1137,1138,09-29 19:46,09-29 19:51,,1
did:key:z6MksFRv2dXtesK4h1JemKpBujUw9eavYm42tN2uHBhQ52iF,1171,1172,09-29 22:36,09-29 22:41,,1
did:key:z6MksFRv2dXtesK4h1JemKpBujUw9eavYm42tN2uHBhQ52iF,1183,1189,09-29 23:36,09-30 00:06,45.75,6
did:key:z6MksFRv2dXtesK4h1JemKpBujUw9eavYm42tN2uHBhQ52iF,1207,1208,09-30 01:36,09-30 01:41,,1
did:key:z6MksG9LfT7s8ym2LbjFMXAbZzFNN93vbe71CvycvWReiWim,1108,1118,09-29 17:21,09-29 18:11,45.87,10
did:key:z6MksG9LfT7s8ym2LbjFMXAbZzFNN93vbe71CvycvWReiWim,1127,1128,09-29 18:56,09-29 19:01,,1
did:key:z6MksG9LfT7s8ym2LbjFMXAbZzFNN93vbe71CvycvWReiWim,1130,1135,09-29 19:11,09-29 19:36,,5
did:key:z6MksG9LfT7s8ym2LbjFMXAbZzFNN93vbe71CvycvWReiWim,1137,1138,09-29 19:46,09-29 19:51,,1
did:key:z6MksG9LfT7s8ym2LbjFMXAbZzFNN93vbe71CvycvWReiWim,1171,1172,09-29 22:36,09-29 22:41,,1
did:key:z6MksG9LfT7s8ym2LbjFMXAbZzFNN93vbe71CvycvWReiWim,1183,1189,09-29 23:36,09-30 00:06,45.75,6
did:key:z6MksG9LfT7s8ym2LbjFMXAbZzFNN93vbe71CvycvWReiWim,1207,1208,09-30 01:36,09-30 01:41,,1
did:key:z6MksG9LfT7s8ym2LbjFMXAbZzFNN93vbe71CvycvWReiWim,1604,1605,10-01 10:41,10-01 10:49,,1
did:key:z6MksG9LfT7s8ym2LbjFMXAbZzFNN93vbe71CvycvWReiWim,1607,1643,10-01 10:56,10-01 13:56,46.89,36
did:key:z6MksG9LfT7s8ym2LbjFMXAbZzFNN93vbe71CvycvWReiWim,1646,1647,10-01 14:12,10-01 14:17,,1
did:key:z6MksG9LfT7s8ym2LbjFMXAbZzFNN93vbe71CvycvWReiWim,1651,1652,10-01 14:37,10-01 14:42,,1
did:key:z6MksG9LfT7s8ym2LbjFMXAbZzFNN93vbe71CvycvWReiWim,1656,1667,10-01 15:02,10-01 15:57,46.94,11
did:key:z6MksG9LfT7s8ym2LbjFMXAbZzFNN93vbe71CvycvWReiWim,1808,1809,10-02 03:42,10-02 03:47,,1
did:key:z6MksG9LfT7s8ym2LbjFMXAbZzFNN93vbe71CvycvWReiWim,1876,1880,10-02 09:22,10-02 09:42,,4
did:key:z6MksG9LfT7s8ym2LbjFMXAbZzFNN93vbe71CvycvWReiWim,1882,1886,10-02 09:52,10-02 10:12,,4
did:key:z6MksG9LfT7s8ym2LbjFMXAbZzFNN93vbe71CvycvWReiWim,1888,1891,10-02 10:22,10-02 10:37,,3
did:key:z6MksG9LfT7s8ym2LbjFMXAbZzFNN93vbe71CvycvWReiWim,1896,1900,10-02 11:02,10-02 11:22,,4
did:key:z6MksG9LfT7s8ym2LbjFMXAbZzFNN93vbe71CvycvWReiWim,1903,1907,10-02 11:37,10-02 11:57,,4
did:key:z6MksG9LfT7s8ym2LbjFMXAbZzFNN93vbe71CvycvWReiWim,1913,1915,10-02 12:27,10-02 12:37,,2
did:key:z6MksG9LfT7s8ym2LbjFMXAbZzFNN93vbe71CvycvWReiWim,1918,1919,10-02 12:55,10-02 12:58,,1
did:key:z6MksG9LfT7s8ym2LbjFMXAbZzFNN93vbe71CvycvWReiWim,1926,1927,10-02 13:32,10-02 13:37,,1
did:key:z6MksG9LfT7s8ym2LbjFMXAbZzFNN93vbe71CvycvWReiWim,1943,1970,10-02 14:57,10-02 17:12,46.56,27
did:key:z6MksG9LfT7s8ym2LbjFMXAbZzFNN93vbe71CvycvWReiWim,1971,2025,10-02 17:17,10-02 21:47,47.02,54
did:key:z6MksG9LfT7s8ym2LbjFMXAbZzFNN93vbe71CvycvWReiWim,2026,2082,10-02 21:52,10-03 02:33,46.84,56
did:key:z6MksG9LfT7s8ym2LbjFMXAbZzFNN93vbe71CvycvWReiWim,2084,2104,10-03 02:42,10-03 04:20,46.88,20
did:key:z6MksG9LfT7s8ym2LbjFMXAbZzFNN93vbe71CvycvWReiWim,2107,2125,10-03 04:35,10-03 06:05,46.5,18
did:key:z6MksG9LfT7s8ym2LbjFMXAbZzFNN93vbe71CvycvWReiWim,2126,2135,10-03 06:10,10-03 06:55,46.68,9
did:key:z6MksG9LfT7s8ym2LbjFMXAbZzFNN93vbe71CvycvWReiWim,2137,2167,10-03 07:05,10-03 09:35,47.08,30
did:key:z6MksGohz4tNxP8HmM1LCvFuLKKuVRj1pBKatGdXjhvodEbo,1108,1118,09-29 17:21,09-29 18:11,45.87,10
did:key:z6MksGohz4tNxP8HmM1LCvFuLKKuVRj1pBKatGdXjhvodEbo,1127,1128,09-29 18:56,09-29 19:01,,1
did:key:z6MksGohz4tNxP8HmM1LCvFuLKKuVRj1pBKatGdXjhvodEbo,1130,1135,09-29 19:11,09-29 19:36,,5
did:key:z6MksGohz4tNxP8HmM1LCvFuLKKuVRj1pBKatGdXjhvodEbo,1137,1138,09-29 19:46,09-29 19:51,,1
did:key:z6MksGohz4tNxP8HmM1LCvFuLKKuVRj1pBKatGdXjhvodEbo,1171,1172,09-29 22:36,09-29 22:41,,1
did:key:z6MksGohz4tNxP8HmM1LCvFuLKKuVRj1pBKatGdXjhvodEbo,1183,1189,09-29 23:36,09-30 00:06,45.75,6
did:key:z6MksGohz4tNxP8HmM1LCvFuLKKuVRj1pBKatGdXjhvodEbo,1207,1208,09-30 01:36,09-30 01:41,,1
did:key:z6MksGohz4tNxP8HmM1LCvFuLKKuVRj1pBKatGdXjhvodEbo,1644,1645,10-01 14:02,10-01 14:06,,1
did:key:z6MksGohz4tNxP8HmM1LCvFuLKKuVRj1pBKatGdXjhvodEbo,1648,1650,10-01 14:22,10-01 14:32,,2
did:key:z6MksGohz4tNxP8HmM1LCvFuLKKuVRj1pBKatGdXjhvodEbo,1653,1655,10-01 14:47,10-01 14:59,,2
did:key:z6MksGohz4tNxP8HmM1LCvFuLKKuVRj1pBKatGdXjhvodEbo,1668,1751,10-01 16:02,10-01 22:57,-45.84,83
did:key:z6MksGohz4tNxP8HmM1LCvFuLKKuVRj1pBKatGdXjhvodEbo,1753,1769,10-01 23:07,10-02 00:27,-45.71,16
did:key:z6MksGohz4tNxP8HmM1LCvFuLKKuVRj1pBKatGdXjhvodEbo,1771,1788,10-02 00:37,10-02 02:02,-46.07,17
did:key:z6MksGohz4tNxP8HmM1LCvFuLKKuVRj1pBKatGdXjhvodEbo,1789,1795,10-02 02:07,10-02 02:37,,6
did:key:z6MksGohz4tNxP8HmM1LCvFuLKKuVRj1pBKatGdXjhvodEbo,1800,1806,10-02 03:02,10-02 03:32,,6
did:key:z6MksGohz4tNxP8HmM1LCvFuLKKuVRj1pBKatGdXjhvodEbo,1825,1826,10-02 05:07,10-02 05:12,,1
did:key:z6MksKrVX4muL42wJTopvQCvJAftntk14C9rYfPPeA3vBK6f,1108,1118,09-29 17:21,09-29 18:11,45.87,10
did:key:z6MksKrVX4muL42wJTopvQCvJAftntk14C9rYfPPeA3vBK6f,1127,1128,09-29 18:56,09-29 19:01,,1
did:key:z6MksKrVX4muL42wJTopvQCvJAftntk14C9rYfPPeA3vBK6f,1130,1135,09-29 19:11,09-29 19:36,,5
did:key:z6MksKrVX4muL42wJTopvQCvJAftntk14C9rYfPPeA3vBK6f,1137,1138,09-29 19:46,09-29 19:51,,1
did:key:z6MksKrVX4muL42wJTopvQCvJAftntk14C9rYfPPeA3vBK6f,1171,1172,09-29 22:36,09-29 22:41,,1
did:key:z6MksKrVX4muL42wJTopvQCvJAftntk14C9rYfPPeA3vBK6f,1183,1189,09-29 23:36,09-30 00:06,45.75,6
did:key:z6MksKrVX4muL42wJTopvQCvJAftntk14C9rYfPPeA3vBK6f,1207,1208,09-30 01:36,09-30 01:41,,1
did:key:z6Mktumm9VEXenj1k62ZmNnHNgTeS3S6c9ne7VfMRDRxxxXU,1108,1118,09-29 17:21,09-29 18:11,44.29,10
did:key:z6Mktumm9VEXenj1k62ZmNnHNgTeS3S6c9ne7VfMRDRxxxXU,1127,1128,09-29 18:56,09-29 19:01,,1
did:key:z6Mktumm9VEXenj1k62ZmNnHNgTeS3S6c9ne7VfMRDRxxxXU,1130,1135,09-29 19:11,09-29 19:36,,5
did:key:z6Mktumm9VEXenj1k62ZmNnHNgTeS3S6c9ne7VfMRDRxxxXU,1137,1138,09-29 19:46,09-29 19:51,,1
did:key:z6Mktumm9VEXenj1k62ZmNnHNgTeS3S6c9ne7VfMRDRxxxXU,1223,1234,09-30 02:56,09-30 03:51,-42.55,11
did:key:z6Mktumm9VEXenj1k62ZmNnHNgTeS3S6c9ne7VfMRDRxxxXU,1242,1260,09-30 04:31,09-30 06:01,-42.8,18
did:key:z6Mktumm9VEXenj1k62ZmNnHNgTeS3S6c9ne7VfMRDRxxxXU,1307,1308,09-30 09:56,09-30 10:01,,1
did:key:z6Mktumm9VEXenj1k62ZmNnHNgTeS3S6c9ne7VfMRDRxxxXU,1315,1317,09-30 10:36,09-30 10:46,,2
did:key:z6Mktumm9VEXenj1k62ZmNnHNgTeS3S6c9ne7VfMRDRxxxXU,1323,1328,09-30 11:16,09-30 11:41,,5
did:key:z6Mktumm9VEXenj1k62ZmNnHNgTeS3S6c9ne7VfMRDRxxxXU,1332,1340,09-30 12:01,09-30 12:41,,8
did:key:z6Mktumm9VEXenj1k62ZmNnHNgTeS3S6c9ne7VfMRDRxxxXU,1343,1344,09-30 12:56,09-30 13:01,,1
did:key:z6Mktumm9VEXenj1k62ZmNnHNgTeS3S6c9ne7VfMRDRxxxXU,1358,1367,09-30 14:11,09-30 14:56,,9
did:key:z6Mktumm9VEXenj1k62ZmNnHNgTeS3S6c9ne7VfMRDRxxxXU,1376,1380,09-30 15:41,09-30 16:01,,4
did:key:z6Mktumm9VEXenj1k62ZmNnHNgTeS3S6c9ne7VfMRDRxxxXU,1395,1419,09-30 17:16,09-30 19:16,-42.29,24
did:key:z6Mktumm9VEXenj1k62ZmNnHNgTeS3S6c9ne7VfMRDRxxxXU,1421,1446,09-30 19:26,09-30 21:31,-42.48,25
did:key:z6Mkfc57HHH8CjFo6yXZ48Zy8svcC1PxvpQpzX4TcZtWx3DV,1108,1118,09-29 17:21,09-29 18:11,44.29,10
did:key:z6Mkfc57HHH8CjFo6yXZ48Zy8svcC1PxvpQpzX4TcZtWx3DV,1127,1128,09-29 18:56,09-29 19:01,,1
did:key:z6Mkfc57HHH8CjFo6yXZ48Zy8svcC1PxvpQpzX4TcZtWx3DV,1130,1135,09-29 19:11,09-29 19:36,,5
did:key:z6Mkfc57HHH8CjFo6yXZ48Zy8svcC1PxvpQpzX4TcZtWx3DV,1137,1138,09-29 19:46,09-29 19:51,,1
did:key:z6Mkfc57HHH8CjFo6yXZ48Zy8svcC1PxvpQpzX4TcZtWx3DV,1223,1234,09-30 02:56,09-30 03:51,-42.55,11
did:key:z6Mkfc57HHH8CjFo6yXZ48Zy8svcC1PxvpQpzX4TcZtWx3DV,1242,1245,09-30 04:31,09-30 04:46,,3
did:key:z6Mkfc57HHH8CjFo6yXZ48Zy8svcC1PxvpQpzX4TcZtWx3DV,1247,1260,09-30 04:56,09-30 06:01,-42.94,13
did:key:z6Mkfc57HHH8CjFo6yXZ48Zy8svcC1PxvpQpzX4TcZtWx3DV,1307,1308,09-30 09:56,09-30 10:01,,1
did:key:z6Mkfc57HHH8CjFo6yXZ48Zy8svcC1PxvpQpzX4TcZtWx3DV,1315,1316,09-30 10:36,09-30 10:41,,1
did:key:z6Mkfc57HHH8CjFo6yXZ48Zy8svcC1PxvpQpzX4TcZtWx3DV,1323,1325,09-30 11:16,09-30 11:26,,2
did:key:z6Mkfc57HHH8CjFo6yXZ48Zy8svcC1PxvpQpzX4TcZtWx3DV,1327,1328,09-30 11:36,09-30 11:41,,1
did:key:z6Mkfc57HHH8CjFo6yXZ48Zy8svcC1PxvpQpzX4TcZtWx3DV,1333,1340,09-30 12:06,09-30 12:41,,7
did:key:z6Mkfc57HHH8CjFo6yXZ48Zy8svcC1PxvpQpzX4TcZtWx3DV,1343,1344,09-30 12:56,09-30 13:01,,1
did:key:z6Mkfc57HHH8CjFo6yXZ48Zy8svcC1PxvpQpzX4TcZtWx3DV,1358,1367,09-30 14:11,09-30 14:56,,9
did:key:z6Mkfc57HHH8CjFo6yXZ48Zy8svcC1PxvpQpzX4TcZtWx3DV,1377,1379,09-30 15:46,09-30 15:56,,2
did:key:z6Mkfc57HHH8CjFo6yXZ48Zy8svcC1PxvpQpzX4TcZtWx3DV,1395,1403,09-30 17:16,09-30 17:56,,8
did:key:z6Mkfc57HHH8CjFo6yXZ48Zy8svcC1PxvpQpzX4TcZtWx3DV,1405,1409,09-30 18:06,09-30 18:26,,4
did:key:z6Mkfc57HHH8CjFo6yXZ48Zy8svcC1PxvpQpzX4TcZtWx3DV,1411,1419,09-30 18:36,09-30 19:16,,8
did:key:z6Mkfc57HHH8CjFo6yXZ48Zy8svcC1PxvpQpzX4TcZtWx3DV,1421,1446,09-30 19:26,09-30 21:31,-42.48,25
did:key:z6Mkfk72NcwHZ5P7VYgxBazhBrCd3e6Mj3Tszg6dVc5iUs68,1108,1118,09-29 17:21,09-29 18:11,44.29,10
did:key:z6Mkfk72NcwHZ5P7VYgxBazhBrCd3e6Mj3Tszg6dVc5iUs68,1127,1128,09-29 18:56,09-29 19:01,,1
did:key:z6Mkfk72NcwHZ5P7VYgxBazhBrCd3e6Mj3Tszg6dVc5iUs68,1130,1135,09-29 19:11,09-29 19:36,,5
did:key:z6Mkfk72NcwHZ5P7VYgxBazhBrCd3e6Mj3Tszg6dVc5iUs68,1137,1138,09-29 19:46,09-29 19:51,,1
did:key:z6Mkfk72NcwHZ5P7VYgxBazhBrCd3e6Mj3Tszg6dVc5iUs68,1171,1172,09-29 22:36,09-29 22:41,,1
did:key:z6Mkfk72NcwHZ5P7VYgxBazhBrCd3e6Mj3Tszg6dVc5iUs68,1183,1189,09-29 23:36,09-30 00:06,44.17,6
did:key:z6Mkfk72NcwHZ5P7VYgxBazhBrCd3e6Mj3Tszg6dVc5iUs68,1207,1208,09-30 01:36,09-30 01:41,,1
did:key:z6Mkfk72NcwHZ5P7VYgxBazhBrCd3e6Mj3Tszg6dVc5iUs68,2102,2106,10-03 04:11,10-03 04:30,,4
did:key:z6Mkfk72NcwHZ5P7VYgxBazhBrCd3e6Mj3Tszg6dVc5iUs68,2114,2115,10-03 05:10,10-03 05:15,,1
did:key:z6Mkfk72NcwHZ5P7VYgxBazhBrCd3e6Mj3Tszg6dVc5iUs68,2117,2118,10-03 05:25,10-03 05:30,,1
did:key:z6MksP6Qfpt4kR5fg4X5jMXFk93AeMrpr8eT4J1nSLG7uWBU,1122,1126,09-29 18:31,09-29 18:51,,4
did:key:z6MksP6Qfpt4kR5fg4X5jMXFk93AeMrpr8eT4J1nSLG7uWBU,1141,1170,09-29 20:06,09-29 22:31,-44.9,29
did:key:z6MksP6Qfpt4kR5fg4X5jMXFk93AeMrpr8eT4J1nSLG7uWBU,1173,1182,09-29 22:46,09-29 23:31,-44.88,9
did:key:z6MksP6Qfpt4kR5fg4X5jMXFk93AeMrpr8eT4J1nSLG7uWBU,1192,1206,09-30 00:21,09-30 01:31,-44.79,14
did:key:z6MksP6Qfpt4kR5fg4X5jMXFk93AeMrpr8eT4J1nSLG7uWBU,1210,1236,09-30 01:51,09-30 04:01,-44.59,26
did:key:z6MksP6Qfpt4kR5fg4X5jMXFk93AeMrpr8eT4J1nSLG7uWBU,1238,1262,09-30 04:11,09-30 06:11,-44.88,24
did:key:z6MksP6Qfpt4kR5fg4X5jMXFk93AeMrpr8eT4J1nSLG7uWBU,1280,1281,09-30 07:41,09-30 07:46,,1
did:key:z6MksP6Qfpt4kR5fg4X5jMXFk93AeMrpr8eT4J1nSLG7uWBU,1285,1292,09-30 08:06,09-30 08:41,,7
did:key:z6MksP6Qfpt4kR5fg4X5jMXFk93AeMrpr8eT4J1nSLG7uWBU,1307,1308,09-30 09:56,09-30 10:01,,1
did:key:z6MksP6Qfpt4kR5fg4X5jMXFk93AeMrpr8eT4J1nSLG7uWBU,1315,1317,09-30 10:36,09-30 10:46,,2
did:key:z6MksP6Qfpt4kR5fg4X5jMXFk93AeMrpr8eT4J1nSLG7uWBU,1323,1345,09-30 11:16,09-30 13:06,-44.87,22
did:key:z6MksP6Qfpt4kR5fg4X5jMXFk93AeMrpr8eT4J1nSLG7uWBU,1347,1348,09-30 13:16,09-30 13:21,,1
did:key:z6MksP6Qfpt4kR5fg4X5jMXFk93AeMrpr8eT4J1nSLG7uWBU,1358,1368,09-30 14:11,09-30 15:01,,10
did:key:z6MksP6Qfpt4kR5fg4X5jMXFk93AeMrpr8eT4J1nSLG7uWBU,1376,1380,09-30 15:41,09-30 16:01,,4
did:key:z6MksP6Qfpt4kR5fg4X5jMXFk93AeMrpr8eT4J1nSLG7uWBU,1392,1450,09-30 17:01,09-30 21:51,-44.74,58
did:key:z6MksP6Qfpt4kR5fg4X5jMXFk93AeMrpr8eT4J1nSLG7uWBU,1460,1473,09-30 22:41,09-30 23:46,46.35,13
did:key:z6MksP6Qfpt4kR5fg4X5jMXFk93AeMrpr8eT4J1nSLG7uWBU,1477,1478,10-01 00:06,10-01 00:11,,1
did:key:z6MksP6Qfpt4kR5fg4X5jMXFk93AeMrpr8eT4J1nSLG7uWBU,1487,1489,10-01 00:56,10-01 01:06,,2
did:key:z6MksP6Qfpt4kR5fg4X5jMXFk93AeMrpr8eT4J1nSLG7uWBU,1515,1523,10-01 03:16,10-01 03:56,,8
did:key:z6MksP6Qfpt4kR5fg4X5jMXFk93AeMrpr8eT4J1nSLG7uWBU,1525,1528,10-01 04:06,10-01 04:21,,3
did:key:z6MksQDNifiEnb6iJyRr7GXCVGdYYQeeJ38r4m3TofTJfqN2,1122,1126,09-29 18:31,09-29 18:51,,4
did:key:z6MksQDNifiEnb6iJyRr7GXCVGdYYQeeJ38r4m3TofTJfqN2,1141,1170,09-29 20:06,09-29 22:31,-44.9,29
did:key:z6MksQDNifiEnb6iJyRr7GXCVGdYYQeeJ38r4m3TofTJfqN2,1173,1182,09-29 22:46,09-29 23:31,-44.88,9
did:key:z6MksQDNifiEnb6iJyRr7GXCVGdYYQeeJ38r4m3TofTJfqN2,1192,1206,09-30 00:21,09-30 01:31,-44.79,14
did:key:z6MksQDNifiEnb6iJyRr7GXCVGdYYQeeJ38r4m3TofTJfqN2,1210,1222,09-30 01:51,09-30 02:51,-44.59,12
did:key:z6MksQDNifiEnb6iJyRr7GXCVGdYYQeeJ38r4m3TofTJfqN2,1235,1239,09-30 03:56,09-30 04:16,47.11,4
did:key:z6MksQDNifiEnb6iJyRr7GXCVGdYYQeeJ38r4m3TofTJfqN2,1263,1306,09-30 06:16,09-30 09:51,47.11,43
did:key:z6MksQDNifiEnb6iJyRr7GXCVGdYYQeeJ38r4m3TofTJfqN2,1309,1310,09-30 10:06,09-30 10:11,47.11,1
did:key:z6MksQDNifiEnb6iJyRr7GXCVGdYYQeeJ38r4m3TofTJfqN2,1320,1322,09-30 11:01,09-30 11:11,47.11,2
did:key:z6MksQDNifiEnb6iJyRr7GXCVGdYYQeeJ38r4m3TofTJfqN2,1341,1342,09-30 12:46,09-30 12:51,47.11,1
did:key:z6MksQDNifiEnb6iJyRr7GXCVGdYYQeeJ38r4m3TofTJfqN2,1345,1346,09-30 13:06,09-30 13:11,47.11,1
did:key:z6MksQDNifiEnb6iJyRr7GXCVGdYYQeeJ38r4m3TofTJfqN2,1348,1357,09-30 13:21,09-30 14:06,47.11,9
did:key:z6MksQDNifiEnb6iJyRr7GXCVGdYYQeeJ38r4m3TofTJfqN2,1368,1375,09-30 15:01,09-30 15:36,47.11,7
did:key:z6MksQDNifiEnb6iJyRr7GXCVGdYYQeeJ38r4m3TofTJfqN2,1381,1394,09-30 16:06,09-30 17:11,47.11,13
did:key:z6MksQDNifiEnb6iJyRr7GXCVGdYYQeeJ38r4m3TofTJfqN2,1447,1535,09-30 21:36,10-01 04:56,47.11,88
did:key:z6MksQDNifiEnb6iJyRr7GXCVGdYYQeeJ38r4m3TofTJfqN2,1593,1595,10-01 09:46,10-01 09:56,,2
did:key:z6MksQDNifiEnb6iJyRr7GXCVGdYYQeeJ38r4m3TofTJfqN2,1597,1642,10-01 10:06,10-01 13:52,46.95,45
did:key:z6MksQDNifiEnb6iJyRr7GXCVGdYYQeeJ38r4m3TofTJfqN2,1643,1748,10-01 13:56,10-01 22:42,-45.87,105
did:key:z6MksQDNifiEnb6iJyRr7GXCVGdYYQeeJ38r4m3TofTJfqN2,1749,1969,10-01 22:47,10-02 17:07,-45.9,220
did:key:z6MksQDNifiEnb6iJyRr7GXCVGdYYQeeJ38r4m3TofTJfqN2,1986,1996,10-02 18:32,10-02 19:22,,10
did:key:z6MksQDNifiEnb6iJyRr7GXCVGdYYQeeJ38r4m3TofTJfqN2,2000,2054,10-02 19:42,10-03 00:13,46.39,54
did:key:z6MksQDNifiEnb6iJyRr7GXCVGdYYQeeJ38r4m3TofTJfqN2,2061,2064,10-03 00:48,10-03 01:03,,3
did:key:z6MksQDNifiEnb6iJyRr7GXCVGdYYQeeJ38r4m3TofTJfqN2,2066,2073,10-03 01:13,10-03 01:47,,7
did:key:z6MksQmqab6hUpSMkwuXg9k95LA3ZrB2awRE3XJHhfAf7Adr,1122,1126,09-29 18:31,09-29 18:51,,4
did:key:z6MksQmqab6hUpSMkwuXg9k95LA3ZrB2awRE3XJHhfAf7Adr,1141,1170,09-29 20:06,09-29 22:31,-44.9,29
did:key:z6MksQmqab6hUpSMkwuXg9k95LA3ZrB2awRE3XJHhfAf7Adr,1173,1182,09-29 22:46,09-29 23:31,-44.88,9
did:key:z6MksQmqab6hUpSMkwuXg9k95LA3ZrB2awRE3XJHhfAf7Adr,1192,1196,09-30 00:21,09-30 00:41,,4
did:key:z6MksQmqab6hUpSMkwuXg9k95LA3ZrB2awRE3XJHhfAf7Adr,1200,1206,09-30 01:01,09-30 01:31,,6
did:key:z6MksQmqab6hUpSMkwuXg9k95LA3ZrB2awRE3XJHhfAf7Adr,1210,1222,09-30 01:51,09-30 02:51,-44.59,12
did:key:z6MksQmqab6hUpSMkwuXg9k95LA3ZrB2awRE3XJHhfAf7Adr,1235,1239,09-30 03:56,09-30 04:16,47.11,4
did:key:z6MksQmqab6hUpSMkwuXg9k95LA3ZrB2awRE3XJHhfAf7Adr,1263,1306,09-30 06:16,09-30 09:51,47.11,43
did:key:z6MksQmqab6hUpSMkwuXg9k95LA3ZrB2awRE3XJHhfAf7Adr,1309,1310,09-30 10:06,09-30 10:11,47.11,1
did:key:z6MksQmqab6hUpSMkwuXg9k95LA3ZrB2awRE3XJHhfAf7Adr,1320,1322,09-30 11:01,09-30 11:11,47.11,2
did:key:z6MksQmqab6hUpSMkwuXg9k95LA3ZrB2awRE3XJHhfAf7Adr,1341,1342,09-30 12:46,09-30 12:51,47.11,1
did:key:z6MksQmqab6hUpSMkwuXg9k95LA3ZrB2awRE3XJHhfAf7Adr,1345,1346,09-30 13:06,09-30 13:11,47.11,1
did:key:z6MksQmqab6hUpSMkwuXg9k95LA3ZrB2awRE3XJHhfAf7Adr,1348,1357,09-30 13:21,09-30 14:06,47.11,9
did:key:z6MksQmqab6hUpSMkwuXg9k95LA3ZrB2awRE3XJHhfAf7Adr,1368,1375,09-30 15:01,09-30 15:36,47.11,7
did:key:z6MksQmqab6hUpSMkwuXg9k95LA3ZrB2awRE3XJHhfAf7Adr,1381,1394,09-30 16:06,09-30 17:11,47.11,13
did:key:z6MksQmqab6hUpSMkwuXg9k95LA3ZrB2awRE3XJHhfAf7Adr,1447,1535,09-30 21:36,10-01 04:56,47.11,88
did:key:z6MksQmqab6hUpSMkwuXg9k95LA3ZrB2awRE3XJHhfAf7Adr,1537,1593,10-01 05:06,10-01 09:46,-45.93,56
did:key:z6MksQmqab6hUpSMkwuXg9k95LA3ZrB2awRE3XJHhfAf7Adr,1595,1603,10-01 09:56,10-01 10:36,-45.96,8
did:key:z6MksRfYmLAfU7ALq7uKnA93kid3YLGjZBAMGLMgyepbAWMK,1122,1126,09-29 18:31,09-29 18:51,,4
did:key:z6MksRfYmLAfU7ALq7uKnA93kid3YLGjZBAMGLMgyepbAWMK,1141,1170,09-29 20:06,09-29 22:31,-44.9,29
did:key:z6MksRfYmLAfU7ALq7uKnA93kid3YLGjZBAMGLMgyepbAWMK,1173,1182,09-29 22:46,09-29 23:31,-44.88,9
did:key:z6MksRfYmLAfU7ALq7uKnA93kid3YLGjZBAMGLMgyepbAWMK,1192,1196,09-30 00:21,09-30 00:41,,4
did:key:z6MksRfYmLAfU7ALq7uKnA93kid3YLGjZBAMGLMgyepbAWMK,1200,1206,09-30 01:01,09-30 01:31,,6
did:key:z6MksRfYmLAfU7ALq7uKnA93kid3YLGjZBAMGLMgyepbAWMK,1210,1222,09-30 01:51,09-30 02:51,-44.59,12
did:key:z6MksRfYmLAfU7ALq7uKnA93kid3YLGjZBAMGLMgyepbAWMK,1235,1239,09-30 03:56,09-30 04:16,47.11,4
did:key:z6MksRfYmLAfU7ALq7uKnA93kid3YLGjZBAMGLMgyepbAWMK,1263,1306,09-30 06:16,09-30 09:51,47.11,43
did:key:z6MksRfYmLAfU7ALq7uKnA93kid3YLGjZBAMGLMgyepbAWMK,1309,1310,09-30 10:06,09-30 10:11,47.11,1
did:key:z6MksRfYmLAfU7ALq7uKnA93kid3YLGjZBAMGLMgyepbAWMK,1320,1322,09-30 11:01,09-30 11:11,47.11,2
did:key:z6MksRfYmLAfU7ALq7uKnA93kid3YLGjZBAMGLMgyepbAWMK,1341,1342,09-30 12:46,09-30 12:51,47.11,1
did:key:z6MksRfYmLAfU7ALq7uKnA93kid3YLGjZBAMGLMgyepbAWMK,1345,1346,09-30 13:06,09-30 13:11,47.11,1
did:key:z6MksRfYmLAfU7ALq7uKnA93kid3YLGjZBAMGLMgyepbAWMK,1348,1357,09-30 13:21,09-30 14:06,47.11,9
did:key:z6MksRfYmLAfU7ALq7uKnA93kid3YLGjZBAMGLMgyepbAWMK,1368,1375,09-30 15:01,09-30 15:36,47.11,7
did:key:z6MksRfYmLAfU7ALq7uKnA93kid3YLGjZBAMGLMgyepbAWMK,1381,1394,09-30 16:06,09-30 17:11,47.11,13
did:key:z6MksRfYmLAfU7ALq7uKnA93kid3YLGjZBAMGLMgyepbAWMK,1447,1535,09-30 21:36,10-01 04:56,47.11,88
did:key:z6MksRfYmLAfU7ALq7uKnA93kid3YLGjZBAMGLMgyepbAWMK,1537,1593,10-01 05:06,10-01 09:46,-45.93,56
did:key:z6MksRfYmLAfU7ALq7uKnA93kid3YLGjZBAMGLMgyepbAWMK,1595,1603,10-01 09:56,10-01 10:36,-45.96,8
did:key:z6MksRfYmLAfU7ALq7uKnA93kid3YLGjZBAMGLMgyepbAWMK,2029,2031,10-02 22:07,10-02 22:18,,2
did:key:z6MksRfYmLAfU7ALq7uKnA93kid3YLGjZBAMGLMgyepbAWMK,2036,2039,10-02 22:43,10-02 22:58,,3
did:key:z6MksRfYmLAfU7ALq7uKnA93kid3YLGjZBAMGLMgyepbAWMK,2041,2043,10-02 23:07,10-02 23:18,,2
did:key:z6MksRfYmLAfU7ALq7uKnA93kid3YLGjZBAMGLMgyepbAWMK,2045,2048,10-02 23:27,10-02 23:42,,3
did:key:z6MksSQPE6ZaeVRqtzBDLQYi78PqFLBiXk2AZ78hXBwYhW2Y,1122,1126,09-29 18:31,09-29 18:51,,4
did:key:z6MksSQPE6ZaeVRqtzBDLQYi78PqFLBiXk2AZ78hXBwYhW2Y,1141,1170,09-29 20:06,09-29 22:31,-44.9,29
did:key:z6MksSQPE6ZaeVRqtzBDLQYi78PqFLBiXk2AZ78hXBwYhW2Y,1173,1182,09-29 22:46,09-29 23:31,-44.88,9
did:key:z6MksSQPE6ZaeVRqtzBDLQYi78PqFLBiXk2AZ78hXBwYhW2Y,1192,1196,09-30 00:21,09-30 00:41,,4
did:key:z6MksSQPE6ZaeVRqtzBDLQYi78PqFLBiXk2AZ78hXBwYhW2Y,1200,1206,09-30 01:01,09-30 01:31,,6
did:key:z6MksSQPE6ZaeVRqtzBDLQYi78PqFLBiXk2AZ78hXBwYhW2Y,1210,1222,09-30 01:51,09-30 02:51,-44.59,12
did:key:z6MksSQPE6ZaeVRqtzBDLQYi78PqFLBiXk2AZ78hXBwYhW2Y,1235,1239,09-30 03:56,09-30 04:16,47.11,4
did:key:z6MksSQPE6ZaeVRqtzBDLQYi78PqFLBiXk2AZ78hXBwYhW2Y,1263,1306,09-30 06:16,09-30 09:51,47.11,43
did:key:z6MksSQPE6ZaeVRqtzBDLQYi78PqFLBiXk2AZ78hXBwYhW2Y,1309,1310,09-30 10:06,09-30 10:11,47.11,1
did:key:z6MksSQPE6ZaeVRqtzBDLQYi78PqFLBiXk2AZ78hXBwYhW2Y,1320,1322,09-30 11:01,09-30 11:11,47.11,2
did:key:z6MksSQPE6ZaeVRqtzBDLQYi78PqFLBiXk2AZ78hXBwYhW2Y,1341,1342,09-30 12:46,09-30 12:51,47.11,1
did:key:z6MksSQPE6ZaeVRqtzBDLQYi78PqFLBiXk2AZ78hXBwYhW2Y,1345,1346,09-30 13:06,09-30 13:11,47.11,1
did:key:z6MksSQPE6ZaeVRqtzBDLQYi78PqFLBiXk2AZ78hXBwYhW2Y,1348,1357,09-30 13:21,09-30 14:06,47.11,9
did:key:z6MksSQPE6ZaeVRqtzBDLQYi78PqFLBiXk2AZ78hXBwYhW2Y,1368,1375,09-30 15:01,09-30 15:36,47.11,7
did:key:z6MksSQPE6ZaeVRqtzBDLQYi78PqFLBiXk2AZ78hXBwYhW2Y,1381,1394,09-30 16:06,09-30 17:11,47.11,13
did:key:z6MksSQPE6ZaeVRqtzBDLQYi78PqFLBiXk2AZ78hXBwYhW2Y,1447,1459,09-30 21:36,09-30 22:36,47.11,12
did:key:z6MksSQPE6ZaeVRqtzBDLQYi78PqFLBiXk2AZ78hXBwYhW2Y,1460,1655,09-30 22:41,10-01 14:59,-46.01,195
did:key:z6MksSQPE6ZaeVRqtzBDLQYi78PqFLBiXk2AZ78hXBwYhW2Y,1657,1748,10-01 15:07,10-01 22:42,-45.88,91
did:key:z6MksSQPE6ZaeVRqtzBDLQYi78PqFLBiXk2AZ78hXBwYhW2Y,1749,1807,10-01 22:47,10-02 03:37,-45.91,58
did:key:z6MksSQPE6ZaeVRqtzBDLQYi78PqFLBiXk2AZ78hXBwYhW2Y,1809,1810,10-02 03:47,10-02 03:52,,1
did:key:z6MksSQPE6ZaeVRqtzBDLQYi78PqFLBiXk2AZ78hXBwYhW2Y,1812,1877,10-02 04:02,10-02 09:27,-46.07,65
did:key:z6MksSQPE6ZaeVRqtzBDLQYi78PqFLBiXk2AZ78hXBwYhW2Y,1879,1969,10-02 09:37,10-02 17:07,-45.94,90
did:key:z6MksSQPE6ZaeVRqtzBDLQYi78PqFLBiXk2AZ78hXBwYhW2Y,1993,1994,10-02 19:07,10-02 19:12,,1
did:key:z6MksSQPE6ZaeVRqtzBDLQYi78PqFLBiXk2AZ78hXBwYhW2Y,2004,2005,10-02 20:02,10-02 20:07,,1
did:key:z6MksSQPE6ZaeVRqtzBDLQYi78PqFLBiXk2AZ78hXBwYhW2Y,2007,2053,10-02 20:17,10-03 00:08,46.28,46
did:key:z6MksSQPE6ZaeVRqtzBDLQYi78PqFLBiXk2AZ78hXBwYhW2Y,2066,2073,10-03 01:13,10-03 01:47,,7
did:key:z6MksSsc4ny8HFWD6Jh2PpKdLGZngUsica7bdnbP5xvAsj4m,1122,1126,09-29 18:31,09-29 18:51,,4
did:key:z6MksSsc4ny8HFWD6Jh2PpKdLGZngUsica7bdnbP5xvAsj4m,1141,1170,09-29 20:06,09-29 22:31,-44.9,29
did:key:z6MksSsc4ny8HFWD6Jh2PpKdLGZngUsica7bdnbP5xvAsj4m,1173,1182,09-29 22:46,09-29 23:31,-44.88,9
did:key:z6MksSsc4ny8HFWD6Jh2PpKdLGZngUsica7bdnbP5xvAsj4m,1192,1196,09-30 00:21,09-30 00:41,,4
did:key:z6MksSsc4ny8HFWD6Jh2PpKdLGZngUsica7bdnbP5xvAsj4m,1200,1206,09-30 01:01,09-30 01:31,,6
did:key:z6MksSsc4ny8HFWD6Jh2PpKdLGZngUsica7bdnbP5xvAsj4m,1210,1222,09-30 01:51,09-30 02:51,-44.59,12
did:key:z6MksSsc4ny8HFWD6Jh2PpKdLGZngUsica7bdnbP5xvAsj4m,1235,1239,09-30 03:56,09-30 04:16,47.11,4
did:key:z6MksSsc4ny8HFWD6Jh2PpKdLGZngUsica7bdnbP5xvAsj4m,1263,1306,09-30 06:16,09-30 09:51,47.11,43
did:key:z6MksSsc4ny8HFWD6Jh2PpKdLGZngUsica7bdnbP5xvAsj4m,1309,1310,09-30 10:06,09-30 10:11,47.11,1
did:key:z6MksSsc4ny8HFWD6Jh2PpKdLGZngUsica7bdnbP5xvAsj4m,1320,1322,09-30 11:01,09-30 11:11,47.11,2
did:key:z6MksSsc4ny8HFWD6Jh2PpKdLGZngUsica7bdnbP5xvAsj4m,1341,1342,09-30 12:46,09-30 12:51,47.11,1
did:key:z6MksSsc4ny8HFWD6Jh2PpKdLGZngUsica7bdnbP5xvAsj4m,1345,1346,09-30 13:06,09-30 13:11,47.11,1
did:key:z6MksSsc4ny8HFWD6Jh2PpKdLGZngUsica7bdnbP5xvAsj4m,1348,1357,09-30 13:21,09-30 14:06,47.11,9
did:key:z6MksSsc4ny8HFWD6Jh2PpKdLGZngUsica7bdnbP5xvAsj4m,1368,1375,09-30 15:01,09-30 15:36,47.11,7
did:key:z6MksSsc4ny8HFWD6Jh2PpKdLGZngUsica7bdnbP5xvAsj4m,1381,1394,09-30 16:06,09-30 17:11,47.11,13
did:key:z6MksSsc4ny8HFWD6Jh2PpKdLGZngUsica7bdnbP5xvAsj4m,1447,1459,09-30 21:36,09-30 22:36,47.11,12
did:key:z6MksSsc4ny8HFWD6Jh2PpKdLGZngUsica7bdnbP5xvAsj4m,1460,1536,09-30 22:41,10-01 05:01,-46.01,76
did:key:z6MksSsc4ny8HFWD6Jh2PpKdLGZngUsica7bdnbP5xvAsj4m,1537,2167,10-01 05:06,10-03 09:35,48.18,630
did:key:z6MksT96nB2cMDpKbqTqdtRXoL1NnMiP3CFT2pgyKcbR5bn2,1122,1126,09-29 18:31,09-29 18:51,,4
did:key:z6MksT96nB2cMDpKbqTqdtRXoL1NnMiP3CFT2pgyKcbR5bn2,1141,1170,09-29 20:06,09-29 22:31,-44.9,29
did:key:z6MksT96nB2cMDpKbqTqdtRXoL1NnMiP3CFT2pgyKcbR5bn2,1173,1182,09-29 22:46,09-29 23:31,-44.88,9
did:key:z6MksT96nB2cMDpKbqTqdtRXoL1NnMiP3CFT2pgyKcbR5bn2,1192,1196,09-30 00:21,09-30 00:41,,4
did:key:z6MksT96nB2cMDpKbqTqdtRXoL1NnMiP3CFT2pgyKcbR5bn2,1200,1206,09-30 01:01,09-30 01:31,,6
did:key:z6MksT96nB2cMDpKbqTqdtRXoL1NnMiP3CFT2pgyKcbR5bn2,1210,1222,09-30 01:51,09-30 02:51,-44.59,12
did:key:z6MksT96nB2cMDpKbqTqdtRXoL1NnMiP3CFT2pgyKcbR5bn2,1235,1239,09-30 03:56,09-30 04:16,47.11,4
did:key:z6MksT96nB2cMDpKbqTqdtRXoL1NnMiP3CFT2pgyKcbR5bn2,1263,1306,09-30 06:16,09-30 09:51,47.11,43
did:key:z6MksT96nB2cMDpKbqTqdtRXoL1NnMiP3CFT2pgyKcbR5bn2,1309,1310,09-30 10:06,09-30 10:11,47.11,1
did:key:z6MksT96nB2cMDpKbqTqdtRXoL1NnMiP3CFT2pgyKcbR5bn2,1320,1322,09-30 11:01,09-30 11:11,47.11,2
did:key:z6MksT96nB2cMDpKbqTqdtRXoL1NnMiP3CFT2pgyKcbR5bn2,1341,1342,09-30 12:46,09-30 12:51,47.11,1
did:key:z6MksT96nB2cMDpKbqTqdtRXoL1NnMiP3CFT2pgyKcbR5bn2,1345,1346,09-30 13:06,09-30 13:11,47.11,1
did:key:z6MksT96nB2cMDpKbqTqdtRXoL1NnMiP3CFT2pgyKcbR5bn2,1348,1357,09-30 13:21,09-30 14:06,47.11,9
did:key:z6MksT96nB2cMDpKbqTqdtRXoL1NnMiP3CFT2pgyKcbR5bn2,1368,1375,09-30 15:01,09-30 15:36,47.11,7
did:key:z6MksT96nB2cMDpKbqTqdtRXoL1NnMiP3CFT2pgyKcbR5bn2,1381,1394,09-30 16:06,09-30 17:11,47.11,13
did:key:z6MksT96nB2cMDpKbqTqdtRXoL1NnMiP3CFT2pgyKcbR5bn2,1447,1459,09-30 21:36,09-30 22:36,47.11,12
did:key:z6MksT96nB2cMDpKbqTqdtRXoL1NnMiP3CFT2pgyKcbR5bn2,1460,1536,09-30 22:41,10-01 05:01,-46.01,76
did:key:z6MksT96nB2cMDpKbqTqdtRXoL1NnMiP3CFT2pgyKcbR5bn2,1537,1980,10-01 05:06,10-02 18:02,48.18,443
did:key:z6MksT96nB2cMDpKbqTqdtRXoL1NnMiP3CFT2pgyKcbR5bn2,1981,2045,10-02 18:07,10-02 23:27,-46.93,64
did:key:z6MksT96nB2cMDpKbqTqdtRXoL1NnMiP3CFT2pgyKcbR5bn2,2047,2167,10-02 23:37,10-03 09:35,-46.93,120
did:key:z6MksRmNuJyYRAC8ssQZaQ8mcRXvZ4MpPj3Tr24ucuhfkVAW,1123,1126,09-29 18:36,09-29 18:51,,3
did:key:z6MksRmNuJyYRAC8ssQZaQ8mcRXvZ4MpPj3Tr24ucuhfkVAW,1142,1170,09-29 20:11,09-29 22:31,-44.77,28
did:key:z6MksRmNuJyYRAC8ssQZaQ8mcRXvZ4MpPj3Tr24ucuhfkVAW,1173,1182,09-29 22:46,09-29 23:31,-44.77,9
did:key:z6MksRmNuJyYRAC8ssQZaQ8mcRXvZ4MpPj3Tr24ucuhfkVAW,1192,1195,09-30 00:21,09-30 00:36,,3
did:key:z6MksRmNuJyYRAC8ssQZaQ8mcRXvZ4MpPj3Tr24ucuhfkVAW,1200,1206,09-30 01:01,09-30 01:31,,6
did:key:z6MksRmNuJyYRAC8ssQZaQ8mcRXvZ4MpPj3Tr24ucuhfkVAW,1210,1222,09-30 01:51,09-30 02:51,-44.49,12
did:key:z6MksRmNuJyYRAC8ssQZaQ8mcRXvZ4MpPj3Tr24ucuhfkVAW,1236,1238,09-30 04:01,09-30 04:11,47.0,2
did:key:z6MksRmNuJyYRAC8ssQZaQ8mcRXvZ4MpPj3Tr24ucuhfkVAW,1263,1285,09-30 06:16,09-30 08:06,47.19,22
did:key:z6MksRmNuJyYRAC8ssQZaQ8mcRXvZ4MpPj3Tr24ucuhfkVAW,1290,1306,09-30 08:31,09-30 09:51,46.84,16
did:key:z6MksRmNuJyYRAC8ssQZaQ8mcRXvZ4MpPj3Tr24ucuhfkVAW,1309,1310,09-30 10:06,09-30 10:11,47.0,1
did:key:z6MksRmNuJyYRAC8ssQZaQ8mcRXvZ4MpPj3Tr24ucuhfkVAW,1320,1322,09-30 11:01,09-30 11:11,47.0,2
did:key:z6MksRmNuJyYRAC8ssQZaQ8mcRXvZ4MpPj3Tr24ucuhfkVAW,1349,1357,09-30 13:26,09-30 14:06,47.0,8
did:key:z6MksRmNuJyYRAC8ssQZaQ8mcRXvZ4MpPj3Tr24ucuhfkVAW,1368,1375,09-30 15:01,09-30 15:36,47.0,7
did:key:z6MksRmNuJyYRAC8ssQZaQ8mcRXvZ4MpPj3Tr24ucuhfkVAW,1381,1394,09-30 16:06,09-30 17:11,47.0,13
did:key:z6MksRmNuJyYRAC8ssQZaQ8mcRXvZ4MpPj3Tr24ucuhfkVAW,1448,1535,09-30 21:41,10-01 04:56,47.0,87
did:key:z6MksRmNuJyYRAC8ssQZaQ8mcRXvZ4MpPj3Tr24ucuhfkVAW,1537,1593,10-01 05:06,10-01 09:46,-45.81,56
did:key:z6MksRmNuJyYRAC8ssQZaQ8mcRXvZ4MpPj3Tr24ucuhfkVAW,1595,1597,10-01 09:56,10-01 10:06,,2
did:key:z6MksRmNuJyYRAC8ssQZaQ8mcRXvZ4MpPj3Tr24ucuhfkVAW,1599,1602,10-01 10:16,10-01 10:32,,3
did:key:z6MksTC6PvCGrdLBq7DVBCv2FVZfjDec2B3HN5EJwWP3RCBD,1123,1126,09-29 18:36,09-29 18:51,,3
did:key:z6MksTC6PvCGrdLBq7DVBCv2FVZfjDec2B3HN5EJwWP3RCBD,1142,1170,09-29 20:11,09-29 22:31,-44.77,28
did:key:z6MksTC6PvCGrdLBq7DVBCv2FVZfjDec2B3HN5EJwWP3RCBD,1173,1182,09-29 22:46,09-29 23:31,-44.77,9
did:key:z6MksTC6PvCGrdLBq7DVBCv2FVZfjDec2B3HN5EJwWP3RCBD,1192,1195,09-30 00:21,09-30 00:36,,3
did:key:z6MksTC6PvCGrdLBq7DVBCv2FVZfjDec2B3HN5EJwWP3RCBD,1200,1206,09-30 01:01,09-30 01:31,,6
did:key:z6MksTC6PvCGrdLBq7DVBCv2FVZfjDec2B3HN5EJwWP3RCBD,1210,1222,09-30 01:51,09-30 02:51,-44.49,12
did:key:z6MksTC6PvCGrdLBq7DVBCv2FVZfjDec2B3HN5EJwWP3RCBD,1236,1238,09-30 04:01,09-30 04:11,,2
did:key:z6MksTC6PvCGrdLBq7DVBCv2FVZfjDec2B3HN5EJwWP3RCBD,1263,1285,09-30 06:16,09-30 08:06,47.19,22
did:key:z6MksTC6PvCGrdLBq7DVBCv2FVZfjDec2B3HN5EJwWP3RCBD,1290,1306,09-30 08:31,09-30 09:51,46.84,16
did:key:z6MksTC6PvCGrdLBq7DVBCv2FVZfjDec2B3HN5EJwWP3RCBD,1309,1310,09-30 10:06,09-30 10:11,,1
did:key:z6MksTC6PvCGrdLBq7DVBCv2FVZfjDec2B3HN5EJwWP3RCBD,1320,1322,09-30 11:01,09-30 11:11,,2
did:key:z6MksTC6PvCGrdLBq7DVBCv2FVZfjDec2B3HN5EJwWP3RCBD,1349,1357,09-30 13:26,09-30 14:06,47.21,8
did:key:z6MksTC6PvCGrdLBq7DVBCv2FVZfjDec2B3HN5EJwWP3RCBD,1368,1375,09-30 15:01,09-30 15:36,,7
did:key:z6MksTC6PvCGrdLBq7DVBCv2FVZfjDec2B3HN5EJwWP3RCBD,1381,1394,09-30 16:06,09-30 17:11,47.0,13
did:key:z6MksTC6PvCGrdLBq7DVBCv2FVZfjDec2B3HN5EJwWP3RCBD,1448,1459,09-30 21:41,09-30 22:36,47.16,11
did:key:z6MksTC6PvCGrdLBq7DVBCv2FVZfjDec2B3HN5EJwWP3RCBD,1460,1536,09-30 22:41,10-01 05:01,-45.9,76
did:key:z6MksTC6PvCGrdLBq7DVBCv2FVZfjDec2B3HN5EJwWP3RCBD,1537,1642,10-01 05:06,10-01 13:52,48.06,105
did:key:z6MksTC6PvCGrdLBq7DVBCv2FVZfjDec2B3HN5EJwWP3RCBD,1643,1748,10-01 13:56,10-01 22:42,-46.73,105
did:key:z6MksTC6PvCGrdLBq7DVBCv2FVZfjDec2B3HN5EJwWP3RCBD,1749,2008,10-01 22:47,10-02 20:22,-46.77,259
did:key:z6MksTC6PvCGrdLBq7DVBCv2FVZfjDec2B3HN5EJwWP3RCBD,2011,2019,10-02 20:37,10-02 21:18,,8
did:key:z6MksTC6PvCGrdLBq7DVBCv2FVZfjDec2B3HN5EJwWP3RCBD,2033,2034,10-02 22:27,10-02 22:32,,1
did:key:z6MksTC6PvCGrdLBq7DVBCv2FVZfjDec2B3HN5EJwWP3RCBD,2054,2066,10-03 00:13,10-03 01:13,-46.8,12
did:key:z6MksTC6PvCGrdLBq7DVBCv2FVZfjDec2B3HN5EJwWP3RCBD,2074,2075,10-03 01:53,10-03 01:58,,1
did:key:z6MksTC6PvCGrdLBq7DVBCv2FVZfjDec2B3HN5EJwWP3RCBD,2077,2167,10-03 02:08,10-03 09:35,-46.88,90
did:key:z6MksNt4p1kqypPJDaxwPvtK83KQMtCD1oT2qXTmmnd2JbWL,1142,1170,09-29 20:11,09-29 22:31,-44.71,28
did:key:z6MksNt4p1kqypPJDaxwPvtK83KQMtCD1oT2qXTmmnd2JbWL,1173,1182,09-29 22:46,09-29 23:31,-44.71,9
did:key:z6MksNt4p1kqypPJDaxwPvtK83KQMtCD1oT2qXTmmnd2JbWL,1192,1195,09-30 00:21,09-30 00:36,,3
did:key:z6MksNt4p1kqypPJDaxwPvtK83KQMtCD1oT2qXTmmnd2JbWL,1203,1206,09-30 01:16,09-30 01:31,,3
did:key:z6MksNt4p1kqypPJDaxwPvtK83KQMtCD1oT2qXTmmnd2JbWL,1210,1235,09-30 01:51,09-30 03:56,-44.42,25
did:key:z6MksNt4p1kqypPJDaxwPvtK83KQMtCD1oT2qXTmmnd2JbWL,1239,1262,09-30 04:16,09-30 06:11,-44.72,23
did:key:z6MksNt4p1kqypPJDaxwPvtK83KQMtCD1oT2qXTmmnd2JbWL,1286,1289,09-30 08:11,09-30 08:26,,3
did:key:z6MksNt4p1kqypPJDaxwPvtK83KQMtCD1oT2qXTmmnd2JbWL,1307,1308,09-30 09:56,09-30 10:01,,1
did:key:z6MksNt4p1kqypPJDaxwPvtK83KQMtCD1oT2qXTmmnd2JbWL,1315,1317,09-30 10:36,09-30 10:46,,2
did:key:z6MksNt4p1kqypPJDaxwPvtK83KQMtCD1oT2qXTmmnd2JbWL,1323,1345,09-30 11:16,09-30 13:06,-44.7,22
did:key:z6MksNt4p1kqypPJDaxwPvtK83KQMtCD1oT2qXTmmnd2JbWL,1347,1348,09-30 13:16,09-30 13:21,,1
did:key:z6MksNt4p1kqypPJDaxwPvtK83KQMtCD1oT2qXTmmnd2JbWL,1358,1367,09-30 14:11,09-30 14:56,,9
did:key:z6MksNt4p1kqypPJDaxwPvtK83KQMtCD1oT2qXTmmnd2JbWL,1376,1380,09-30 15:41,09-30 16:01,,4
did:key:z6MksNt4p1kqypPJDaxwPvtK83KQMtCD1oT2qXTmmnd2JbWL,1395,1420,09-30 17:16,09-30 19:21,-44.38,25
did:key:z6MksNt4p1kqypPJDaxwPvtK83KQMtCD1oT2qXTmmnd2JbWL,1421,1450,09-30 19:26,09-30 21:51,-44.58,29
did:key:z6MksP6RYuSb6ZMp8TPDk88TdNmJR4ggh94zzFbkoXcshKMH,1142,1170,09-29 20:11,09-29 22:31,-44.71,28
did:key:z6MksP6RYuSb6ZMp8TPDk88TdNmJR4ggh94zzFbkoXcshKMH,1173,1182,09-29 22:46,09-29 23:31,-44.71,9
did:key:z6MksP6RYuSb6ZMp8TPDk88TdNmJR4ggh94zzFbkoXcshKMH,1192,1195,09-30 00:21,09-30 00:36,,3
did:key:z6MksP6RYuSb6ZMp8TPDk88TdNmJR4ggh94zzFbkoXcshKMH,1203,1206,09-30 01:16,09-30 01:31,,3
did:key:z6MksP6RYuSb6ZMp8TPDk88TdNmJR4ggh94zzFbkoXcshKMH,1210,1235,09-30 01:51,09-30 03:56,-44.42,25
did:key:z6MksP6RYuSb6ZMp8TPDk88TdNmJR4ggh94zzFbkoXcshKMH,1239,1262,09-30 04:16,09-30 06:11,-44.72,23
did:key:z6MksP6RYuSb6ZMp8TPDk88TdNmJR4ggh94zzFbkoXcshKMH,1286,1289,09-30 08:11,09-30 08:26,,3
did:key:z6MksP6RYuSb6ZMp8TPDk88TdNmJR4ggh94zzFbkoXcshKMH,1307,1308,09-30 09:56,09-30 10:01,,1
did:key:z6MksP6RYuSb6ZMp8TPDk88TdNmJR4ggh94zzFbkoXcshKMH,1315,1317,09-30 10:36,09-30 10:46,,2
did:key:z6MksP6RYuSb6ZMp8TPDk88TdNmJR4ggh94zzFbkoXcshKMH,1323,1345,09-30 11:16,09-30 13:06,-44.7,22
did:key:z6MksP6RYuSb6ZMp8TPDk88TdNmJR4ggh94zzFbkoXcshKMH,1347,1348,09-30 13:16,09-30 13:21,,1
did:key:z6MksP6RYuSb6ZMp8TPDk88TdNmJR4ggh94zzFbkoXcshKMH,1358,1367,09-30 14:11,09-30 14:56,,9
did:key:z6MksP6RYuSb6ZMp8TPDk88TdNmJR4ggh94zzFbkoXcshKMH,1376,1380,09-30 15:41,09-30 16:01,,4
did:key:z6MksP6RYuSb6ZMp8TPDk88TdNmJR4ggh94zzFbkoXcshKMH,1395,1420,09-30 17:16,09-30 19:21,-44.38,25
did:key:z6MksP6RYuSb6ZMp8TPDk88TdNmJR4ggh94zzFbkoXcshKMH,1421,1450,09-30 19:26,09-30 21:51,-44.58,29
did:key:z6MkgvAw3q4XJ1aawYTsFUZEhTFsFBbWP6cb5oMwiQkyYgq8,1183,1189,09-29 23:36,09-30 00:06,44.17,6
did:key:z6MkgvAw3q4XJ1aawYTsFUZEhTFsFBbWP6cb5oMwiQkyYgq8,1207,1208,09-30 01:36,09-30 01:41,,1
did:key:z6Mkh8Tk5Eic6NhkobxdwupNNAcWtWXqMcBZLkdJntpChFPW,1183,1189,09-29 23:36,09-30 00:06,44.17,6
did:key:z6Mkh8Tk5Eic6NhkobxdwupNNAcWtWXqMcBZLkdJntpChFPW,1207,1208,09-30 01:36,09-30 01:41,,1
did:key:z6Mkh8Tk5Eic6NhkobxdwupNNAcWtWXqMcBZLkdJntpChFPW,2105,2106,10-03 04:25,10-03 04:30,,1
did:key:z6Mkh8Tk5Eic6NhkobxdwupNNAcWtWXqMcBZLkdJntpChFPW,2114,2115,10-03 05:10,10-03 05:15,,1
did:key:z6MksPB3v9epWd6ZhtHJMb5TxQso4Ch5kYBbcWPdoAwTvMuG,1223,1235,09-30 02:56,09-30 03:56,-44.66,12
did:key:z6MksPB3v9epWd6ZhtHJMb5TxQso4Ch5kYBbcWPdoAwTvMuG,1239,1240,09-30 04:16,09-30 04:21,,1
did:key:z6MksPB3v9epWd6ZhtHJMb5TxQso4Ch5kYBbcWPdoAwTvMuG,1242,1260,09-30 04:31,09-30 06:01,-44.93,18
did:key:z6MksPB3v9epWd6ZhtHJMb5TxQso4Ch5kYBbcWPdoAwTvMuG,1261,1262,09-30 06:06,09-30 06:11,,1
did:key:z6MksPB3v9epWd6ZhtHJMb5TxQso4Ch5kYBbcWPdoAwTvMuG,1286,1289,09-30 08:11,09-30 08:26,,3
did:key:z6MksPB3v9epWd6ZhtHJMb5TxQso4Ch5kYBbcWPdoAwTvMuG,1307,1308,09-30 09:56,09-30 10:01,,1
did:key:z6MksPB3v9epWd6ZhtHJMb5TxQso4Ch5kYBbcWPdoAwTvMuG,1315,1317,09-30 10:36,09-30 10:46,,2
did:key:z6MksPB3v9epWd6ZhtHJMb5TxQso4Ch5kYBbcWPdoAwTvMuG,1323,1330,09-30 11:16,09-30 11:51,,7
did:key:z6MksPB3v9epWd6ZhtHJMb5TxQso4Ch5kYBbcWPdoAwTvMuG,1332,1340,09-30 12:01,09-30 12:41,,8
did:key:z6MksPB3v9epWd6ZhtHJMb5TxQso4Ch5kYBbcWPdoAwTvMuG,1342,1345,09-30 12:51,09-30 13:06,,3
did:key:z6MksPB3v9epWd6ZhtHJMb5TxQso4Ch5kYBbcWPdoAwTvMuG,1347,1348,09-30 13:16,09-30 13:21,,1
did:key:z6MksPB3v9epWd6ZhtHJMb5TxQso4Ch5kYBbcWPdoAwTvMuG,1358,1367,09-30 14:11,09-30 14:56,,9
did:key:z6MksPB3v9epWd6ZhtHJMb5TxQso4Ch5kYBbcWPdoAwTvMuG,1376,1380,09-30 15:41,09-30 16:01,,4
did:key:z6MksPB3v9epWd6ZhtHJMb5TxQso4Ch5kYBbcWPdoAwTvMuG,1395,1420,09-30 17:16,09-30 19:21,-44.38,25
did:key:z6MksPB3v9epWd6ZhtHJMb5TxQso4Ch5kYBbcWPdoAwTvMuG,1421,1447,09-30 19:26,09-30 21:36,-44.58,26
did:key:z6MksPCE7CkejJ8LpzSqXCcem85WFFqkMJVhTkQhuTEn8vS4,1223,1235,09-30 02:56,09-30 03:56,-44.66,12
did:key:z6MksPCE7CkejJ8LpzSqXCcem85WFFqkMJVhTkQhuTEn8vS4,1239,1240,09-30 04:16,09-30 04:21,,1
did:key:z6MksPCE7CkejJ8LpzSqXCcem85WFFqkMJVhTkQhuTEn8vS4,1242,1260,09-30 04:31,09-30 06:01,-44.93,18
did:key:z6MksPCE7CkejJ8LpzSqXCcem85WFFqkMJVhTkQhuTEn8vS4,1261,1262,09-30 06:06,09-30 06:11,,1
did:key:z6MksPCE7CkejJ8LpzSqXCcem85WFFqkMJVhTkQhuTEn8vS4,1286,1289,09-30 08:11,09-30 08:26,,3
did:key:z6MksPCE7CkejJ8LpzSqXCcem85WFFqkMJVhTkQhuTEn8vS4,1307,1308,09-30 09:56,09-30 10:01,,1
did:key:z6MksPCE7CkejJ8LpzSqXCcem85WFFqkMJVhTkQhuTEn8vS4,1315,1317,09-30 10:36,09-30 10:46,,2
did:key:z6MksPCE7CkejJ8LpzSqXCcem85WFFqkMJVhTkQhuTEn8vS4,1323,1330,09-30 11:16,09-30 11:51,,7
did:key:z6MksPCE7CkejJ8LpzSqXCcem85WFFqkMJVhTkQhuTEn8vS4,1332,1340,09-30 12:01,09-30 12:41,,8
did:key:z6MksPCE7CkejJ8LpzSqXCcem85WFFqkMJVhTkQhuTEn8vS4,1342,1345,09-30 12:51,09-30 13:06,,3
did:key:z6MksPCE7CkejJ8LpzSqXCcem85WFFqkMJVhTkQhuTEn8vS4,1347,1348,09-30 13:16,09-30 13:21,,1
did:key:z6MksPCE7CkejJ8LpzSqXCcem85WFFqkMJVhTkQhuTEn8vS4,1358,1367,09-30 14:11,09-30 14:56,,9
did:key:z6MksPCE7CkejJ8LpzSqXCcem85WFFqkMJVhTkQhuTEn8vS4,1376,1380,09-30 15:41,09-30 16:01,,4
did:key:z6MksPCE7CkejJ8LpzSqXCcem85WFFqkMJVhTkQhuTEn8vS4,1395,1420,09-30 17:16,09-30 19:21,-44.38,25
did:key:z6MksPCE7CkejJ8LpzSqXCcem85WFFqkMJVhTkQhuTEn8vS4,1421,1447,09-30 19:26,09-30 21:36,-44.58,26
did:key:z6MkhARfcFmrPznSaerw8LA19Ryg51sPQ7KgofHVYj3YZQiV,1223,1234,09-30 02:56,09-30 03:51,-42.55,11
did:key:z6MkhARfcFmrPznSaerw8LA19Ryg51sPQ7KgofHVYj3YZQiV,1242,1260,09-30 04:31,09-30 06:01,-42.8,18
did:key:z6MkhARfcFmrPznSaerw8LA19Ryg51sPQ7KgofHVYj3YZQiV,1307,1308,09-30 09:56,09-30 10:01,,1
did:key:z6MkhARfcFmrPznSaerw8LA19Ryg51sPQ7KgofHVYj3YZQiV,1315,1317,09-30 10:36,09-30 10:46,,2
did:key:z6MkhARfcFmrPznSaerw8LA19Ryg51sPQ7KgofHVYj3YZQiV,1323,1328,09-30 11:16,09-30 11:41,,5
did:key:z6MkhARfcFmrPznSaerw8LA19Ryg51sPQ7KgofHVYj3YZQiV,1332,1340,09-30 12:01,09-30 12:41,,8
did:key:z6MkhARfcFmrPznSaerw8LA19Ryg51sPQ7KgofHVYj3YZQiV,1343,1344,09-30 12:56,09-30 13:01,,1
did:key:z6MkhARfcFmrPznSaerw8LA19Ryg51sPQ7KgofHVYj3YZQiV,1358,1367,09-30 14:11,09-30 14:56,,9
did:key:z6MkhARfcFmrPznSaerw8LA19Ryg51sPQ7KgofHVYj3YZQiV,1376,1377,09-30 15:41,09-30 15:46,,1
did:key:z6MkhARfcFmrPznSaerw8LA19Ryg51sPQ7KgofHVYj3YZQiV,1379,1380,09-30 15:56,09-30 16:01,,1
did:key:z6MkhARfcFmrPznSaerw8LA19Ryg51sPQ7KgofHVYj3YZQiV,1395,1401,09-30 17:16,09-30 17:46,,6
did:key:z6MkhARfcFmrPznSaerw8LA19Ryg51sPQ7KgofHVYj3YZQiV,1403,1419,09-30 17:56,09-30 19:16,-42.12,16
did:key:z6MkhARfcFmrPznSaerw8LA19Ryg51sPQ7KgofHVYj3YZQiV,1421,1446,09-30 19:26,09-30 21:31,-42.48,25
did:key:z6MkiBfxQ7UPSr9biar6yWNy5wVbuNYkn8PmzCuxsf9Gh3KA,1223,1234,09-30 02:56,09-30 03:51,-42.55,11
did:key:z6MkiBfxQ7UPSr9biar6yWNy5wVbuNYkn8PmzCuxsf9Gh3KA,1242,1260,09-30 04:31,09-30 06:01,-42.8,18
did:key:z6MkiBfxQ7UPSr9biar6yWNy5wVbuNYkn8PmzCuxsf9Gh3KA,1307,1308,09-30 09:56,09-30 10:01,,1
did:key:z6MkiBfxQ7UPSr9biar6yWNy5wVbuNYkn8PmzCuxsf9Gh3KA,1315,1317,09-30 10:36,09-30 10:46,,2
did:key:z6MkiBfxQ7UPSr9biar6yWNy5wVbuNYkn8PmzCuxsf9Gh3KA,1323,1328,09-30 11:16,09-30 11:41,,5
did:key:z6MkiBfxQ7UPSr9biar6yWNy5wVbuNYkn8PmzCuxsf9Gh3KA,1332,1340,09-30 12:01,09-30 12:41,,8
did:key:z6MkiBfxQ7UPSr9biar6yWNy5wVbuNYkn8PmzCuxsf9Gh3KA,1343,1344,09-30 12:56,09-30 13:01,,1
did:key:z6MkiBfxQ7UPSr9biar6yWNy5wVbuNYkn8PmzCuxsf9Gh3KA,1358,1367,09-30 14:11,09-30 14:56,,9
did:key:z6MkiBfxQ7UPSr9biar6yWNy5wVbuNYkn8PmzCuxsf9Gh3KA,1376,1380,09-30 15:41,09-30 16:01,,4
did:key:z6MkiBfxQ7UPSr9biar6yWNy5wVbuNYkn8PmzCuxsf9Gh3KA,1395,1419,09-30 17:16,09-30 19:16,-42.29,24
did:key:z6MkiBfxQ7UPSr9biar6yWNy5wVbuNYkn8PmzCuxsf9Gh3KA,1421,1446,09-30 19:26,09-30 21:31,-42.48,25
did:key:z6MkjetDpVsWYj7vZAEXhnTctsSiTuqk5qBsS6Nj5CyjTiHo,1223,1234,09-30 02:56,09-30 03:51,-42.55,11
did:key:z6MkjetDpVsWYj7vZAEXhnTctsSiTuqk5qBsS6Nj5CyjTiHo,1242,1260,09-30 04:31,09-30 06:01,-42.8,18
did:key:z6MkjetDpVsWYj7vZAEXhnTctsSiTuqk5qBsS6Nj5CyjTiHo,1307,1308,09-30 09:56,09-30 10:01,,1
did:key:z6MkjetDpVsWYj7vZAEXhnTctsSiTuqk5qBsS6Nj5CyjTiHo,1315,1317,09-30 10:36,09-30 10:46,,2
did:key:z6MkjetDpVsWYj7vZAEXhnTctsSiTuqk5qBsS6Nj5CyjTiHo,1323,1328,09-30 11:16,09-30 11:41,,5
did:key:z6MkjetDpVsWYj7vZAEXhnTctsSiTuqk5qBsS6Nj5CyjTiHo,1332,1340,09-30 12:01,09-30 12:41,,8
did:key:z6MkjetDpVsWYj7vZAEXhnTctsSiTuqk5qBsS6Nj5CyjTiHo,1343,1344,09-30 12:56,09-30 13:01,,1
did:key:z6MkjetDpVsWYj7vZAEXhnTctsSiTuqk5qBsS6Nj5CyjTiHo,1358,1367,09-30 14:11,09-30 14:56,,9
did:key:z6MkjetDpVsWYj7vZAEXhnTctsSiTuqk5qBsS6Nj5CyjTiHo,1376,1377,09-30 15:41,09-30 15:46,,1
did:key:z6MkjetDpVsWYj7vZAEXhnTctsSiTuqk5qBsS6Nj5CyjTiHo,1379,1380,09-30 15:56,09-30 16:01,,1
did:key:z6MkjetDpVsWYj7vZAEXhnTctsSiTuqk5qBsS6Nj5CyjTiHo,1395,1401,09-30 17:16,09-30 17:46,,6
did:key:z6MkjetDpVsWYj7vZAEXhnTctsSiTuqk5qBsS6Nj5CyjTiHo,1403,1419,09-30 17:56,09-30 19:16,-42.12,16
did:key:z6MkjetDpVsWYj7vZAEXhnTctsSiTuqk5qBsS6Nj5CyjTiHo,1421,1446,09-30 19:26,09-30 21:31,-42.48,25
did:key:z6MkmbYa7De9Hynayvqu7iwv5WwxhmCcvg5Eh6Q7p1e7DTtq,1223,1234,09-30 02:56,09-30 03:51,-42.55,11
did:key:z6MkmbYa7De9Hynayvqu7iwv5WwxhmCcvg5Eh6Q7p1e7DTtq,1242,1260,09-30 04:31,09-30 06:01,-42.8,18
did:key:z6MkmbYa7De9Hynayvqu7iwv5WwxhmCcvg5Eh6Q7p1e7DTtq,1307,1308,09-30 09:56,09-30 10:01,,1
did:key:z6MkmbYa7De9Hynayvqu7iwv5WwxhmCcvg5Eh6Q7p1e7DTtq,1315,1317,09-30 10:36,09-30 10:46,,2
did:key:z6MkmbYa7De9Hynayvqu7iwv5WwxhmCcvg5Eh6Q7p1e7DTtq,1323,1328,09-30 11:16,09-30 11:41,,5
did:key:z6MkmbYa7De9Hynayvqu7iwv5WwxhmCcvg5Eh6Q7p1e7DTtq,1332,1340,09-30 12:01,09-30 12:41,,8
did:key:z6MkmbYa7De9Hynayvqu7iwv5WwxhmCcvg5Eh6Q7p1e7DTtq,1343,1344,09-30 12:56,09-30 13:01,,1
did:key:z6MkmbYa7De9Hynayvqu7iwv5WwxhmCcvg5Eh6Q7p1e7DTtq,1358,1367,09-30 14:11,09-30 14:56,,9
did:key:z6MkmbYa7De9Hynayvqu7iwv5WwxhmCcvg5Eh6Q7p1e7DTtq,1376,1377,09-30 15:41,09-30 15:46,,1
did:key:z6MkmbYa7De9Hynayvqu7iwv5WwxhmCcvg5Eh6Q7p1e7DTtq,1379,1380,09-30 15:56,09-30 16:01,,1
did:key:z6MkmbYa7De9Hynayvqu7iwv5WwxhmCcvg5Eh6Q7p1e7DTtq,1395,1401,09-30 17:16,09-30 17:46,,6
did:key:z6MkmbYa7De9Hynayvqu7iwv5WwxhmCcvg5Eh6Q7p1e7DTtq,1403,1419,09-30 17:56,09-30 19:16,-42.12,16
did:key:z6MkmbYa7De9Hynayvqu7iwv5WwxhmCcvg5Eh6Q7p1e7DTtq,1421,1446,09-30 19:26,09-30 21:31,-42.48,25
did:key:z6MknU7FgYbAZGqWsg2ms1XbCQUr9EwyLEBujwsVaxpqvcLv,1223,1234,09-30 02:56,09-30 03:51,-42.55,11
did:key:z6MknU7FgYbAZGqWsg2ms1XbCQUr9EwyLEBujwsVaxpqvcLv,1242,1260,09-30 04:31,09-30 06:01,-42.8,18
did:key:z6MknU7FgYbAZGqWsg2ms1XbCQUr9EwyLEBujwsVaxpqvcLv,1307,1308,09-30 09:56,09-30 10:01,,1
did:key:z6MknU7FgYbAZGqWsg2ms1XbCQUr9EwyLEBujwsVaxpqvcLv,1315,1317,09-30 10:36,09-30 10:46,,2
did:key:z6MknU7FgYbAZGqWsg2ms1XbCQUr9EwyLEBujwsVaxpqvcLv,1323,1328,09-30 11:16,09-30 11:41,,5
did:key:z6MknU7FgYbAZGqWsg2ms1XbCQUr9EwyLEBujwsVaxpqvcLv,1332,1340,09-30 12:01,09-30 12:41,,8
did:key:z6MknU7FgYbAZGqWsg2ms1XbCQUr9EwyLEBujwsVaxpqvcLv,1343,1344,09-30 12:56,09-30 13:01,,1
did:key:z6MknU7FgYbAZGqWsg2ms1XbCQUr9EwyLEBujwsVaxpqvcLv,1358,1367,09-30 14:11,09-30 14:56,,9
did:key:z6MknU7FgYbAZGqWsg2ms1XbCQUr9EwyLEBujwsVaxpqvcLv,1376,1377,09-30 15:41,09-30 15:46,,1
did:key:z6MknU7FgYbAZGqWsg2ms1XbCQUr9EwyLEBujwsVaxpqvcLv,1379,1380,09-30 15:56,09-30 16:01,,1
did:key:z6MknU7FgYbAZGqWsg2ms1XbCQUr9EwyLEBujwsVaxpqvcLv,1395,1419,09-30 17:16,09-30 19:16,-42.29,24
did:key:z6MknU7FgYbAZGqWsg2ms1XbCQUr9EwyLEBujwsVaxpqvcLv,1421,1446,09-30 19:26,09-30 21:31,-42.48,25
did:key:z6MkoTC5xWCmtShPUudqRd3HFKWDwqaXVxBTMW2V1RZ9VSjs,1223,1233,09-30 02:56,09-30 03:46,-42.55,10
did:key:z6MkoTC5xWCmtShPUudqRd3HFKWDwqaXVxBTMW2V1RZ9VSjs,1242,1245,09-30 04:31,09-30 04:46,,3
did:key:z6MkoTC5xWCmtShPUudqRd3HFKWDwqaXVxBTMW2V1RZ9VSjs,1247,1260,09-30 04:56,09-30 06:01,-42.94,13
did:key:z6MkoTC5xWCmtShPUudqRd3HFKWDwqaXVxBTMW2V1RZ9VSjs,1307,1308,09-30 09:56,09-30 10:01,,1
did:key:z6MkoTC5xWCmtShPUudqRd3HFKWDwqaXVxBTMW2V1RZ9VSjs,1315,1316,09-30 10:36,09-30 10:41,,1
did:key:z6MkoTC5xWCmtShPUudqRd3HFKWDwqaXVxBTMW2V1RZ9VSjs,1323,1328,09-30 11:16,09-30 11:41,,5
did:key:z6MkoTC5xWCmtShPUudqRd3HFKWDwqaXVxBTMW2V1RZ9VSjs,1332,1336,09-30 12:01,09-30 12:21,,4
did:key:z6MkoTC5xWCmtShPUudqRd3HFKWDwqaXVxBTMW2V1RZ9VSjs,1339,1340,09-30 12:36,09-30 12:41,,1
did:key:z6MkoTC5xWCmtShPUudqRd3HFKWDwqaXVxBTMW2V1RZ9VSjs,1343,1344,09-30 12:56,09-30 13:01,,1
did:key:z6MkoTC5xWCmtShPUudqRd3HFKWDwqaXVxBTMW2V1RZ9VSjs,1360,1367,09-30 14:21,09-30 14:56,,7
did:key:z6MkoTC5xWCmtShPUudqRd3HFKWDwqaXVxBTMW2V1RZ9VSjs,1376,1379,09-30 15:41,09-30 15:56,,3
did:key:z6MkoTC5xWCmtShPUudqRd3HFKWDwqaXVxBTMW2V1RZ9VSjs,1396,1410,09-30 17:21,09-30 18:31,,14
did:key:z6MkoTC5xWCmtShPUudqRd3HFKWDwqaXVxBTMW2V1RZ9VSjs,1412,1413,09-30 18:41,09-30 18:46,,1
did:key:z6MkoTC5xWCmtShPUudqRd3HFKWDwqaXVxBTMW2V1RZ9VSjs,1417,1419,09-30 19:06,09-30 19:16,,2
did:key:z6MkoTC5xWCmtShPUudqRd3HFKWDwqaXVxBTMW2V1RZ9VSjs,1421,1425,09-30 19:26,09-30 19:46,,4
did:key:z6MkoTC5xWCmtShPUudqRd3HFKWDwqaXVxBTMW2V1RZ9VSjs,1427,1432,09-30 19:56,09-30 20:21,,5
did:key:z6MkoTC5xWCmtShPUudqRd3HFKWDwqaXVxBTMW2V1RZ9VSjs,1434,1435,09-30 20:31,09-30 20:36,,1
did:key:z6MkoTC5xWCmtShPUudqRd3HFKWDwqaXVxBTMW2V1RZ9VSjs,1437,1438,09-30 20:46,09-30 20:51,,1
did:key:z6MkoTC5xWCmtShPUudqRd3HFKWDwqaXVxBTMW2V1RZ9VSjs,1441,1446,09-30 21:06,09-30 21:31,,5
did:key:z6MkovN3iPR7wVeM3ypgHDs3HWiu56VzRMEoscMiwx6kLR55,1223,1231,09-30 02:56,09-30 03:36,-42.55,8
did:key:z6MkovN3iPR7wVeM3ypgHDs3HWiu56VzRMEoscMiwx6kLR55,1233,1234,09-30 03:46,09-30 03:51,,1
did:key:z6MkovN3iPR7wVeM3ypgHDs3HWiu56VzRMEoscMiwx6kLR55,1245,1258,09-30 04:46,09-30 05:51,-42.8,13
did:key:z6MkovN3iPR7wVeM3ypgHDs3HWiu56VzRMEoscMiwx6kLR55,1307,1308,09-30 09:56,09-30 10:01,,1
did:key:z6MkovN3iPR7wVeM3ypgHDs3HWiu56VzRMEoscMiwx6kLR55,1315,1317,09-30 10:36,09-30 10:46,,2
did:key:z6MkovN3iPR7wVeM3ypgHDs3HWiu56VzRMEoscMiwx6kLR55,1326,1328,09-30 11:31,09-30 11:41,,2
did:key:z6MkovN3iPR7wVeM3ypgHDs3HWiu56VzRMEoscMiwx6kLR55,1332,1335,09-30 12:01,09-30 12:16,,3
did:key:z6MkovN3iPR7wVeM3ypgHDs3HWiu56VzRMEoscMiwx6kLR55,1338,1340,09-30 12:31,09-30 12:41,,2
did:key:z6MkovN3iPR7wVeM3ypgHDs3HWiu56VzRMEoscMiwx6kLR55,1343,1344,09-30 12:56,09-30 13:01,,1
did:key:z6MkovN3iPR7wVeM3ypgHDs3HWiu56VzRMEoscMiwx6kLR55,1376,1377,09-30 15:41,09-30 15:46,,1
did:key:z6MkovN3iPR7wVeM3ypgHDs3HWiu56VzRMEoscMiwx6kLR55,1379,1380,09-30 15:56,09-30 16:01,,1
did:key:z6MkovN3iPR7wVeM3ypgHDs3HWiu56VzRMEoscMiwx6kLR55,1397,1399,09-30 17:26,09-30 17:36,,2
did:key:z6MkovN3iPR7wVeM3ypgHDs3HWiu56VzRMEoscMiwx6kLR55,1403,1405,09-30 17:56,09-30 18:06,,2
did:key:z6MkovN3iPR7wVeM3ypgHDs3HWiu56VzRMEoscMiwx6kLR55,1407,1419,09-30 18:16,09-30 19:16,,12
did:key:z6MkovN3iPR7wVeM3ypgHDs3HWiu56VzRMEoscMiwx6kLR55,1421,1426,09-30 19:26,09-30 19:51,,5
did:key:z6MkovN3iPR7wVeM3ypgHDs3HWiu56VzRMEoscMiwx6kLR55,1428,1434,09-30 20:01,09-30 20:31,,6
did:key:z6MkovN3iPR7wVeM3ypgHDs3HWiu56VzRMEoscMiwx6kLR55,1436,1445,09-30 20:41,09-30 21:26,-42.58,9
did:key:z6MktG65oZTVGHSfqxrMTzjFFX4Nq6uzThZ3w3aH3XuwB3gE,1243,1244,09-30 04:36,09-30 04:41,,1
did:key:z6MktG65oZTVGHSfqxrMTzjFFX4Nq6uzThZ3w3aH3XuwB3gE,1324,1325,09-30 11:21,09-30 11:26,,1
did:key:z6MktG65oZTVGHSfqxrMTzjFFX4Nq6uzThZ3w3aH3XuwB3gE,1336,1337,09-30 12:21,09-30 12:26,,1
did:key:z6MktG65oZTVGHSfqxrMTzjFFX4Nq6uzThZ3w3aH3XuwB3gE,1360,1366,09-30 14:21,09-30 14:53,,6
did:key:z6MktG65oZTVGHSfqxrMTzjFFX4Nq6uzThZ3w3aH3XuwB3gE,1426,1427,09-30 19:51,09-30 19:56,,1
did:key:z6MkpbnczBit5L6wc8bif2sziunU5N9ZGY7t9bPn9nY7NwFg,1410,1411,09-30 18:31,09-30 18:36,,1
did:key:z6MkpbnczBit5L6wc8bif2sziunU5N9ZGY7t9bPn9nY7NwFg,1439,1440,09-30 20:56,09-30 21:01,,1
did:key:z6MksQBTMxDSDddGBRptahQ7spZp45W4AGj5v4shNWxNbyr5,1236,1238,09-30 04:01,09-30 04:11,,2
did:key:z6MksQBTMxDSDddGBRptahQ7spZp45W4AGj5v4shNWxNbyr5,1263,1285,09-30 06:16,09-30 08:06,47.13,22
did:key:z6MksQBTMxDSDddGBRptahQ7spZp45W4AGj5v4shNWxNbyr5,1290,1306,09-30 08:31,09-30 09:51,46.78,16
did:key:z6MksQBTMxDSDddGBRptahQ7spZp45W4AGj5v4shNWxNbyr5,1309,1310,09-30 10:06,09-30 10:11,,1
did:key:z6MksQBTMxDSDddGBRptahQ7spZp45W4AGj5v4shNWxNbyr5,1320,1322,09-30 11:01,09-30 11:11,,2
did:key:z6MksQBTMxDSDddGBRptahQ7spZp45W4AGj5v4shNWxNbyr5,1349,1357,09-30 13:26,09-30 14:06,47.16,8
did:key:z6MksQBTMxDSDddGBRptahQ7spZp45W4AGj5v4shNWxNbyr5,1368,1375,09-30 15:01,09-30 15:36,,7
did:key:z6MksQBTMxDSDddGBRptahQ7spZp45W4AGj5v4shNWxNbyr5,1381,1394,09-30 16:06,09-30 17:11,46.94,13
did:key:z6MksQBTMxDSDddGBRptahQ7spZp45W4AGj5v4shNWxNbyr5,1451,1498,09-30 21:56,10-01 01:52,46.94,47
did:key:z6MksQBTMxDSDddGBRptahQ7spZp45W4AGj5v4shNWxNbyr5,1500,1509,10-01 02:02,10-01 02:46,46.94,9
did:key:z6MksQBTMxDSDddGBRptahQ7spZp45W4AGj5v4shNWxNbyr5,1512,1535,10-01 03:02,10-01 04:56,46.94,23
did:key:z6MksQBTMxDSDddGBRptahQ7spZp45W4AGj5v4shNWxNbyr5,1604,1605,10-01 10:41,10-01 10:49,,1
did:key:z6MksQBTMxDSDddGBRptahQ7spZp45W4AGj5v4shNWxNbyr5,1607,1643,10-01 10:56,10-01 13:56,46.95,36
did:key:z6MksQBTMxDSDddGBRptahQ7spZp45W4AGj5v4shNWxNbyr5,1645,1667,10-01 14:06,10-01 15:57,46.9,22
did:key:z6MksQBTMxDSDddGBRptahQ7spZp45W4AGj5v4shNWxNbyr5,1670,1672,10-01 16:12,10-01 16:22,,2
did:key:z6MksQBTMxDSDddGBRptahQ7spZp45W4AGj5v4shNWxNbyr5,1715,1717,10-01 19:57,10-01 20:07,,2
did:key:z6MksQBTMxDSDddGBRptahQ7spZp45W4AGj5v4shNWxNbyr5,1752,1753,10-01 23:02,10-01 23:07,,1
did:key:z6MksQBTMxDSDddGBRptahQ7spZp45W4AGj5v4shNWxNbyr5,1794,1799,10-02 02:32,10-02 02:57,,5
did:key:z6MksQBTMxDSDddGBRptahQ7spZp45W4AGj5v4shNWxNbyr5,1807,1809,10-02 03:37,10-02 03:47,,2
did:key:z6MksQBTMxDSDddGBRptahQ7spZp45W4AGj5v4shNWxNbyr5,1811,1825,10-02 03:57,10-02 05:07,46.87,14
did:key:z6MksQBTMxDSDddGBRptahQ7spZp45W4AGj5v4shNWxNbyr5,1827,1880,10-02 05:17,10-02 09:42,46.98,53
did:key:z6MksQBTMxDSDddGBRptahQ7spZp45W4AGj5v4shNWxNbyr5,1882,1980,10-02 09:52,10-02 18:02,46.82,98
did:key:z6MksQBTMxDSDddGBRptahQ7spZp45W4AGj5v4shNWxNbyr5,1981,1992,10-02 18:07,10-02 19:02,,11
did:key:z6MksQBTMxDSDddGBRptahQ7spZp45W4AGj5v4shNWxNbyr5,1994,1999,10-02 19:12,10-02 19:37,,5
did:key:z6MksQBTMxDSDddGBRptahQ7spZp45W4AGj5v4shNWxNbyr5,2001,2003,10-02 19:47,10-02 19:57,,2
did:key:z6MksQBTMxDSDddGBRptahQ7spZp45W4AGj5v4shNWxNbyr5,2056,2060,10-03 00:23,10-03 00:43,,4
did:key:z6MksQBTMxDSDddGBRptahQ7spZp45W4AGj5v4shNWxNbyr5,2079,2080,10-03 02:18,10-03 02:23,,1
did:key:z6MksQBTMxDSDddGBRptahQ7spZp45W4AGj5v4shNWxNbyr5,2083,2087,10-03 02:37,10-03 03:10,,4
did:key:z6MksQBTMxDSDddGBRptahQ7spZp45W4AGj5v4shNWxNbyr5,2089,2091,10-03 03:12,10-03 03:15,,2
did:key:z6MksQBTMxDSDddGBRptahQ7spZp45W4AGj5v4shNWxNbyr5,2095,2107,10-03 03:35,10-03 04:35,-46.06,12
did:key:z6MksQBTMxDSDddGBRptahQ7spZp45W4AGj5v4shNWxNbyr5,2109,2167,10-03 04:45,10-03 09:35,-45.52,58
did:key:z6MksRAAUio5Q8LgB4Lv7BvUYBTDtZZP61vCWtRREqhAdtkh,1236,1238,09-30 04:01,09-30 04:11,,2
did:key:z6MksRAAUio5Q8LgB4Lv7BvUYBTDtZZP61vCWtRREqhAdtkh,1263,1285,09-30 06:16,09-30 08:06,47.13,22
did:key:z6MksRAAUio5Q8LgB4Lv7BvUYBTDtZZP61vCWtRREqhAdtkh,1290,1306,09-30 08:31,09-30 09:51,46.78,16
did:key:z6MksRAAUio5Q8LgB4Lv7BvUYBTDtZZP61vCWtRREqhAdtkh,1309,1310,09-30 10:06,09-30 10:11,,1
did:key:z6MksRAAUio5Q8LgB4Lv7BvUYBTDtZZP61vCWtRREqhAdtkh,1320,1322,09-30 11:01,09-30 11:11,,2
did:key:z6MksRAAUio5Q8LgB4Lv7BvUYBTDtZZP61vCWtRREqhAdtkh,1349,1357,09-30 13:26,09-30 14:06,47.16,8
did:key:z6MksRAAUio5Q8LgB4Lv7BvUYBTDtZZP61vCWtRREqhAdtkh,1368,1375,09-30 15:01,09-30 15:36,,7
did:key:z6MksRAAUio5Q8LgB4Lv7BvUYBTDtZZP61vCWtRREqhAdtkh,1381,1394,09-30 16:06,09-30 17:11,46.94,13
did:key:z6MksRAAUio5Q8LgB4Lv7BvUYBTDtZZP61vCWtRREqhAdtkh,1451,1498,09-30 21:56,10-01 01:52,46.94,47
did:key:z6MksRAAUio5Q8LgB4Lv7BvUYBTDtZZP61vCWtRREqhAdtkh,1500,1509,10-01 02:02,10-01 02:46,46.94,9
did:key:z6MksRAAUio5Q8LgB4Lv7BvUYBTDtZZP61vCWtRREqhAdtkh,1512,1535,10-01 03:02,10-01 04:56,46.94,23
did:key:z6MksRAAUio5Q8LgB4Lv7BvUYBTDtZZP61vCWtRREqhAdtkh,1537,1590,10-01 05:06,10-01 09:31,-45.76,53
did:key:z6MksRAAUio5Q8LgB4Lv7BvUYBTDtZZP61vCWtRREqhAdtkh,1592,1593,10-01 09:41,10-01 09:46,,1
did:key:z6MksRAAUio5Q8LgB4Lv7BvUYBTDtZZP61vCWtRREqhAdtkh,1595,1596,10-01 09:56,10-01 10:01,,1
did:key:z6MksSFwSXNVuAm8ebBiLkh5GWxns27cDRKwG3iTbsQQZuP2,1263,1279,09-30 06:16,09-30 07:36,,16
did:key:z6MksSFwSXNVuAm8ebBiLkh5GWxns27cDRKwG3iTbsQQZuP2,1282,1284,09-30 07:51,09-30 08:01,,2
did:key:z6MksSFwSXNVuAm8ebBiLkh5GWxns27cDRKwG3iTbsQQZuP2,1293,1306,09-30 08:46,09-30 09:51,46.81,13
did:key:z6MksSFwSXNVuAm8ebBiLkh5GWxns27cDRKwG3iTbsQQZuP2,1309,1310,09-30 10:06,09-30 10:11,,1
did:key:z6MksSFwSXNVuAm8ebBiLkh5GWxns27cDRKwG3iTbsQQZuP2,1320,1322,09-30 11:01,09-30 11:11,,2
did:key:z6MksSFwSXNVuAm8ebBiLkh5GWxns27cDRKwG3iTbsQQZuP2,1349,1357,09-30 13:26,09-30 14:06,47.16,8
did:key:z6MksSFwSXNVuAm8ebBiLkh5GWxns27cDRKwG3iTbsQQZuP2,1369,1375,09-30 15:06,09-30 15:36,,6
did:key:z6MksSFwSXNVuAm8ebBiLkh5GWxns27cDRKwG3iTbsQQZuP2,1381,1391,09-30 16:06,09-30 16:56,,10
did:key:z6MksSFwSXNVuAm8ebBiLkh5GWxns27cDRKwG3iTbsQQZuP2,1451,1459,09-30 21:56,09-30 22:36,46.98,8
did:key:z6MksSFwSXNVuAm8ebBiLkh5GWxns27cDRKwG3iTbsQQZuP2,1460,1641,09-30 22:41,10-01 13:47,-45.84,181
did:key:z6MksSFwSXNVuAm8ebBiLkh5GWxns27cDRKwG3iTbsQQZuP2,1644,1650,10-01 14:02,10-01 14:32,,6
did:key:z6MksSFwSXNVuAm8ebBiLkh5GWxns27cDRKwG3iTbsQQZuP2,1653,1655,10-01 14:47,10-01 14:59,,2
did:key:z6MksSFwSXNVuAm8ebBiLkh5GWxns27cDRKwG3iTbsQQZuP2,1668,1751,10-01 16:02,10-01 22:57,-45.96,83
did:key:z6MksSFwSXNVuAm8ebBiLkh5GWxns27cDRKwG3iTbsQQZuP2,1753,1798,10-01 23:07,10-02 02:52,-45.83,45
did:key:z6MksSFwSXNVuAm8ebBiLkh5GWxns27cDRKwG3iTbsQQZuP2,1800,1807,10-02 03:02,10-02 03:37,,7
did:key:z6MksSFwSXNVuAm8ebBiLkh5GWxns27cDRKwG3iTbsQQZuP2,1814,1822,10-02 04:12,10-02 04:52,-46.2,8
did:key:z6MksSFwSXNVuAm8ebBiLkh5GWxns27cDRKwG3iTbsQQZuP2,1824,1861,10-02 05:02,10-02 08:07,-46.01,37
did:key:z6MksSFwSXNVuAm8ebBiLkh5GWxns27cDRKwG3iTbsQQZuP2,1863,1871,10-02 08:17,10-02 08:57,,8
did:key:z6MksSFwSXNVuAm8ebBiLkh5GWxns27cDRKwG3iTbsQQZuP2,1892,1895,10-02 10:42,10-02 10:57,,3
did:key:z6MksSFwSXNVuAm8ebBiLkh5GWxns27cDRKwG3iTbsQQZuP2,1901,1902,10-02 11:27,10-02 11:32,,1
did:key:z6MksSFwSXNVuAm8ebBiLkh5GWxns27cDRKwG3iTbsQQZuP2,1910,1912,10-02 12:12,10-02 12:22,,2
did:key:z6MksSFwSXNVuAm8ebBiLkh5GWxns27cDRKwG3iTbsQQZuP2,1916,1917,10-02 12:42,10-02 12:47,,1
did:key:z6MksSFwSXNVuAm8ebBiLkh5GWxns27cDRKwG3iTbsQQZuP2,1920,1923,10-02 13:02,10-02 13:17,,3
did:key:z6MksSFwSXNVuAm8ebBiLkh5GWxns27cDRKwG3iTbsQQZuP2,1930,1931,10-02 13:54,10-02 13:57,,1
did:key:z6MksSFwSXNVuAm8ebBiLkh5GWxns27cDRKwG3iTbsQQZuP2,1933,1937,10-02 14:07,10-02 14:27,,4
did:key:z6MksSFwSXNVuAm8ebBiLkh5GWxns27cDRKwG3iTbsQQZuP2,1939,1942,10-02 14:37,10-02 14:52,,3
did:key:z6MksSVWejuGNK6q2KDdB1f5UeLWbNzQ1A8eBg7kt3VKbdyr,1263,1279,09-30 06:16,09-30 07:36,,16
did:key:z6MksSVWejuGNK6q2KDdB1f5UeLWbNzQ1A8eBg7kt3VKbdyr,1282,1284,09-30 07:51,09-30 08:01,,2
did:key:z6MksSVWejuGNK6q2KDdB1f5UeLWbNzQ1A8eBg7kt3VKbdyr,1293,1306,09-30 08:46,09-30 09:51,46.81,13
did:key:z6MksSVWejuGNK6q2KDdB1f5UeLWbNzQ1A8eBg7kt3VKbdyr,1309,1310,09-30 10:06,09-30 10:11,,1
did:key:z6MksSVWejuGNK6q2KDdB1f5UeLWbNzQ1A8eBg7kt3VKbdyr,1320,1322,09-30 11:01,09-30 11:11,,2
did:key:z6MksSVWejuGNK6q2KDdB1f5UeLWbNzQ1A8eBg7kt3VKbdyr,1349,1357,09-30 13:26,09-30 14:06,47.16,8
did:key:z6MksSVWejuGNK6q2KDdB1f5UeLWbNzQ1A8eBg7kt3VKbdyr,1369,1375,09-30 15:06,09-30 15:36,,6
did:key:z6MksSVWejuGNK6q2KDdB1f5UeLWbNzQ1A8eBg7kt3VKbdyr,1381,1391,09-30 16:06,09-30 16:56,,10
did:key:z6MksSVWejuGNK6q2KDdB1f5UeLWbNzQ1A8eBg7kt3VKbdyr,1451,1459,09-30 21:56,09-30 22:36,46.98,8
did:key:z6MksSVWejuGNK6q2KDdB1f5UeLWbNzQ1A8eBg7kt3VKbdyr,1460,1641,09-30 22:41,10-01 13:47,-45.84,181
did:key:z6MksSVWejuGNK6q2KDdB1f5UeLWbNzQ1A8eBg7kt3VKbdyr,1645,1648,10-01 14:06,10-01 14:22,46.97,3
did:key:z6MksSVWejuGNK6q2KDdB1f5UeLWbNzQ1A8eBg7kt3VKbdyr,1651,1653,10-01 14:37,10-01 14:47,46.97,2
did:key:z6MksSVWejuGNK6q2KDdB1f5UeLWbNzQ1A8eBg7kt3VKbdyr,1655,1667,10-01 14:59,10-01 15:57,46.97,12
did:key:z6MksSVWejuGNK6q2KDdB1f5UeLWbNzQ1A8eBg7kt3VKbdyr,1670,1672,10-01 16:12,10-01 16:22,46.97,2
did:key:z6MksSVWejuGNK6q2KDdB1f5UeLWbNzQ1A8eBg7kt3VKbdyr,1796,1799,10-02 02:42,10-02 02:57,,3
did:key:z6MksSVWejuGNK6q2KDdB1f5UeLWbNzQ1A8eBg7kt3VKbdyr,1807,1809,10-02 03:37,10-02 03:47,,2
did:key:z6MksSVWejuGNK6q2KDdB1f5UeLWbNzQ1A8eBg7kt3VKbdyr,1811,1813,10-02 03:57,10-02 04:07,,2
did:key:z6MksSVWejuGNK6q2KDdB1f5UeLWbNzQ1A8eBg7kt3VKbdyr,1817,1819,10-02 04:27,10-02 04:37,,2
did:key:z6MksSVWejuGNK6q2KDdB1f5UeLWbNzQ1A8eBg7kt3VKbdyr,1821,1824,10-02 04:47,10-02 05:02,,3
did:key:z6MksSVWejuGNK6q2KDdB1f5UeLWbNzQ1A8eBg7kt3VKbdyr,1827,1839,10-02 05:17,10-02 06:17,,12
did:key:z6MksSVWejuGNK6q2KDdB1f5UeLWbNzQ1A8eBg7kt3VKbdyr,1841,1845,10-02 06:26,10-02 06:47,,4
did:key:z6MksSVWejuGNK6q2KDdB1f5UeLWbNzQ1A8eBg7kt3VKbdyr,1847,1848,10-02 06:57,10-02 07:02,,1
did:key:z6MksSVWejuGNK6q2KDdB1f5UeLWbNzQ1A8eBg7kt3VKbdyr,1850,1880,10-02 07:12,10-02 09:42,46.79,30
did:key:z6MksSVWejuGNK6q2KDdB1f5UeLWbNzQ1A8eBg7kt3VKbdyr,1882,2104,10-02 09:52,10-03 04:20,46.97,222
did:key:z6MksSVWejuGNK6q2KDdB1f5UeLWbNzQ1A8eBg7kt3VKbdyr,2106,2167,10-03 04:30,10-03 09:35,46.97,61
did:key:z6MksSgFNkwhKCf1e2asQzpkszVerqWjJbgvQe8cXFPkvbvk,1263,1279,09-30 06:16,09-30 07:36,,16
did:key:z6MksSgFNkwhKCf1e2asQzpkszVerqWjJbgvQe8cXFPkvbvk,1282,1284,09-30 07:51,09-30 08:01,,2
did:key:z6MksSgFNkwhKCf1e2asQzpkszVerqWjJbgvQe8cXFPkvbvk,1293,1306,09-30 08:46,09-30 09:51,46.81,13
did:key:z6MksSgFNkwhKCf1e2asQzpkszVerqWjJbgvQe8cXFPkvbvk,1309,1310,09-30 10:06,09-30 10:11,,1
did:key:z6MksSgFNkwhKCf1e2asQzpkszVerqWjJbgvQe8cXFPkvbvk,1320,1322,09-30 11:01,09-30 11:11,,2
did:key:z6MksSgFNkwhKCf1e2asQzpkszVerqWjJbgvQe8cXFPkvbvk,1349,1357,09-30 13:26,09-30 14:06,47.16,8
did:key:z6MksSgFNkwhKCf1e2asQzpkszVerqWjJbgvQe8cXFPkvbvk,1369,1375,09-30 15:06,09-30 15:36,,6
did:key:z6MksSgFNkwhKCf1e2asQzpkszVerqWjJbgvQe8cXFPkvbvk,1381,1391,09-30 16:06,09-30 16:56,,10
did:key:z6MksSgFNkwhKCf1e2asQzpkszVerqWjJbgvQe8cXFPkvbvk,1451,1459,09-30 21:56,09-30 22:36,46.98,8
did:key:z6MksSgFNkwhKCf1e2asQzpkszVerqWjJbgvQe8cXFPkvbvk,1460,1641,09-30 22:41,10-01 13:47,-45.84,181
did:key:z6MksSgFNkwhKCf1e2asQzpkszVerqWjJbgvQe8cXFPkvbvk,1645,1648,10-01 14:06,10-01 14:22,,3
did:key:z6MksSgFNkwhKCf1e2asQzpkszVerqWjJbgvQe8cXFPkvbvk,1651,1652,10-01 14:37,10-01 14:42,,1
did:key:z6MksSgFNkwhKCf1e2asQzpkszVerqWjJbgvQe8cXFPkvbvk,1655,1667,10-01 14:59,10-01 15:57,46.97,12
did:key:z6MksSgFNkwhKCf1e2asQzpkszVerqWjJbgvQe8cXFPkvbvk,1670,1671,10-01 16:12,10-01 16:17,,1
did:key:z6MksSgFNkwhKCf1e2asQzpkszVerqWjJbgvQe8cXFPkvbvk,1796,1799,10-02 02:42,10-02 02:57,,3
did:key:z6MksSgFNkwhKCf1e2asQzpkszVerqWjJbgvQe8cXFPkvbvk,1807,1809,10-02 03:37,10-02 03:47,,2
did:key:z6MksSgFNkwhKCf1e2asQzpkszVerqWjJbgvQe8cXFPkvbvk,1811,1813,10-02 03:57,10-02 04:07,,2
did:key:z6MksSgFNkwhKCf1e2asQzpkszVerqWjJbgvQe8cXFPkvbvk,1817,1819,10-02 04:27,10-02 04:37,,2
did:key:z6MksSgFNkwhKCf1e2asQzpkszVerqWjJbgvQe8cXFPkvbvk,1821,1824,10-02 04:47,10-02 05:02,,3
did:key:z6MksSgFNkwhKCf1e2asQzpkszVerqWjJbgvQe8cXFPkvbvk,1827,1839,10-02 05:17,10-02 06:17,,12
did:key:z6MksSgFNkwhKCf1e2asQzpkszVerqWjJbgvQe8cXFPkvbvk,1841,1845,10-02 06:26,10-02 06:47,,4
did:key:z6MksSgFNkwhKCf1e2asQzpkszVerqWjJbgvQe8cXFPkvbvk,1847,1848,10-02 06:57,10-02 07:02,,1
did:key:z6MksSgFNkwhKCf1e2asQzpkszVerqWjJbgvQe8cXFPkvbvk,1850,1880,10-02 07:12,10-02 09:42,46.79,30
did:key:z6MksSgFNkwhKCf1e2asQzpkszVerqWjJbgvQe8cXFPkvbvk,1882,1981,10-02 09:52,10-02 18:07,46.85,99
did:key:z6MksSgFNkwhKCf1e2asQzpkszVerqWjJbgvQe8cXFPkvbvk,1982,1990,10-02 18:12,10-02 18:52,,8
did:key:z6MksSgFNkwhKCf1e2asQzpkszVerqWjJbgvQe8cXFPkvbvk,1995,1999,10-02 19:17,10-02 19:37,,4
did:key:z6MksSgFNkwhKCf1e2asQzpkszVerqWjJbgvQe8cXFPkvbvk,2102,2107,10-03 04:11,10-03 04:35,,5
did:key:z6MksSgFNkwhKCf1e2asQzpkszVerqWjJbgvQe8cXFPkvbvk,2114,2115,10-03 05:10,10-03 05:15,,1
did:key:z6MksSgFNkwhKCf1e2asQzpkszVerqWjJbgvQe8cXFPkvbvk,2117,2118,10-03 05:25,10-03 05:30,,1
did:key:z6MksSgFNkwhKCf1e2asQzpkszVerqWjJbgvQe8cXFPkvbvk,2120,2125,10-03 05:40,10-03 06:05,,5
did:key:z6MksSgFNkwhKCf1e2asQzpkszVerqWjJbgvQe8cXFPkvbvk,2128,2155,10-03 06:20,10-03 08:35,-45.53,27
did:key:z6MksSgFNkwhKCf1e2asQzpkszVerqWjJbgvQe8cXFPkvbvk,2157,2158,10-03 08:45,10-03 08:51,,1
did:key:z6MksSgFNkwhKCf1e2asQzpkszVerqWjJbgvQe8cXFPkvbvk,2160,2161,10-03 09:03,10-03 09:05,,1
did:key:z6MksSgFNkwhKCf1e2asQzpkszVerqWjJbgvQe8cXFPkvbvk,2163,2164,10-03 09:15,10-03 09:20,,1
did:key:z6MkqjX3aMtr9eCWxdjnjdfgwPFMJXfwsweWumXsMfJz4JrK,1460,1472,09-30 22:41,09-30 23:42,46.14,12
did:key:z6MkqjX3aMtr9eCWxdjnjdfgwPFMJXfwsweWumXsMfJz4JrK,1477,1478,10-01 00:06,10-01 00:11,,1
did:key:z6MkqjX3aMtr9eCWxdjnjdfgwPFMJXfwsweWumXsMfJz4JrK,1487,1489,10-01 00:56,10-01 01:06,,2
did:key:z6MkqjX3aMtr9eCWxdjnjdfgwPFMJXfwsweWumXsMfJz4JrK,1515,1523,10-01 03:16,10-01 03:56,,8
did:key:z6MkqjX3aMtr9eCWxdjnjdfgwPFMJXfwsweWumXsMfJz4JrK,1525,1528,10-01 04:06,10-01 04:21,,3
did:key:z6MkqjdJLDUmnZt6ois5qSx5cyrxftJrt5yx8tvYz114BDyn,1460,1472,09-30 22:41,09-30 23:42,46.14,12
did:key:z6MkqjdJLDUmnZt6ois5qSx5cyrxftJrt5yx8tvYz114BDyn,1477,1478,10-01 00:06,10-01 00:11,,1
did:key:z6MkqjdJLDUmnZt6ois5qSx5cyrxftJrt5yx8tvYz114BDyn,1487,1489,10-01 00:56,10-01 01:06,,2
did:key:z6MkqjdJLDUmnZt6ois5qSx5cyrxftJrt5yx8tvYz114BDyn,1515,1523,10-01 03:16,10-01 03:56,,8
did:key:z6MkqjdJLDUmnZt6ois5qSx5cyrxftJrt5yx8tvYz114BDyn,1525,1528,10-01 04:06,10-01 04:21,,3
did:key:z6Mkqjk7E6vtXDGV4gD7yFefCZ94JYswciBRbkMCmUZKzhY9,1460,1472,09-30 22:41,09-30 23:42,46.14,12
did:key:z6Mkqjk7E6vtXDGV4gD7yFefCZ94JYswciBRbkMCmUZKzhY9,1477,1478,10-01 00:06,10-01 00:11,,1
did:key:z6Mkqjk7E6vtXDGV4gD7yFefCZ94JYswciBRbkMCmUZKzhY9,1487,1489,10-01 00:56,10-01 01:06,,2
did:key:z6Mkqjk7E6vtXDGV4gD7yFefCZ94JYswciBRbkMCmUZKzhY9,1515,1523,10-01 03:16,10-01 03:56,,8
did:key:z6Mkqjk7E6vtXDGV4gD7yFefCZ94JYswciBRbkMCmUZKzhY9,1525,1528,10-01 04:06,10-01 04:21,,3
did:key:z6Mkqk9WUSBjhZaZxbVtjx8AxG4wLmreqryDbJnEKGpowo9v,1460,1472,09-30 22:41,09-30 23:42,46.14,12
did:key:z6Mkqk9WUSBjhZaZxbVtjx8AxG4wLmreqryDbJnEKGpowo9v,1477,1478,10-01 00:06,10-01 00:11,,1
did:key:z6Mkqk9WUSBjhZaZxbVtjx8AxG4wLmreqryDbJnEKGpowo9v,1487,1489,10-01 00:56,10-01 01:06,,2
did:key:z6Mkqk9WUSBjhZaZxbVtjx8AxG4wLmreqryDbJnEKGpowo9v,1515,1523,10-01 03:16,10-01 03:56,,8
did:key:z6Mkqk9WUSBjhZaZxbVtjx8AxG4wLmreqryDbJnEKGpowo9v,1525,1528,10-01 04:06,10-01 04:21,,3
did:key:z6MkqkPYZLeR3gFyRpV5mcTofVrHiwPUUMQAnSj98WvoUtfT,1460,1472,09-30 22:41,09-30 23:42,46.14,12
did:key:z6MkqkPYZLeR3gFyRpV5mcTofVrHiwPUUMQAnSj98WvoUtfT,1477,1478,10-01 00:06,10-01 00:11,,1
did:key:z6MkqkPYZLeR3gFyRpV5mcTofVrHiwPUUMQAnSj98WvoUtfT,1487,1489,10-01 00:56,10-01 01:06,,2
did:key:z6MkqkPYZLeR3gFyRpV5mcTofVrHiwPUUMQAnSj98WvoUtfT,1515,1523,10-01 03:16,10-01 03:56,,8
did:key:z6MkqkPYZLeR3gFyRpV5mcTofVrHiwPUUMQAnSj98WvoUtfT,1525,1528,10-01 04:06,10-01 04:21,,3
did:key:z6MkqoaQBSiX1Qk6wAZWJrFVT6HQVKQP92eZDowd1scFrTzy,1479,1486,10-01 00:16,10-01 00:51,-45.03,7
did:key:z6MkqoaQBSiX1Qk6wAZWJrFVT6HQVKQP92eZDowd1scFrTzy,1490,1506,10-01 01:12,10-01 02:31,-44.67,16
did:key:z6MkqoaQBSiX1Qk6wAZWJrFVT6HQVKQP92eZDowd1scFrTzy,1507,1512,10-01 02:36,10-01 03:02,,5
did:key:z6MkqoaQBSiX1Qk6wAZWJrFVT6HQVKQP92eZDowd1scFrTzy,1530,1536,10-01 04:31,10-01 05:01,,6
did:key:z6MkqoaQBSiX1Qk6wAZWJrFVT6HQVKQP92eZDowd1scFrTzy,1603,1642,10-01 10:36,10-01 13:52,47.13,39
did:key:z6MkqoaQBSiX1Qk6wAZWJrFVT6HQVKQP92eZDowd1scFrTzy,1643,1655,10-01 13:56,10-01 14:59,-45.82,12
did:key:z6MkqoaQBSiX1Qk6wAZWJrFVT6HQVKQP92eZDowd1scFrTzy,1660,1662,10-01 15:22,10-01 15:32,,2
did:key:z6MkqoaQBSiX1Qk6wAZWJrFVT6HQVKQP92eZDowd1scFrTzy,1664,1748,10-01 15:42,10-01 22:42,-45.75,84
did:key:z6MkqoaQBSiX1Qk6wAZWJrFVT6HQVKQP92eZDowd1scFrTzy,1749,1807,10-01 22:47,10-02 03:37,-45.86,58
did:key:z6MkqoaQBSiX1Qk6wAZWJrFVT6HQVKQP92eZDowd1scFrTzy,1809,1810,10-02 03:47,10-02 03:52,,1
did:key:z6MkqoaQBSiX1Qk6wAZWJrFVT6HQVKQP92eZDowd1scFrTzy,1812,1877,10-02 04:02,10-02 09:27,-46.01,65
did:key:z6MkqoaQBSiX1Qk6wAZWJrFVT6HQVKQP92eZDowd1scFrTzy,1879,1969,10-02 09:37,10-02 17:07,-45.89,90
did:key:z6MkqobqcYu5gB7NvybcmBA8Bo2H4aj31pBcHWEjLcKbMg88,1510,1511,10-01 02:51,10-01 02:56,,1
did:key:z6MkqobqcYu5gB7NvybcmBA8Bo2H4aj31pBcHWEjLcKbMg88,1603,1642,10-01 10:36,10-01 13:52,47.13,39
did:key:z6MkqobqcYu5gB7NvybcmBA8Bo2H4aj31pBcHWEjLcKbMg88,1643,1655,10-01 13:56,10-01 14:59,-45.82,12
did:key:z6MkqobqcYu5gB7NvybcmBA8Bo2H4aj31pBcHWEjLcKbMg88,1660,1662,10-01 15:22,10-01 15:32,,2
did:key:z6MkqobqcYu5gB7NvybcmBA8Bo2H4aj31pBcHWEjLcKbMg88,1664,1748,10-01 15:42,10-01 22:42,-45.75,84
did:key:z6MkqobqcYu5gB7NvybcmBA8Bo2H4aj31pBcHWEjLcKbMg88,1749,1807,10-01 22:47,10-02 03:37,-45.86,58
did:key:z6MkqobqcYu5gB7NvybcmBA8Bo2H4aj31pBcHWEjLcKbMg88,1809,1810,10-02 03:47,10-02 03:52,,1
did:key:z6MkqobqcYu5gB7NvybcmBA8Bo2H4aj31pBcHWEjLcKbMg88,1812,1877,10-02 04:02,10-02 09:27,-46.01,65
did:key:z6MkqobqcYu5gB7NvybcmBA8Bo2H4aj31pBcHWEjLcKbMg88,1879,1969,10-02 09:37,10-02 17:07,-45.89,90
did:key:z6MkqobqcYu5gB7NvybcmBA8Bo2H4aj31pBcHWEjLcKbMg88,2007,2012,10-02 20:17,10-02 20:42,,5
did:key:z6MkqobqcYu5gB7NvybcmBA8Bo2H4aj31pBcHWEjLcKbMg88,2015,2033,10-02 20:57,10-02 22:27,46.04,18
did:key:z6MkqobqcYu5gB7NvybcmBA8Bo2H4aj31pBcHWEjLcKbMg88,2035,2040,10-02 22:38,10-02 23:03,46.19,5
did:key:z6MkqobqcYu5gB7NvybcmBA8Bo2H4aj31pBcHWEjLcKbMg88,2041,2053,10-02 23:07,10-03 00:08,46.28,12
did:key:z6MkqobqcYu5gB7NvybcmBA8Bo2H4aj31pBcHWEjLcKbMg88,2067,2073,10-03 01:18,10-03 01:47,,6
did:key:z6Mkqo5YutjepP1cGZHjrzddRwBRJFEpiydmgbGXQnfusnQq,1510,1511,10-01 02:51,10-01 02:56,,1
did:key:z6Mkqo5YutjepP1cGZHjrzddRwBRJFEpiydmgbGXQnfusnQq,1536,1593,10-01 05:01,10-01 09:46,-44.95,57
did:key:z6Mkqo5YutjepP1cGZHjrzddRwBRJFEpiydmgbGXQnfusnQq,1595,1597,10-01 09:56,10-01 10:06,,2
did:key:z6Mkqo5YutjepP1cGZHjrzddRwBRJFEpiydmgbGXQnfusnQq,1599,1602,10-01 10:16,10-01 10:32,,3
did:key:z6MkqoWpu9rApgdNcfxLaGAmzRQnpcf2gSWjT6o4ysLTq5gE,1603,1674,10-01 10:36,10-01 16:32,47.12,71
did:key:z6MkqoWpu9rApgdNcfxLaGAmzRQnpcf2gSWjT6o4ysLTq5gE,1693,1704,10-01 18:07,10-01 19:02,47.12,11
did:key:z6MkqoWpu9rApgdNcfxLaGAmzRQnpcf2gSWjT6o4ysLTq5gE,1710,1718,10-01 19:32,10-01 20:12,47.12,8
did:key:z6MkqoWpu9rApgdNcfxLaGAmzRQnpcf2gSWjT6o4ysLTq5gE,1749,1753,10-01 22:47,10-01 23:07,47.12,4
did:key:z6MkqoWpu9rApgdNcfxLaGAmzRQnpcf2gSWjT6o4ysLTq5gE,1783,1785,10-02 01:37,10-02 01:47,47.12,2
did:key:z6MkqoWpu9rApgdNcfxLaGAmzRQnpcf2gSWjT6o4ysLTq5gE,1787,1788,10-02 01:57,10-02 02:02,47.12,1
did:key:z6MkqoWpu9rApgdNcfxLaGAmzRQnpcf2gSWjT6o4ysLTq5gE,1790,1809,10-02 02:12,10-02 03:47,47.12,19
did:key:z6MkqoWpu9rApgdNcfxLaGAmzRQnpcf2gSWjT6o4ysLTq5gE,1811,1980,10-02 03:57,10-02 18:02,47.12,169
did:key:z6MkqoWpu9rApgdNcfxLaGAmzRQnpcf2gSWjT6o4ysLTq5gE,1981,1997,10-02 18:07,10-02 19:27,-45.51,16
did:key:z6MkqoWpu9rApgdNcfxLaGAmzRQnpcf2gSWjT6o4ysLTq5gE,1998,2008,10-02 19:32,10-02 20:22,-45.93,10
did:key:z6MkqoWpu9rApgdNcfxLaGAmzRQnpcf2gSWjT6o4ysLTq5gE,2013,2014,10-02 20:47,10-02 20:52,,1
did:key:z6MkqoWpu9rApgdNcfxLaGAmzRQnpcf2gSWjT6o4ysLTq5gE,2054,2066,10-03 00:13,10-03 01:13,-45.88,12
did:key:z6MkqoWpu9rApgdNcfxLaGAmzRQnpcf2gSWjT6o4ysLTq5gE,2074,2075,10-03 01:53,10-03 01:58,,1
did:key:z6MkqoWpu9rApgdNcfxLaGAmzRQnpcf2gSWjT6o4ysLTq5gE,2077,2167,10-03 02:08,10-03 09:35,-45.95,90
did:key:z6Mks2Pnc4LCqA79V9Qvm8ZQxGreMqncrNnfiDUUkYQdxQZd,1536,1593,10-01 05:01,10-01 09:46,-44.89,57
did:key:z6Mks2Pnc4LCqA79V9Qvm8ZQxGreMqncrNnfiDUUkYQdxQZd,1595,1596,10-01 09:56,10-01 10:01,,1
did:key:z6MkqnPz3XJ4RV27W5rt7Lr1AkyAfc3436PzXSMqPBySi628,1537,1590,10-01 05:06,10-01 09:31,-44.81,53
did:key:z6MkqnPz3XJ4RV27W5rt7Lr1AkyAfc3436PzXSMqPBySi628,1592,1593,10-01 09:41,10-01 09:46,,1
did:key:z6MkqnPz3XJ4RV27W5rt7Lr1AkyAfc3436PzXSMqPBySi628,1595,1596,10-01 09:56,10-01 10:01,,1
did:key:z6MkqniBBKXyTSABJbDijm5fSjNDcWpeC97UGiwqLZ59fSMY,1537,1567,10-01 05:06,10-01 07:36,-44.74,30
did:key:z6MkqniBBKXyTSABJbDijm5fSjNDcWpeC97UGiwqLZ59fSMY,1571,1590,10-01 07:56,10-01 09:31,-44.9,19
did:key:z6MkqnkKqAoBUEApST4BUutS7MxHBQBvhaT44ADMaXrQysDv,1537,1567,10-01 05:06,10-01 07:36,-44.74,30
did:key:z6MkqnkKqAoBUEApST4BUutS7MxHBQBvhaT44ADMaXrQysDv,1571,1590,10-01 07:56,10-01 09:31,-44.9,19
did:key:z6Mks3UCGikoioiHaPVU1NrX1n7wTfEGNSvH1xEGCLAJoh1W,1604,1642,10-01 10:41,10-01 13:52,47.02,38
did:key:z6Mks3UCGikoioiHaPVU1NrX1n7wTfEGNSvH1xEGCLAJoh1W,1644,1650,10-01 14:02,10-01 14:32,,6
did:key:z6Mks3UCGikoioiHaPVU1NrX1n7wTfEGNSvH1xEGCLAJoh1W,1653,1655,10-01 14:47,10-01 14:59,,2
did:key:z6Mks3UCGikoioiHaPVU1NrX1n7wTfEGNSvH1xEGCLAJoh1W,1668,1798,10-01 16:02,10-02 02:52,-46.0,130
did:key:z6Mks3UCGikoioiHaPVU1NrX1n7wTfEGNSvH1xEGCLAJoh1W,1800,1807,10-02 03:02,10-02 03:37,,7
did:key:z6Mks3UCGikoioiHaPVU1NrX1n7wTfEGNSvH1xEGCLAJoh1W,1814,1876,10-02 04:12,10-02 09:22,-46.25,62
did:key:z6Mks3UCGikoioiHaPVU1NrX1n7wTfEGNSvH1xEGCLAJoh1W,1883,1885,10-02 09:57,10-02 10:07,,2
did:key:z6Mks3UCGikoioiHaPVU1NrX1n7wTfEGNSvH1xEGCLAJoh1W,1887,1888,10-02 10:17,10-02 10:22,,1
did:key:z6Mks3UCGikoioiHaPVU1NrX1n7wTfEGNSvH1xEGCLAJoh1W,1890,1896,10-02 10:32,10-02 11:02,,6
did:key:z6Mks3UCGikoioiHaPVU1NrX1n7wTfEGNSvH1xEGCLAJoh1W,1899,1903,10-02 11:17,10-02 11:37,,4
did:key:z6Mks3UCGikoioiHaPVU1NrX1n7wTfEGNSvH1xEGCLAJoh1W,1905,1906,10-02 11:47,10-02 11:52,,1
did:key:z6Mks3UCGikoioiHaPVU1NrX1n7wTfEGNSvH1xEGCLAJoh1W,1910,1913,10-02 12:12,10-02 12:27,,3
did:key:z6Mks3UCGikoioiHaPVU1NrX1n7wTfEGNSvH1xEGCLAJoh1W,1915,1918,10-02 12:37,10-02 12:55,,3
did:key:z6Mks3UCGikoioiHaPVU1NrX1n7wTfEGNSvH1xEGCLAJoh1W,1920,1946,10-02 13:02,10-02 15:12,-45.52,26
did:key:z6Mks3UCGikoioiHaPVU1NrX1n7wTfEGNSvH1xEGCLAJoh1W,1950,1958,10-02 15:32,10-02 16:12,,8
did:key:z6Mks3UCGikoioiHaPVU1NrX1n7wTfEGNSvH1xEGCLAJoh1W,2029,2030,10-02 22:07,10-02 22:12,,1
did:key:z6Mkqo9aN6PaJbbM2rc9vdMy4URzH7acQV3Kwaycq7qo7Up6,1604,1605,10-01 10:41,10-01 10:49,,1
did:key:z6Mkqo9aN6PaJbbM2rc9vdMy4URzH7acQV3Kwaycq7qo7Up6,1607,1667,10-01 10:56,10-01 15:57,47.01,60
did:key:z6Mkqo9aN6PaJbbM2rc9vdMy4URzH7acQV3Kwaycq7qo7Up6,1669,1672,10-01 16:07,10-01 16:22,47.01,3
did:key:z6Mkqo9aN6PaJbbM2rc9vdMy4URzH7acQV3Kwaycq7qo7Up6,1715,1717,10-01 19:57,10-01 20:07,47.01,2
did:key:z6Mkqo9aN6PaJbbM2rc9vdMy4URzH7acQV3Kwaycq7qo7Up6,1749,1753,10-01 22:47,10-01 23:07,47.01,4
did:key:z6Mkqo9aN6PaJbbM2rc9vdMy4URzH7acQV3Kwaycq7qo7Up6,1794,1800,10-02 02:32,10-02 03:02,47.01,6
did:key:z6Mkqo9aN6PaJbbM2rc9vdMy4URzH7acQV3Kwaycq7qo7Up6,1806,1809,10-02 03:32,10-02 03:47,47.01,3
did:key:z6Mkqo9aN6PaJbbM2rc9vdMy4URzH7acQV3Kwaycq7qo7Up6,1811,1825,10-02 03:57,10-02 05:07,47.01,14
did:key:z6Mkqo9aN6PaJbbM2rc9vdMy4URzH7acQV3Kwaycq7qo7Up6,1827,2167,10-02 05:17,10-03 09:35,47.01,340
did:key:z6MkuWkvsVaGxDSd4aK1fDATfN5xioKaHyErsDHSHv7bwEcF,1649,1650,10-01 14:27,10-01 14:32,,1
did:key:z6MkuWkvsVaGxDSd4aK1fDATfN5xioKaHyErsDHSHv7bwEcF,1653,1654,10-01 14:47,10-01 14:52,,1
did:key:z6MkuWkvsVaGxDSd4aK1fDATfN5xioKaHyErsDHSHv7bwEcF,1668,1669,10-01 16:02,10-01 16:07,,1
did:key:z6MkuWkvsVaGxDSd4aK1fDATfN5xioKaHyErsDHSHv7bwEcF,1672,1699,10-01 16:22,10-01 18:38,-45.86,27
did:key:z6MkuWkvsVaGxDSd4aK1fDATfN5xioKaHyErsDHSHv7bwEcF,1701,1749,10-01 18:47,10-01 22:47,-45.77,48
did:key:z6MkuWkvsVaGxDSd4aK1fDATfN5xioKaHyErsDHSHv7bwEcF,1753,1769,10-01 23:07,10-02 00:27,-45.71,16
did:key:z6MkuWkvsVaGxDSd4aK1fDATfN5xioKaHyErsDHSHv7bwEcF,1771,1788,10-02 00:37,10-02 02:02,-46.08,17
did:key:z6MkuWkvsVaGxDSd4aK1fDATfN5xioKaHyErsDHSHv7bwEcF,1789,1795,10-02 02:07,10-02 02:37,,6
did:key:z6MkuWkvsVaGxDSd4aK1fDATfN5xioKaHyErsDHSHv7bwEcF,1800,1806,10-02 03:02,10-02 03:32,,6
did:key:z6MkuWkvsVaGxDSd4aK1fDATfN5xioKaHyErsDHSHv7bwEcF,1825,1826,10-02 05:07,10-02 05:12,,1
did:key:z6Mks2yiSD3KrYUje6FyrYUJnFGwBvvTss366o7ZD6ZVBREF,1642,1643,10-01 13:52,10-01 13:56,,1
did:key:z6Mks2yiSD3KrYUje6FyrYUJnFGwBvvTss366o7ZD6ZVBREF,1651,1652,10-01 14:37,10-01 14:42,,1
did:key:z6Mks2yiSD3KrYUje6FyrYUJnFGwBvvTss366o7ZD6ZVBREF,1656,1667,10-01 15:02,10-01 15:57,46.95,11
did:key:z6Mks2yiSD3KrYUje6FyrYUJnFGwBvvTss366o7ZD6ZVBREF,1808,1809,10-02 03:42,10-02 03:47,,1
did:key:z6Mks2yiSD3KrYUje6FyrYUJnFGwBvvTss366o7ZD6ZVBREF,1877,1878,10-02 09:27,10-02 09:32,,1
did:key:z6Mks2yiSD3KrYUje6FyrYUJnFGwBvvTss366o7ZD6ZVBREF,1897,1898,10-02 11:07,10-02 11:12,,1
did:key:z6Mks2yiSD3KrYUje6FyrYUJnFGwBvvTss366o7ZD6ZVBREF,1947,1949,10-02 15:17,10-02 15:27,,2
did:key:z6Mks2yiSD3KrYUje6FyrYUJnFGwBvvTss366o7ZD6ZVBREF,1959,2082,10-02 16:17,10-03 02:33,46.96,123
did:key:z6Mks2yiSD3KrYUje6FyrYUJnFGwBvvTss366o7ZD6ZVBREF,2084,2104,10-03 02:42,10-03 04:20,46.89,20
did:key:z6Mks2yiSD3KrYUje6FyrYUJnFGwBvvTss366o7ZD6ZVBREF,2107,2135,10-03 04:35,10-03 06:55,46.88,28
did:key:z6Mks2yiSD3KrYUje6FyrYUJnFGwBvvTss366o7ZD6ZVBREF,2137,2167,10-03 07:05,10-03 09:35,46.88,30
did:key:z6Mkre3Ven15djTHA2tT1bxP998Ddm6ECqgDTqEAsWNCrnFB,1651,1652,10-01 14:37,10-01 14:42,,1
did:key:z6Mkre3Ven15djTHA2tT1bxP998Ddm6ECqgDTqEAsWNCrnFB,1656,1664,10-01 15:02,10-01 15:42,,8
did:key:z6Mkre3Ven15djTHA2tT1bxP998Ddm6ECqgDTqEAsWNCrnFB,1666,1667,10-01 15:52,10-01 15:57,,1
did:key:z6Mkre3Ven15djTHA2tT1bxP998Ddm6ECqgDTqEAsWNCrnFB,1808,1809,10-02 03:42,10-02 03:47,,1
did:key:z6Mkre3Ven15djTHA2tT1bxP998Ddm6ECqgDTqEAsWNCrnFB,1877,1878,10-02 09:27,10-02 09:32,,1
did:key:z6Mkre3Ven15djTHA2tT1bxP998Ddm6ECqgDTqEAsWNCrnFB,1947,1948,10-02 15:17,10-02 15:22,,1
did:key:z6Mkre3Ven15djTHA2tT1bxP998Ddm6ECqgDTqEAsWNCrnFB,1960,1961,10-02 16:22,10-02 16:27,,1
did:key:z6Mkre3Ven15djTHA2tT1bxP998Ddm6ECqgDTqEAsWNCrnFB,1964,1981,10-02 16:42,10-02 18:07,46.96,17
did:key:z6Mkre3Ven15djTHA2tT1bxP998Ddm6ECqgDTqEAsWNCrnFB,1982,1983,10-02 18:12,10-02 18:17,,1
did:key:z6Mkre3Ven15djTHA2tT1bxP998Ddm6ECqgDTqEAsWNCrnFB,1997,1999,10-02 19:27,10-02 19:37,,2
did:key:z6MkreePfDMAhBE94B7ZVZdt1fWJm7eyDdBUrTbfZZE9vyTd,1668,1669,10-01 16:02,10-01 16:07,,1
did:key:z6MkreePfDMAhBE94B7ZVZdt1fWJm7eyDdBUrTbfZZE9vyTd,1673,1697,10-01 16:27,10-01 18:27,-45.82,24
did:key:z6MkreePfDMAhBE94B7ZVZdt1fWJm7eyDdBUrTbfZZE9vyTd,1701,1714,10-01 18:47,10-01 19:52,,13
did:key:z6MkreePfDMAhBE94B7ZVZdt1fWJm7eyDdBUrTbfZZE9vyTd,1718,1748,10-01 20:12,10-01 22:42,-45.59,30
did:key:z6MkreePfDMAhBE94B7ZVZdt1fWJm7eyDdBUrTbfZZE9vyTd,1749,1749,10-01 22:47,10-01 22:47,,0
did:key:z6MkreePfDMAhBE94B7ZVZdt1fWJm7eyDdBUrTbfZZE9vyTd,1754,1769,10-01 23:12,10-02 00:27,-45.69,15
did:key:z6MkreePfDMAhBE94B7ZVZdt1fWJm7eyDdBUrTbfZZE9vyTd,1771,1783,10-02 00:37,10-02 01:37,-46.02,12
did:key:z6MkreePfDMAhBE94B7ZVZdt1fWJm7eyDdBUrTbfZZE9vyTd,1785,1793,10-02 01:47,10-02 02:27,-45.31,8
did:key:z6MkreePfDMAhBE94B7ZVZdt1fWJm7eyDdBUrTbfZZE9vyTd,1800,1806,10-02 03:02,10-02 03:32,,6
did:key:z6MksGsx1QPKQSarmoNUiTfAb2FCQDLKHwkiEkcbuAgjmHze,1668,1669,10-01 16:02,10-01 16:07,,1
did:key:z6MksGsx1QPKQSarmoNUiTfAb2FCQDLKHwkiEkcbuAgjmHze,1673,1697,10-01 16:27,10-01 18:27,-45.81,24
did:key:z6MksGsx1QPKQSarmoNUiTfAb2FCQDLKHwkiEkcbuAgjmHze,1701,1714,10-01 18:47,10-01 19:52,,13
did:key:z6MksGsx1QPKQSarmoNUiTfAb2FCQDLKHwkiEkcbuAgjmHze,1718,1749,10-01 20:12,10-01 22:47,-45.59,31
did:key:z6MksGsx1QPKQSarmoNUiTfAb2FCQDLKHwkiEkcbuAgjmHze,1754,1769,10-01 23:12,10-02 00:27,-45.69,15
did:key:z6MksGsx1QPKQSarmoNUiTfAb2FCQDLKHwkiEkcbuAgjmHze,1771,1783,10-02 00:37,10-02 01:37,-46.01,12
did:key:z6MksGsx1QPKQSarmoNUiTfAb2FCQDLKHwkiEkcbuAgjmHze,1785,1790,10-02 01:47,10-02 02:12,,5
did:key:z6MksGsx1QPKQSarmoNUiTfAb2FCQDLKHwkiEkcbuAgjmHze,1792,1793,10-02 02:22,10-02 02:27,,1
did:key:z6MksGsx1QPKQSarmoNUiTfAb2FCQDLKHwkiEkcbuAgjmHze,1801,1805,10-02 03:07,10-02 03:28,,4
did:key:z6MkrdcD9j1T78yGcfQcCNXEw7KcMHgqnu3WTbSCAU4XNtcA,1656,1661,10-01 15:02,10-01 15:27,,5
did:key:z6MkrdcD9j1T78yGcfQcCNXEw7KcMHgqnu3WTbSCAU4XNtcA,1970,2016,10-02 17:12,10-02 21:02,46.94,46
did:key:z6MkrdcD9j1T78yGcfQcCNXEw7KcMHgqnu3WTbSCAU4XNtcA,2017,2078,10-02 21:07,10-03 02:12,46.68,61
did:key:z6MkrdcD9j1T78yGcfQcCNXEw7KcMHgqnu3WTbSCAU4XNtcA,2080,2082,10-03 02:23,10-03 02:33,,2
did:key:z6MkrdcD9j1T78yGcfQcCNXEw7KcMHgqnu3WTbSCAU4XNtcA,2084,2085,10-03 02:42,10-03 03:09,,1
did:key:z6MkrdcD9j1T78yGcfQcCNXEw7KcMHgqnu3WTbSCAU4XNtcA,2087,2092,10-03 03:10,10-03 03:20,,5
did:key:z6MkrdcD9j1T78yGcfQcCNXEw7KcMHgqnu3WTbSCAU4XNtcA,2098,2099,10-03 03:50,10-03 03:55,,1
did:key:z6MkrdcD9j1T78yGcfQcCNXEw7KcMHgqnu3WTbSCAU4XNtcA,2107,2113,10-03 04:35,10-03 05:05,,6
did:key:z6MkrdcD9j1T78yGcfQcCNXEw7KcMHgqnu3WTbSCAU4XNtcA,2126,2127,10-03 06:10,10-03 06:15,,1
did:key:z6MkrdcD9j1T78yGcfQcCNXEw7KcMHgqnu3WTbSCAU4XNtcA,2165,2167,10-03 09:25,10-03 09:35,,2
did:key:z6MkimwxdEEq5ufYhiNZhEs7mXymvpw4n4Qnr3RKq4b6g8Nd,1658,1659,10-01 15:12,10-01 15:16,,1
did:key:z6MkimwxdEEq5ufYhiNZhEs7mXymvpw4n4Qnr3RKq4b6g8Nd,1970,1973,10-02 17:12,10-02 17:27,,3
did:key:z6MkwekbumrfekbFzCWtfZoSeXym4w1WPTEDzEvh8qCVmNWC,1658,1659,10-01 15:12,10-01 15:16,,1
did:key:z6MkwekbumrfekbFzCWtfZoSeXym4w1WPTEDzEvh8qCVmNWC,1970,1996,10-02 17:12,10-02 19:22,46.86,26
did:key:z6MkwekbumrfekbFzCWtfZoSeXym4w1WPTEDzEvh8qCVmNWC,1997,2025,10-02 19:27,10-02 21:47,46.75,28
did:key:z6MkwekbumrfekbFzCWtfZoSeXym4w1WPTEDzEvh8qCVmNWC,2026,2040,10-02 21:52,10-02 23:03,46.54,14
did:key:z6MkwekbumrfekbFzCWtfZoSeXym4w1WPTEDzEvh8qCVmNWC,2041,2078,10-02 23:07,10-03 02:12,46.59,37
did:key:z6MkwekbumrfekbFzCWtfZoSeXym4w1WPTEDzEvh8qCVmNWC,2080,2082,10-03 02:23,10-03 02:33,,2
did:key:z6MkwekbumrfekbFzCWtfZoSeXym4w1WPTEDzEvh8qCVmNWC,2084,2085,10-03 02:42,10-03 03:09,,1
did:key:z6MkwekbumrfekbFzCWtfZoSeXym4w1WPTEDzEvh8qCVmNWC,2087,2092,10-03 03:10,10-03 03:20,,5
did:key:z6MkwekbumrfekbFzCWtfZoSeXym4w1WPTEDzEvh8qCVmNWC,2110,2111,10-03 04:50,10-03 04:55,,1
did:key:z6Mkp8vFDYDyUpgAFmTUpGDdkLQA3B9q6pnnANFWJ7Sy8tME,1970,1981,10-02 17:12,10-02 18:07,,11
did:key:z6Mkp8bjNkaFXWN7izdEzwrHa63GY7e6LReNKA2r7ob9p8Uw,1970,1996,10-02 17:12,10-02 19:22,46.88,26
did:key:z6Mkp8bjNkaFXWN7izdEzwrHa63GY7e6LReNKA2r7ob9p8Uw,1997,2025,10-02 19:27,10-02 21:47,46.77,28
did:key:z6Mkp8bjNkaFXWN7izdEzwrHa63GY7e6LReNKA2r7ob9p8Uw,2026,2078,10-02 21:52,10-03 02:12,46.56,52
did:key:z6Mkp8bjNkaFXWN7izdEzwrHa63GY7e6LReNKA2r7ob9p8Uw,2081,2082,10-03 02:28,10-03 02:33,,1
did:key:z6Mkp8bjNkaFXWN7izdEzwrHa63GY7e6LReNKA2r7ob9p8Uw,2088,2092,10-03 03:12,10-03 03:20,,4
did:key:z6MkwfjnM1UVmrko7ErohwgrVtJaDW7kS9cz1f26PSDypRe2,1673,1693,10-01 16:27,10-01 18:07,-45.64,20
did:key:z6MkwfjnM1UVmrko7ErohwgrVtJaDW7kS9cz1f26PSDypRe2,1703,1711,10-01 18:57,10-01 19:37,,8
did:key:z6MkwfjnM1UVmrko7ErohwgrVtJaDW7kS9cz1f26PSDypRe2,1713,1714,10-01 19:47,10-01 19:52,,1
did:key:z6MkwfjnM1UVmrko7ErohwgrVtJaDW7kS9cz1f26PSDypRe2,1718,1748,10-01 20:12,10-01 22:42,-45.41,30
did:key:z6MkwfjnM1UVmrko7ErohwgrVtJaDW7kS9cz1f26PSDypRe2,1754,1769,10-01 23:12,10-02 00:27,-45.5,15
did:key:z6MkwfjnM1UVmrko7ErohwgrVtJaDW7kS9cz1f26PSDypRe2,1771,1782,10-02 00:37,10-02 01:32,-45.82,11
did:key:z6MkwfjnM1UVmrko7ErohwgrVtJaDW7kS9cz1f26PSDypRe2,1786,1787,10-02 01:52,10-02 01:57,,1
did:key:z6MkwfjnM1UVmrko7ErohwgrVtJaDW7kS9cz1f26PSDypRe2,1803,1804,10-02 03:17,10-02 03:22,,1
did:key:z6Mkwfr3JnYxvbvsGeBjxLWh88zFoFKDHZKHT4T6eHYQchJz,1673,1693,10-01 16:27,10-01 18:07,-45.64,20
did:key:z6Mkwfr3JnYxvbvsGeBjxLWh88zFoFKDHZKHT4T6eHYQchJz,1703,1711,10-01 18:57,10-01 19:37,,8
did:key:z6Mkwfr3JnYxvbvsGeBjxLWh88zFoFKDHZKHT4T6eHYQchJz,1719,1748,10-01 20:17,10-01 22:42,-45.49,29
did:key:z6Mkwfr3JnYxvbvsGeBjxLWh88zFoFKDHZKHT4T6eHYQchJz,1754,1769,10-01 23:12,10-02 00:27,-45.5,15
did:key:z6Mkwfr3JnYxvbvsGeBjxLWh88zFoFKDHZKHT4T6eHYQchJz,1771,1782,10-02 00:37,10-02 01:32,-45.82,11
did:key:z6Mkwfr3JnYxvbvsGeBjxLWh88zFoFKDHZKHT4T6eHYQchJz,1785,1786,10-02 01:47,10-02 01:52,,1
did:key:z6Mkwfr3JnYxvbvsGeBjxLWh88zFoFKDHZKHT4T6eHYQchJz,1788,1790,10-02 02:02,10-02 02:12,,2
did:key:z6Mkp9aahk1vwTpiZF4aGwKBwSbFKhbGLk659FJVLQxmG9EZ,1675,1692,10-01 16:37,10-01 18:02,-45.85,17
did:key:z6Mkp9aahk1vwTpiZF4aGwKBwSbFKhbGLk659FJVLQxmG9EZ,1707,1709,10-01 19:17,10-01 19:27,,2
did:key:z6Mkp9aahk1vwTpiZF4aGwKBwSbFKhbGLk659FJVLQxmG9EZ,1719,1748,10-01 20:17,10-01 22:42,-45.64,29
did:key:z6Mkp9aahk1vwTpiZF4aGwKBwSbFKhbGLk659FJVLQxmG9EZ,1754,1759,10-01 23:12,10-01 23:37,-45.65,5
did:key:z6Mkp9aahk1vwTpiZF4aGwKBwSbFKhbGLk659FJVLQxmG9EZ,1761,1769,10-01 23:47,10-02 00:27,-45.73,8
did:key:z6Mkp9aahk1vwTpiZF4aGwKBwSbFKhbGLk659FJVLQxmG9EZ,1771,1782,10-02 00:37,10-02 01:32,-45.98,11
did:key:z6MkinUjaoW3hfvvwzC3MuAiMgNVtNooDrHLZ5ikEpPYjaXt,1676,1680,10-01 16:42,10-01 17:02,,4
did:key:z6MkinUjaoW3hfvvwzC3MuAiMgNVtNooDrHLZ5ikEpPYjaXt,1682,1688,10-01 17:12,10-01 17:42,,6
did:key:z6MkinUjaoW3hfvvwzC3MuAiMgNVtNooDrHLZ5ikEpPYjaXt,1720,1726,10-01 20:22,10-01 20:52,,6
did:key:z6MkinUjaoW3hfvvwzC3MuAiMgNVtNooDrHLZ5ikEpPYjaXt,1737,1743,10-01 21:47,10-01 22:17,,6
did:key:z6MkinUjaoW3hfvvwzC3MuAiMgNVtNooDrHLZ5ikEpPYjaXt,1745,1748,10-01 22:27,10-01 22:42,,3
did:key:z6MkinUjaoW3hfvvwzC3MuAiMgNVtNooDrHLZ5ikEpPYjaXt,1754,1758,10-01 23:12,10-01 23:32,,4
did:key:z6MkinUjaoW3hfvvwzC3MuAiMgNVtNooDrHLZ5ikEpPYjaXt,1763,1769,10-01 23:57,10-02 00:27,-45.44,6
did:key:z6MkinUjaoW3hfvvwzC3MuAiMgNVtNooDrHLZ5ikEpPYjaXt,1771,1781,10-02 00:37,10-02 01:27,-45.73,10
did:key:z6MkinyW9NDAnXNV2kSVdveFGEUYLML4FqrpWfo4evLFXmRd,1683,1688,10-01 17:17,10-01 17:42,,5
did:key:z6MkinyW9NDAnXNV2kSVdveFGEUYLML4FqrpWfo4evLFXmRd,1723,1724,10-01 20:37,10-01 20:42,,1
did:key:z6MkinyW9NDAnXNV2kSVdveFGEUYLML4FqrpWfo4evLFXmRd,1737,1743,10-01 21:47,10-01 22:17,,6
did:key:z6MkinyW9NDAnXNV2kSVdveFGEUYLML4FqrpWfo4evLFXmRd,1745,1748,10-01 22:27,10-01 22:42,,3
did:key:z6MkinyW9NDAnXNV2kSVdveFGEUYLML4FqrpWfo4evLFXmRd,1754,1758,10-01 23:12,10-01 23:32,,4
did:key:z6MkinyW9NDAnXNV2kSVdveFGEUYLML4FqrpWfo4evLFXmRd,1763,1768,10-01 23:57,10-02 00:22,,5
did:key:z6MkinyW9NDAnXNV2kSVdveFGEUYLML4FqrpWfo4evLFXmRd,1772,1779,10-02 00:42,10-02 01:17,-45.7,7
did:key:z6MkioWGZRzYjPmZJmK4Usvq33yWjXatSx2kviWNFKhSEbuY,1685,1688,10-01 17:27,10-01 17:42,,3
did:key:z6MkioWGZRzYjPmZJmK4Usvq33yWjXatSx2kviWNFKhSEbuY,1738,1742,10-01 21:52,10-01 22:12,,4
did:key:z6MkioWGZRzYjPmZJmK4Usvq33yWjXatSx2kviWNFKhSEbuY,1745,1748,10-01 22:27,10-01 22:42,,3
did:key:z6MkioWGZRzYjPmZJmK4Usvq33yWjXatSx2kviWNFKhSEbuY,1754,1758,10-01 23:12,10-01 23:32,,4
did:key:z6MkioWGZRzYjPmZJmK4Usvq33yWjXatSx2kviWNFKhSEbuY,1763,1768,10-01 23:57,10-02 00:22,,5
did:key:z6MkioWGZRzYjPmZJmK4Usvq33yWjXatSx2kviWNFKhSEbuY,1774,1778,10-02 00:52,10-02 01:12,,4
did:key:z6MkgkQMBnQny28sKKz7kXA24dJWPnbQrJEo6f8zENxAwqoE,1769,1773,10-02 00:27,10-02 00:47,47.26,4
did:key:z6MkgkQMBnQny28sKKz7kXA24dJWPnbQrJEo6f8zENxAwqoE,1779,1783,10-02 01:17,10-02 01:37,47.26,4
did:key:z6MkgkQMBnQny28sKKz7kXA24dJWPnbQrJEo6f8zENxAwqoE,1784,1809,10-02 01:42,10-02 03:47,-45.62,25
did:key:z6MkgkQMBnQny28sKKz7kXA24dJWPnbQrJEo6f8zENxAwqoE,1810,1969,10-02 03:52,10-02 17:07,-45.8,159
did:key:z6MkimEy9Fu1kESY894JUbcWrupp9ZgaJ2WEr4BoEhPemaFk,1970,2016,10-02 17:12,10-02 21:02,46.72,46
did:key:z6MkimEy9Fu1kESY894JUbcWrupp9ZgaJ2WEr4BoEhPemaFk,2017,2057,10-02 21:07,10-03 00:28,46.47,40
did:key:z6MkimEy9Fu1kESY894JUbcWrupp9ZgaJ2WEr4BoEhPemaFk,2060,2073,10-03 00:43,10-03 01:47,46.45,13
did:key:z6MkimEy9Fu1kESY894JUbcWrupp9ZgaJ2WEr4BoEhPemaFk,2075,2078,10-03 01:58,10-03 02:12,,3
did:key:z6MkimEy9Fu1kESY894JUbcWrupp9ZgaJ2WEr4BoEhPemaFk,2081,2082,10-03 02:28,10-03 02:33,,1
did:key:z6MkimMKmJ7LC7D5PQijJmDCdroyLqFCNmUCVE93Gv2jt8Pb,1970,2016,10-02 17:12,10-02 21:02,46.72,46
did:key:z6MkimMKmJ7LC7D5PQijJmDCdroyLqFCNmUCVE93Gv2jt8Pb,2017,2023,10-02 21:07,10-02 21:37,,6
did:key:z6MkimMKmJ7LC7D5PQijJmDCdroyLqFCNmUCVE93Gv2jt8Pb,2025,2028,10-02 21:47,10-02 22:02,,3
did:key:z6MkimMKmJ7LC7D5PQijJmDCdroyLqFCNmUCVE93Gv2jt8Pb,2032,2035,10-02 22:22,10-02 22:38,,3
did:key:z6MkimMKmJ7LC7D5PQijJmDCdroyLqFCNmUCVE93Gv2jt8Pb,2051,2066,10-02 23:58,10-03 01:13,-45.34,15
did:key:z6MkimMKmJ7LC7D5PQijJmDCdroyLqFCNmUCVE93Gv2jt8Pb,2068,2167,10-03 01:23,10-03 09:35,-45.21,99
did:key:z6MkimvUxta2rgWMMH6VvfaLiir5aqvqnQKv92VZvkK5m3Ai,1971,1973,10-02 17:17,10-02 17:27,,2
did:key:z6Mkwf2KTVcAFnpMusB7RcYLri8ZfCiwyYM7CkhWX1CaHiSv,1974,2006,10-02 17:32,10-02 20:12,46.54,32
did:key:z6Mkwf2KTVcAFnpMusB7RcYLri8ZfCiwyYM7CkhWX1CaHiSv,2013,2014,10-02 20:47,10-02 20:52,,1
did:key:z6Mkwf2KTVcAFnpMusB7RcYLri8ZfCiwyYM7CkhWX1CaHiSv,2054,2062,10-03 00:13,10-03 00:53,,8
did:key:z6Mkwf2KTVcAFnpMusB7RcYLri8ZfCiwyYM7CkhWX1CaHiSv,2064,2065,10-03 01:03,10-03 01:08,,1
did:key:z6Mkwf2KTVcAFnpMusB7RcYLri8ZfCiwyYM7CkhWX1CaHiSv,2074,2075,10-03 01:53,10-03 01:58,,1
did:key:z6Mkwf2KTVcAFnpMusB7RcYLri8ZfCiwyYM7CkhWX1CaHiSv,2077,2081,10-03 02:08,10-03 02:28,,4
did:key:z6Mkwf2KTVcAFnpMusB7RcYLri8ZfCiwyYM7CkhWX1CaHiSv,2083,2167,10-03 02:37,10-03 09:35,-45.04,84
did:key:z6MkgRrvGrVvM7qb6nzaGpJL4ySWELTqNFALdxMCjaMMSi7X,1974,1976,10-02 17:32,10-02 17:42,47.0,2
did:key:z6MkgRrvGrVvM7qb6nzaGpJL4ySWELTqNFALdxMCjaMMSi7X,1978,1997,10-02 17:52,10-02 19:27,47.0,19
did:key:z6MkgRrvGrVvM7qb6nzaGpJL4ySWELTqNFALdxMCjaMMSi7X,1999,2055,10-02 19:37,10-03 00:18,47.0,56
did:key:z6MkgRrvGrVvM7qb6nzaGpJL4ySWELTqNFALdxMCjaMMSi7X,2061,2064,10-03 00:48,10-03 01:03,47.0,3
did:key:z6MkgRrvGrVvM7qb6nzaGpJL4ySWELTqNFALdxMCjaMMSi7X,2066,2073,10-03 01:13,10-03 01:47,47.0,7
did:key:z6MkgRrvGrVvM7qb6nzaGpJL4ySWELTqNFALdxMCjaMMSi7X,2076,2077,10-03 02:03,10-03 02:08,47.0,1
did:key:z6MkuWHCH1EeNqjTFmpnMgwpXApQqzcoMjLBSPoUxDMMDkRR,1982,1997,10-02 18:12,10-02 19:27,45.97,15
did:key:z6MkuWHCH1EeNqjTFmpnMgwpXApQqzcoMjLBSPoUxDMMDkRR,1998,2055,10-02 19:32,10-03 00:18,46.39,57
did:key:z6MkuWHCH1EeNqjTFmpnMgwpXApQqzcoMjLBSPoUxDMMDkRR,2061,2064,10-03 00:48,10-03 01:03,,3
did:key:z6MkuWHCH1EeNqjTFmpnMgwpXApQqzcoMjLBSPoUxDMMDkRR,2066,2073,10-03 01:13,10-03 01:47,,7
did:key:z6MkpCJ1qGnEPpCNonhpYx7wGSN2ddHNhoxpHBK4PJLBc3Ks,2004,2005,10-02 20:02,10-02 20:07,,1
did:key:z6MkpCJ1qGnEPpCNonhpYx7wGSN2ddHNhoxpHBK4PJLBc3Ks,2007,2028,10-02 20:17,10-02 22:02,46.27,21
did:key:z6MkpCJ1qGnEPpCNonhpYx7wGSN2ddHNhoxpHBK4PJLBc3Ks,2031,2037,10-02 22:18,10-02 22:47,45.43,6
did:key:z6MkpCJ1qGnEPpCNonhpYx7wGSN2ddHNhoxpHBK4PJLBc3Ks,2038,2043,10-02 22:52,10-02 23:18,,5
did:key:z6MkpCJ1qGnEPpCNonhpYx7wGSN2ddHNhoxpHBK4PJLBc3Ks,2043,2047,10-02 23:18,10-02 23:37,,4
did:key:z6MkpCJ1qGnEPpCNonhpYx7wGSN2ddHNhoxpHBK4PJLBc3Ks,2047,2053,10-02 23:37,10-03 00:08,,6
did:key:z6MkpCJ1qGnEPpCNonhpYx7wGSN2ddHNhoxpHBK4PJLBc3Ks,2066,2073,10-03 01:13,10-03 01:47,,7
did:key:z6Mkv165fYSGea9fSh5TnTbEwB8DchPzuvq531VPGJGX1fy4,2007,2013,10-02 20:17,10-02 20:47,,6
did:key:z6Mkv165fYSGea9fSh5TnTbEwB8DchPzuvq531VPGJGX1fy4,2015,2028,10-02 20:57,10-02 22:02,46.06,13
did:key:z6Mkv165fYSGea9fSh5TnTbEwB8DchPzuvq531VPGJGX1fy4,2031,2037,10-02 22:18,10-02 22:47,45.42,6
did:key:z6Mkv165fYSGea9fSh5TnTbEwB8DchPzuvq531VPGJGX1fy4,2038,2038,10-02 22:52,10-02 22:52,,0
did:key:z6Mkv165fYSGea9fSh5TnTbEwB8DchPzuvq531VPGJGX1fy4,2040,2045,10-02 23:03,10-02 23:27,,5
did:key:z6Mkv165fYSGea9fSh5TnTbEwB8DchPzuvq531VPGJGX1fy4,2045,2053,10-02 23:27,10-03 00:08,41.77,8
did:key:z6Mkv165fYSGea9fSh5TnTbEwB8DchPzuvq531VPGJGX1fy4,2067,2073,10-03 01:18,10-03 01:47,,6
did:key:z6MkqjVq7HKMrkYQi4Wn6n96Yesbbaca1ACXsqfqiDM39mJ2,2029,2030,10-02 22:07,10-02 22:12,,1
did:key:z6Mkw8HuAX84pVtptarfWgGB1XtGiBkXSPoCgAMoXWsjCCC9,2053,2066,10-03 00:08,10-03 01:13,-45.43,13
did:key:z6Mkw8HuAX84pVtptarfWgGB1XtGiBkXSPoCgAMoXWsjCCC9,2068,2167,10-03 01:23,10-03 09:35,-45.28,99
did:key:z6MkwepVsT85tx3DmVAGTqHaQkxRD9wLsQuv4uDP8TrmkQvE,2054,2066,10-03 00:13,10-03 01:13,-44.27,12
did:key:z6MkwepVsT85tx3DmVAGTqHaQkxRD9wLsQuv4uDP8TrmkQvE,2074,2075,10-03 01:53,10-03 01:58,,1
did:key:z6MkwepVsT85tx3DmVAGTqHaQkxRD9wLsQuv4uDP8TrmkQvE,2077,2167,10-03 02:08,10-03 09:35,-44.34,90
did:key:z6Mkei8LVrYh4McECgrGS3XuJ8vGkPtFeibDPAXYCbgdceep,2054,2062,10-03 00:13,10-03 00:53,,8
did:key:z6Mkei8LVrYh4McECgrGS3XuJ8vGkPtFeibDPAXYCbgdceep,2064,2065,10-03 01:03,10-03 01:08,,1
did:key:z6Mkei8LVrYh4McECgrGS3XuJ8vGkPtFeibDPAXYCbgdceep,2074,2075,10-03 01:53,10-03 01:58,,1
did:key:z6Mkei8LVrYh4McECgrGS3XuJ8vGkPtFeibDPAXYCbgdceep,2077,2081,10-03 02:08,10-03 02:28,,4
did:key:z6Mkei8LVrYh4McECgrGS3XuJ8vGkPtFeibDPAXYCbgdceep,2083,2167,10-03 02:37,10-03 09:35,-44.47,84
did:key:z6MkimH78G5jbHFxe6UALDfFLWLNCjgSrzr97sHJgKt7CqtX,2055,2060,10-03 00:18,10-03 00:43,,5
did:key:z6MkimH78G5jbHFxe6UALDfFLWLNCjgSrzr97sHJgKt7CqtX,2074,2075,10-03 01:53,10-03 01:58,,1
did:key:z6MkimH78G5jbHFxe6UALDfFLWLNCjgSrzr97sHJgKt7CqtX,2077,2081,10-03 02:08,10-03 02:28,,4
did:key:z6MkimH78G5jbHFxe6UALDfFLWLNCjgSrzr97sHJgKt7CqtX,2083,2091,10-03 02:37,10-03 03:15,,8
did:key:z6MkimH78G5jbHFxe6UALDfFLWLNCjgSrzr97sHJgKt7CqtX,2093,2108,10-03 03:25,10-03 04:40,-44.44,15
did:key:z6MkimH78G5jbHFxe6UALDfFLWLNCjgSrzr97sHJgKt7CqtX,2109,2167,10-03 04:45,10-03 09:35,-43.96,58
did:key:z6MkmC38jBtvyvajAMmYX3ZnxVcsKEHHT8HezN3AaxCMpLjz,2056,2060,10-03 00:23,10-03 00:43,,4
did:key:z6MkmC38jBtvyvajAMmYX3ZnxVcsKEHHT8HezN3AaxCMpLjz,2074,2075,10-03 01:53,10-03 01:58,,1
did:key:z6MkmC38jBtvyvajAMmYX3ZnxVcsKEHHT8HezN3AaxCMpLjz,2078,2081,10-03 02:12,10-03 02:28,,3
did:key:z6MkmC38jBtvyvajAMmYX3ZnxVcsKEHHT8HezN3AaxCMpLjz,2083,2091,10-03 02:37,10-03 03:15,,8
did:key:z6MkmC38jBtvyvajAMmYX3ZnxVcsKEHHT8HezN3AaxCMpLjz,2093,2103,10-03 03:25,10-03 04:15,-44.09,10
did:key:z6MkmC38jBtvyvajAMmYX3ZnxVcsKEHHT8HezN3AaxCMpLjz,2104,2104,10-03 04:20,10-03 04:20,,0
did:key:z6MkmC38jBtvyvajAMmYX3ZnxVcsKEHHT8HezN3AaxCMpLjz,2110,2113,10-03 04:50,10-03 05:05,,3
did:key:z6MkmC38jBtvyvajAMmYX3ZnxVcsKEHHT8HezN3AaxCMpLjz,2119,2125,10-03 05:35,10-03 06:05,,6
did:key:z6MkmC38jBtvyvajAMmYX3ZnxVcsKEHHT8HezN3AaxCMpLjz,2125,2167,10-03 06:05,10-03 09:35,-44.5,42
did:key:z6Mkk1oQxNvYyH3NBj3FoafSHreSX22AeExoHK4hLQPHocfW,2058,2059,10-03 00:33,10-03 00:38,,1
did:key:z6Mkk1oQxNvYyH3NBj3FoafSHreSX22AeExoHK4hLQPHocfW,2079,2080,10-03 02:18,10-03 02:23,,1
did:key:z6Mkk1oQxNvYyH3NBj3FoafSHreSX22AeExoHK4hLQPHocfW,2083,2084,10-03 02:37,10-03 02:42,,1
did:key:z6Mkk1oQxNvYyH3NBj3FoafSHreSX22AeExoHK4hLQPHocfW,2086,2087,10-03 03:09,10-03 03:10,,1
did:key:z6Mkk1oQxNvYyH3NBj3FoafSHreSX22AeExoHK4hLQPHocfW,2097,2100,10-03 03:45,10-03 04:00,,3
did:key:z6Mkk1oQxNvYyH3NBj3FoafSHreSX22AeExoHK4hLQPHocfW,2102,2107,10-03 04:11,10-03 04:35,,5
did:key:z6Mkk1oQxNvYyH3NBj3FoafSHreSX22AeExoHK4hLQPHocfW,2109,2112,10-03 04:45,10-03 05:02,,3
did:key:z6Mkk1oQxNvYyH3NBj3FoafSHreSX22AeExoHK4hLQPHocfW,2114,2115,10-03 05:10,10-03 05:15,,1
did:key:z6Mkk1oQxNvYyH3NBj3FoafSHreSX22AeExoHK4hLQPHocfW,2117,2123,10-03 05:25,10-03 05:55,-45.35,6
did:key:z6Mkk1oQxNvYyH3NBj3FoafSHreSX22AeExoHK4hLQPHocfW,2124,2125,10-03 06:00,10-03 06:05,,1
did:key:z6Mkk1oQxNvYyH3NBj3FoafSHreSX22AeExoHK4hLQPHocfW,2127,2161,10-03 06:15,10-03 09:05,-44.58,34
did:key:z6Mkk1oQxNvYyH3NBj3FoafSHreSX22AeExoHK4hLQPHocfW,2163,2167,10-03 09:15,10-03 09:35,,4
did:key:z6MkjAiBQHuRoLFQKYon8hQwczstqcNGR7q13L6LvDow81rP,2105,2106,10-03 04:25,10-03 04:30,,1
did:key:z6MkwcWFkKtegRt82L3kbBYVnJquN4pajJz5CDfzhAMpA5aU,2105,2106,10-03 04:25,10-03 04:30,,1
